temperature,humidity,soil_moisture,rain_detection,water_level,motor_status
23.0,70.0,27.0,0,43,1
39.0,87.0,34.0,0,41,0
34.0,86.0,12.0,0,38,1
39.0,89.0,23.0,0,21,0
21.0,75.0,28.0,0,26,0
28.0,87.0,11.0,1,75,0
23.0,53.0,50.0,0,58,0
34.0,66.0,60.0,0,51,0
35.0,83.0,49.0,0,78,0
22.0,48.0,44.0,0,30,0
29.0,73.0,55.0,0,62,0
38.0,91.0,26.0,0,20,0
20.0,76.0,36.0,0,52,0
27.0,57.0,64.0,0,58,0
29.0,51.0,39.0,0,28,0
25.0,90.0,45.0,1,89,0
28.0,72.0,59.0,0,70,0
35.0,58.0,39.0,0,35,0
33.0,43.0,34.0,0,32,0
40.0,94.0,21.0,0,21,0
32.0,93.0,45.0,0,53,0
23.0,53.0,48.0,0,75,0
35.0,47.0,10.0,0,31,1
38.0,71.0,40.0,0,48,0
23.0,55.0,31.0,0,31,0
24.0,66.0,10.0,0,40,1
21.0,66.0,40.0,0,43,0
24.0,49.0,59.0,0,70,0
38.0,57.0,58.0,0,69,0
35.0,50.0,19.0,0,53,1
23.0,91.0,64.0,1,95,0
38.0,78.0,51.0,0,78,0
36.0,72.0,60.0,0,77,0
33.0,45.0,51.0,0,57,0
31.0,82.0,60.0,0,67,0
22.0,76.0,31.0,0,49,0
39.0,62.0,35.0,0,23,0
33.0,79.0,26.0,0,47,1
27.0,89.0,36.0,1,82,0
25.0,63.0,27.0,0,42,1
36.0,81.0,70.0,0,53,0
34.0,70.0,56.0,0,57,0
25.0,82.0,25.0,1,81,0
31.0,60.0,39.0,0,49,0
38.0,54.0,69.0,0,51,0
38.0,45.0,55.0,0,69,0
28.0,87.0,60.0,1,87,0
35.0,59.0,47.0,0,72,0
37.0,43.0,26.0,0,44,1
32.0,89.0,25.0,0,41,1
38.0,81.0,27.0,0,49,1
34.0,69.0,60.0,0,75,0
23.0,75.0,63.0,0,75,0
33.0,83.0,42.0,0,39,0
35.0,82.0,46.0,0,53,0
21.0,89.0,50.0,1,87,0
30.0,53.0,12.0,0,38,1
27.0,42.0,63.0,0,71,0
38.0,55.0,49.0,0,77,0
23.0,65.0,43.0,0,27,0
34.0,92.0,33.0,0,45,0
34.0,57.0,44.0,0,49,0
37.0,65.0,29.0,0,46,1
23.0,69.0,42.0,0,23,0
32.0,54.0,69.0,0,72,0
29.0,50.0,40.0,0,31,0
34.0,74.0,57.0,0,79,0
38.0,41.0,18.0,0,37,1
27.0,83.0,49.0,0,69,0
36.0,93.0,63.0,0,59,0
28.0,73.0,62.0,0,61,0
33.0,91.0,12.0,0,22,0
20.0,45.0,50.0,0,64,0
35.0,93.0,57.0,0,62,0
39.0,77.0,63.0,0,74,0
34.0,70.0,68.0,0,58,0
33.83,79.29,27.35,0,35,1
38.0,61.0,66.0,0,72,0
27.0,66.0,24.0,0,32,0
29.0,58.0,14.0,0,45,1
29.0,57.0,13.0,0,41,1
38.0,84.0,22.0,0,23,0
28.0,90.0,57.0,1,82,0
38.0,57.0,67.0,0,61,0
36.0,68.0,22.0,0,36,1
37.0,87.0,42.0,0,42,0
24.0,57.0,57.0,0,75,0
32.0,57.0,11.0,0,48,1
32.0,66.0,58.0,0,66,0
30.0,82.0,41.0,1,76,0
28.0,42.0,38.0,0,37,0
38.0,55.0,40.0,0,22,0
20.0,72.0,29.0,0,23,0
31.0,73.0,19.0,0,24,0
29.0,90.0,26.0,1,74,0
35.0,42.0,10.0,0,28,0
36.0,40.0,47.0,0,68,0
24.0,94.0,38.0,1,93,0
33.0,67.0,67.0,0,73,0
36.0,68.0,22.0,0,40,1
38.0,43.0,32.0,0,47,0
37.0,65.0,53.0,0,51,0
21.0,79.0,29.0,0,21,0
24.0,87.0,34.0,1,78,0
36.0,87.0,68.0,0,76,0
36.0,51.0,34.0,0,43,0
36.0,94.0,42.0,0,37,0
20.0,47.0,21.0,0,38,1
39.0,47.0,41.0,0,40,0
32.0,78.0,14.0,0,45,1
20.0,88.0,41.0,1,91,0
26.0,85.0,55.0,1,78,0
36.0,60.0,44.0,0,45,0
21.46,42.11,33.85,0,20,0
32.0,84.0,10.0,0,43,1
29.0,42.0,45.0,0,55,0
33.0,88.0,66.0,0,76,0
30.0,45.0,27.0,0,40,1
27.0,40.0,41.0,0,45,0
20.0,62.0,19.0,0,29,0
20.0,49.0,43.0,0,27,0
31.0,56.0,42.0,0,34,0
37.0,43.0,17.0,0,43,1
37.0,50.0,24.0,0,51,1
35.0,94.0,64.0,0,76,0
36.0,56.0,52.0,0,51,0
26.0,91.0,15.0,1,90,0
29.0,73.0,69.0,0,58,0
35.0,55.0,27.0,0,27,0
22.0,63.0,26.0,0,24,0
30.0,60.0,39.0,0,40,0
21.0,59.0,24.0,0,39,1
35.0,91.0,25.0,0,25,0
23.0,67.0,17.0,0,21,0
30.0,62.0,58.0,0,53,0
21.0,81.0,66.0,0,55,0
30.0,87.0,11.0,1,81,0
39.0,89.0,52.0,0,78,0
24.0,74.0,53.0,0,57,0
31.0,58.0,34.0,0,24,0
20.0,54.0,45.0,0,62,0
30.0,65.0,26.0,0,43,1
23.0,76.0,26.0,0,45,1
23.0,71.0,67.0,0,73,0
35.0,71.0,65.0,0,68,0
23.0,92.0,42.0,1,81,0
31.0,75.0,68.0,0,52,0
24.0,72.0,17.0,0,40,1
22.0,67.0,15.0,0,31,1
22.0,58.0,54.0,0,61,0
39.0,92.0,39.0,0,54,0
40.0,93.0,30.0,0,27,1
35.0,77.0,33.0,0,22,0
35.0,85.0,21.0,0,29,0
39.0,54.0,56.0,0,78,0
22.0,61.0,36.0,0,38,0
20.0,94.0,12.0,1,98,0
33.0,89.0,67.0,0,58,0
21.0,80.0,57.0,1,94,0
33.0,71.0,60.0,0,78,0
29.0,94.0,35.0,1,72,0
26.0,56.0,48.0,0,53,0
23.0,53.0,62.0,0,59,0
37.0,49.0,16.0,0,47,1
35.0,59.0,46.0,0,52,0
38.0,93.0,21.0,0,22,0
39.0,76.0,40.0,0,29,0
22.0,62.0,51.0,0,50,0
34.0,44.0,22.0,0,31,0
24.0,58.0,31.0,0,46,0
30.0,71.0,42.0,0,47,0
21.0,63.0,42.0,0,46,0
25.0,93.0,64.0,1,77,0
25.0,63.0,60.0,0,59,0
34.0,82.0,38.0,0,23,0
24.0,65.0,18.0,0,47,1
33.0,45.0,47.0,0,51,0
32.0,63.0,53.0,0,74,0
28.0,91.0,45.0,1,91,0
36.0,80.0,39.0,1,95,0
34.0,86.0,56.0,0,65,0
27.0,80.0,15.0,1,74,0
36.0,60.0,19.0,0,24,0
37.0,59.0,49.0,0,52,0
22.0,59.0,55.0,0,64,0
28.0,84.0,42.0,0,43,0
28.0,78.0,35.0,0,21,0
28.0,88.0,50.0,1,77,0
24.0,71.0,60.0,0,70,0
35.0,85.0,21.0,0,36,1
23.0,61.0,33.0,0,29,0
36.0,91.0,42.0,0,41,0
31.0,40.0,62.0,0,66,0
31.79,69.69,44.98,0,26,0
30.0,50.0,57.0,0,64,0
32.0,61.0,41.0,0,24,0
33.0,66.0,57.0,0,57,0
22.0,90.0,27.0,1,89,0
31.0,89.0,13.0,0,41,1
32.0,45.0,39.0,0,34,0
36.0,87.0,56.0,0,72,0
24.0,88.0,31.0,1,95,1
33.0,65.0,37.0,0,42,0
27.0,40.0,46.0,0,71,0
24.0,91.0,57.0,1,95,0
31.0,94.0,26.0,0,34,1
39.0,46.0,65.0,0,65,0
20.0,91.0,30.0,1,92,0
25.0,45.0,54.0,0,56,0
39.0,94.0,60.0,0,66,0
28.0,62.0,16.0,0,43,1
26.0,45.0,59.0,0,68,0
40.0,41.0,19.0,0,41,1
34.0,70.0,24.0,0,47,1
37.0,84.0,14.0,0,52,1
34.0,43.0,64.0,0,51,0
30.0,86.0,66.0,1,99,0
27.0,60.0,65.0,0,55,0
40.0,74.0,39.0,0,31,0
29.0,76.0,58.0,0,71,0
39.0,49.0,38.0,0,53,0
27.0,56.0,24.0,0,34,0
38.0,48.0,70.0,0,69,0
33.0,89.0,24.0,0,29,0
27.0,48.0,37.0,0,34,0
33.0,47.0,18.0,0,44,1
33.0,92.0,39.0,0,46,0
34.0,59.0,69.0,0,67,0
39.0,87.0,29.0,0,32,1
25.0,78.0,65.0,1,98,0
34.0,46.0,67.0,0,66,0
23.83,87.9,14.35,1,72,0
26.0,91.0,32.0,1,99,0
28.0,43.0,26.0,0,36,1
28.0,64.0,23.0,0,22,0
27.0,78.0,35.0,0,22,0
33.0,63.0,11.0,0,32,1
24.0,94.0,49.0,1,88,0
31.0,62.0,41.0,0,30,0
37.0,53.0,67.0,0,50,0
32.0,82.0,38.0,0,52,0
37.0,91.0,16.0,0,22,0
31.0,84.0,68.0,0,78,0
33.0,91.0,63.0,0,65,0
37.0,58.0,12.0,0,28,0
24.0,80.0,58.0,1,82,0
24.0,93.0,25.0,1,87,0
35.0,73.0,49.0,0,60,0
32.0,81.0,56.0,0,76,0
23.0,90.0,35.0,1,98,0
25.0,55.0,11.0,0,50,1
21.76,42.33,38.86,0,32,0
35.0,47.0,10.0,0,45,1
29.0,49.0,39.0,0,37,0
38.0,43.0,52.0,0,54,0
36.0,84.0,20.0,0,41,1
27.0,77.0,13.0,0,31,1
32.0,44.0,38.0,0,41,0
36.0,84.0,22.0,0,26,0
26.0,60.0,27.0,0,22,0
28.0,48.0,13.0,0,22,0
21.0,71.0,24.0,0,36,1
39.0,40.0,49.0,0,66,0
23.0,54.0,33.0,0,44,0
23.0,49.0,34.0,0,22,0
34.0,90.0,32.0,0,43,0
25.0,68.0,24.0,0,42,1
23.0,78.0,19.0,0,44,1
21.76,81.72,20.84,1,85,0
36.0,82.0,45.0,0,75,0
26.0,72.0,14.0,0,36,1
38.0,40.0,36.0,0,22,0
30.0,54.0,43.0,0,32,0
29.0,62.0,46.0,0,58,0
28.0,73.0,48.0,0,58,0
24.0,47.0,43.0,0,31,0
25.0,82.0,58.0,0,66,0
25.0,44.0,32.0,0,47,0
37.0,58.0,56.0,0,55,0
33.0,92.0,49.0,0,57,0
31.0,74.0,58.0,0,70,0
30.0,71.0,44.0,0,32,0
30.0,86.0,44.0,1,88,0
31.0,54.0,37.0,0,50,0
23.0,72.0,24.0,0,22,0
36.0,51.0,35.0,0,52,0
34.0,77.0,22.0,0,48,1
28.0,59.0,10.0,0,41,1
34.0,44.0,69.0,0,73,0
25.0,47.0,63.0,0,54,0
30.0,64.0,31.0,0,47,0
24.0,57.0,64.0,0,79,0
22.0,67.0,26.0,0,50,1
28.76,45.97,24.6,0,47,1
26.0,47.0,60.0,0,67,0
36.0,64.0,59.0,0,61,0
38.0,77.0,48.0,0,50,0
22.0,50.0,62.0,0,63,0
34.19,55.56,20.91,0,31,1
25.0,61.0,68.0,0,65,0
28.0,91.0,21.0,1,79,0
25.34,81.49,31.46,1,86,0
20.0,70.0,39.0,0,37,0
38.0,72.0,10.0,0,32,1
26.0,54.0,62.0,0,55,0
36.0,62.0,33.0,0,38,0
24.0,74.0,45.0,0,50,0
22.0,91.0,14.0,1,97,0
37.0,81.0,16.0,0,27,0
36.0,61.0,57.0,0,54,0
28.0,47.0,69.0,0,64,0
31.0,53.0,55.0,0,57,0
40.0,74.0,64.0,0,53,0
35.0,93.0,60.0,0,58,0
32.0,86.0,57.0,0,65,0
33.0,95.0,42.0,0,48,0
38.0,62.0,38.0,0,49,0
33.0,80.0,45.0,0,60,0
22.0,72.0,30.0,0,50,0
28.0,85.0,31.0,1,83,1
25.0,51.0,54.0,0,66,0
29.0,51.0,69.0,0,62,0
20.0,75.0,54.0,0,72,0
26.0,85.0,56.0,1,89,0
36.0,71.0,25.0,0,35,0
28.0,51.0,14.0,0,47,1
20.0,62.0,32.0,0,45,0
32.0,83.0,10.0,1,98,0
38.0,52.0,56.0,0,72,0
20.0,41.0,13.0,0,33,1
31.0,50.0,46.0,0,74,0
26.0,74.0,27.0,0,46,1
30.0,41.0,58.0,0,58,0
37.0,85.0,14.0,0,25,0
28.0,86.0,23.0,1,93,0
26.0,48.0,63.0,0,71,0
36.0,91.0,33.0,0,43,0
27.0,72.0,11.0,0,49,1
27.0,86.0,51.0,1,75,0
26.0,56.0,59.0,0,71,0
31.0,47.0,33.0,0,30,0
21.0,48.0,65.0,0,68,0
29.0,85.0,40.0,1,71,0
20.0,87.0,48.0,1,77,0
25.0,57.0,54.0,0,56,0
29.0,55.0,21.0,0,20,0
32.0,94.0,26.0,0,28,0
39.0,65.0,52.0,0,71,0
20.0,55.0,63.0,0,55,0
26.0,88.0,12.0,1,94,0
32.0,72.0,14.0,0,33,0
31.0,54.0,45.0,0,77,0
35.0,42.0,54.0,0,52,0
22.0,81.0,36.0,1,86,0
35.0,91.0,66.0,0,68,0
38.0,64.0,67.0,0,79,0
34.0,64.0,45.0,0,60,0
34.0,73.0,15.0,0,36,1
38.0,61.0,43.0,0,36,0
22.23,66.44,21.59,0,21,0
32.0,90.0,67.0,0,68,0
25.0,48.0,15.0,0,28,0
38.0,67.0,69.0,0,60,0
40.0,40.0,24.0,0,23,0
38.0,69.0,16.0,0,29,0
39.0,40.0,22.0,0,20,0
40.0,47.0,57.0,0,67,0
40.0,68.0,32.0,0,40,1
32.0,82.0,26.0,0,48,1
23.0,94.0,34.0,1,85,0
30.0,80.0,50.0,1,74,0
25.0,76.0,40.0,0,53,0
27.0,41.0,45.0,0,63,0
26.0,48.0,15.0,0,38,1
31.86,41.05,16.25,0,42,1
27.0,42.0,37.0,0,48,0
20.0,81.0,30.0,0,34,1
27.0,82.0,18.0,1,84,0
39.0,88.0,61.0,0,71,0
30.0,78.0,50.0,0,53,0
23.0,47.0,18.0,0,51,1
38.0,46.0,66.0,0,52,0
28.0,90.0,29.0,1,77,0
21.0,61.0,12.0,0,31,1
31.0,61.0,26.0,0,29,0
23.0,70.0,27.0,0,35,0
39.0,54.0,51.0,0,73,0
35.0,65.0,57.0,0,74,0
24.0,81.0,26.0,1,74,0
21.0,50.0,59.0,0,78,0
34.0,64.0,53.0,0,72,0
31.0,83.0,37.0,0,53,0
28.0,49.0,19.0,0,35,1
36.0,61.0,39.0,0,49,0
32.0,84.0,42.0,1,93,0
31.0,48.0,46.0,0,59,0
23.0,70.0,11.0,0,35,0
34.0,69.0,35.0,0,38,0
21.0,57.0,63.0,0,56,0
36.0,49.0,44.0,0,39,0
26.0,73.0,57.0,0,61,0
32.0,40.0,69.0,0,73,0
26.0,66.0,34.0,0,34,0
25.0,42.0,11.0,0,24,0
24.0,89.0,30.0,1,95,0
39.0,54.0,40.0,0,26,0
25.0,57.0,23.0,0,38,1
27.0,75.0,67.0,0,65,0
29.0,59.0,59.0,0,53,0
35.0,44.0,66.0,0,69,0
27.0,42.0,32.0,0,26,1
21.0,67.0,46.0,0,56,0
27.0,67.0,45.0,0,75,0
38.0,87.0,69.0,0,60,0
26.0,54.0,70.0,0,50,0
37.0,89.0,11.0,0,33,0
32.0,87.0,63.0,0,51,0
24.0,90.0,61.0,1,73,0
25.0,74.0,60.0,0,53,0
33.0,57.0,31.0,0,28,1
22.0,53.0,69.0,0,62,0
33.0,88.0,38.0,0,23,0
34.0,88.0,51.0,0,55,0
28.0,78.0,35.0,0,42,0
28.0,85.0,28.0,1,81,1
22.0,66.0,63.0,0,66,0
20.0,55.0,20.0,0,39,1
39.0,74.0,19.0,0,21,0
29.0,86.0,48.0,1,81,0
40.0,43.0,58.0,0,65,0
27.0,88.0,30.0,1,94,0
27.0,44.0,15.0,0,42,1
26.0,72.0,10.0,0,44,1
27.0,62.0,65.0,0,55,0
20.0,55.0,38.0,0,42,0
29.0,48.0,68.0,0,77,0
38.0,61.0,14.0,0,21,0
20.0,46.0,65.0,0,58,0
24.0,73.0,31.0,0,26,0
21.0,78.0,12.0,1,88,0
22.0,88.0,46.0,1,91,0
21.0,69.0,12.0,0,40,1
38.0,47.0,43.0,0,23,0
38.0,77.0,36.0,0,32,0
30.0,40.0,60.0,0,70,0
40.0,47.0,47.0,0,57,0
20.0,60.0,44.0,0,53,0
38.0,47.0,57.0,0,62,0
20.0,67.0,10.0,0,42,1
21.0,87.0,53.0,1,78,0
31.0,63.0,14.0,0,39,1
37.0,91.0,38.0,0,44,0
25.0,40.0,17.0,0,20,0
22.0,54.0,10.0,0,45,1
35.0,53.0,19.0,0,26,0
30.0,76.0,24.0,0,47,1
30.0,46.0,50.0,0,50,0
26.0,77.0,37.0,0,24,0
28.0,47.0,61.0,0,62,0
30.0,77.0,11.0,0,26,0
32.0,53.0,33.0,0,53,0
39.0,80.0,17.0,1,81,0
23.0,86.0,13.0,1,89,0
33.0,63.0,57.0,0,61,0
33.0,62.0,44.0,0,34,0
37.0,89.0,34.0,0,40,0
26.0,60.0,39.0,0,32,0
25.0,55.0,69.0,0,70,0
32.0,58.0,38.0,0,22,0
24.0,77.0,39.0,0,46,0
23.47,76.45,13.39,0,38,1
28.0,77.0,59.0,0,67,0
27.0,60.0,24.0,0,52,1
35.0,72.0,64.0,0,77,0
29.0,66.0,24.0,0,30,0
34.0,67.0,43.0,0,21,0
30.0,54.0,12.0,0,24,0
37.0,62.0,69.0,0,71,0
33.0,46.0,31.0,0,38,0
39.0,88.0,61.0,0,71,0
25.0,41.0,63.0,0,62,0
25.0,61.0,27.0,0,27,0
35.0,59.0,22.0,0,31,1
28.0,73.0,64.0,0,54,0
21.0,76.0,15.0,0,26,0
35.0,94.0,52.0,0,70,0
34.0,43.0,16.0,0,54,1
20.0,80.0,15.0,1,89,0
34.0,67.0,43.0,0,21,0
20.0,71.0,66.0,0,64,0
24.0,52.0,60.0,0,61,0
38.0,67.0,26.0,0,38,1
25.0,66.0,65.0,0,61,0
40.0,84.0,56.0,0,51,0
20.0,60.0,36.0,0,29,0
34.0,80.0,58.0,1,75,0
26.0,85.0,43.0,1,84,0
27.0,79.0,31.0,0,41,0
26.0,73.0,15.0,0,25,0
21.0,73.0,69.0,0,55,0
40.0,63.0,25.0,0,32,0
38.0,82.0,11.0,1,85,0
33.0,94.0,21.0,0,54,1
21.0,65.0,39.0,0,28,0
24.0,81.0,62.0,1,96,0
36.0,75.0,49.0,0,66,0
21.0,93.0,27.0,1,91,0
35.0,61.0,20.0,0,53,1
26.0,87.0,16.0,1,87,0
21.0,50.0,19.0,0,34,1
20.0,55.0,32.0,0,25,0
37.0,64.0,21.0,0,34,1
31.0,61.0,26.0,0,26,0
23.0,59.0,50.0,0,62,0
28.0,66.0,35.0,0,38,0
39.0,66.0,42.0,0,33,0
38.0,41.0,62.0,0,61,0
38.0,56.0,14.0,0,48,1
27.0,53.0,48.0,0,77,0
33.0,45.0,59.0,0,54,0
23.0,72.0,56.0,0,62,0
23.0,49.0,65.0,0,66,0
32.0,83.0,10.0,0,38,1
20.0,68.0,59.0,0,51,0
23.0,70.0,53.0,0,75,0
30.0,44.0,39.0,0,36,0
28.0,86.0,43.0,1,73,0
21.0,95.0,55.0,1,96,0
31.0,51.0,60.0,0,74,0
21.27,40.42,33.72,0,41,0
31.0,53.0,66.0,0,54,0
28.0,48.0,36.0,0,36,0
37.0,58.0,45.0,0,59,0
26.0,72.0,58.0,0,72,0
35.0,88.0,50.0,0,76,0
27.0,81.0,36.0,1,92,0
34.0,55.0,60.0,0,55,0
24.0,42.0,46.0,0,54,0
34.0,56.0,55.0,0,56,0
20.0,57.0,23.0,0,41,1
36.0,92.0,69.0,0,71,0
20.0,77.0,53.0,0,74,0
22.0,88.0,61.0,1,89,0
21.0,60.0,39.0,0,52,0
28.0,68.0,31.0,0,46,0
28.0,51.0,38.0,0,44,0
27.0,84.0,64.0,1,88,0
36.0,40.0,46.0,0,74,0
31.0,71.0,64.0,0,54,0
31.0,51.0,48.0,0,75,0
36.0,62.0,34.0,0,21,0
29.0,64.0,40.0,0,40,0
33.0,71.0,33.0,0,35,0
36.0,52.0,47.0,0,66,0
39.0,72.0,51.0,0,57,0
26.0,65.0,41.0,0,31,0
29.0,80.0,46.0,0,75,0
20.0,44.0,65.0,0,58,0
37.0,48.0,58.0,0,70,0
38.0,64.0,47.0,0,70,0
30.0,64.0,45.0,0,65,0
36.0,55.0,16.0,0,35,0
32.0,65.0,53.0,0,61,0
35.0,71.0,46.0,0,59,0
32.0,48.0,10.0,0,27,0
32.0,71.0,16.0,0,46,1
29.0,45.0,64.0,0,65,0
38.0,50.0,22.0,0,20,0
21.0,54.0,43.0,0,23,0
32.0,55.0,31.0,0,39,0
27.0,76.0,45.0,0,73,0
32.0,43.0,29.0,0,33,1
38.0,61.0,62.0,0,70,0
28.0,75.0,32.0,0,34,0
32.0,65.0,53.0,0,61,0
33.0,61.0,34.0,0,37,0
38.0,58.0,21.0,0,32,0
39.0,47.0,64.0,0,51,0
39.0,70.0,13.0,0,42,1
39.0,94.0,17.0,0,28,0
24.0,68.0,12.0,0,34,0
36.0,65.0,17.0,0,48,1
39.0,55.0,23.0,0,35,0
36.0,86.0,18.0,0,29,0
38.0,66.0,18.0,0,42,1
39.0,76.0,65.0,0,61,0
31.0,81.0,29.0,1,98,1
20.0,45.0,59.0,0,73,0
23.0,41.0,56.0,0,61,0
22.0,89.0,16.0,1,84,0
37.0,56.0,21.0,0,25,0
37.0,54.0,24.0,0,25,0
35.0,71.0,12.0,0,54,1
31.0,72.0,29.0,0,40,0
32.0,56.0,41.0,0,28,0
24.0,55.0,24.0,0,24,0
32.0,43.0,25.0,0,43,1
28.0,56.0,68.0,0,75,0
31.0,86.0,62.0,0,59,0
38.0,92.0,24.0,0,37,1
34.0,51.0,56.0,0,62,0
23.0,78.0,29.0,0,47,0
23.0,57.0,23.0,0,49,1
37.0,86.0,27.0,0,21,0
29.0,84.0,66.0,1,90,0
22.0,76.0,50.0,0,67,0
23.0,76.0,65.0,0,50,0
31.0,87.0,55.0,0,79,0
32.0,70.0,19.0,0,53,1
40.0,89.0,23.0,0,35,0
34.0,93.0,49.0,0,68,0
36.0,91.0,21.0,0,49,1
21.0,40.0,28.0,0,21,0
26.0,84.0,29.0,1,93,0
38.0,63.0,50.0,0,66,0
26.0,79.0,22.0,1,76,0
26.0,45.0,34.0,0,28,0
35.0,43.0,14.0,0,43,1
23.0,65.0,34.0,0,49,0
27.0,48.0,54.0,0,58,0
25.0,73.0,47.0,0,67,0
21.0,69.0,15.0,0,36,1
32.0,73.0,45.0,0,79,0
32.0,84.0,51.0,0,67,0
25.0,61.0,67.0,0,50,0
28.0,86.0,48.0,1,94,0
36.0,62.0,16.0,0,31,1
22.0,85.0,31.0,1,92,0
37.0,82.0,69.0,0,79,0
33.0,91.0,31.0,0,34,0
38.0,83.0,63.0,0,56,0
31.0,50.0,26.0,0,23,0
24.0,70.0,54.0,0,58,0
38.0,72.0,45.0,0,63,0
23.0,63.0,32.0,0,48,1
36.0,54.0,45.0,0,77,0
24.0,52.0,45.0,0,51,0
39.0,54.0,56.0,0,73,0
29.0,41.0,60.0,0,60,0
30.9,58.91,15.06,0,41,1
24.0,87.0,54.0,1,99,0
33.0,70.0,61.0,0,68,0
23.0,53.0,65.0,0,65,0
33.87,80.52,30.21,0,41,0
35.0,60.0,37.0,0,43,0
20.0,82.0,61.0,0,57,0
20.0,65.0,33.0,0,54,0
21.0,47.0,20.0,0,20,0
22.0,91.0,41.0,1,86,0
26.0,53.0,59.0,0,50,0
30.0,61.0,29.0,0,27,0
21.0,73.0,34.0,0,23,0
28.0,55.0,14.0,0,21,0
37.0,64.0,33.0,0,32,0
35.0,62.0,36.0,0,50,0
31.0,80.0,24.0,0,41,1
34.0,53.0,51.0,0,61,0
23.0,65.0,13.0,0,28,0
30.0,45.0,45.0,0,73,0
39.0,53.0,56.0,0,75,0
34.0,65.0,29.0,0,29,0
21.0,46.0,25.0,0,22,0
30.0,92.0,45.0,1,79,0
21.0,74.0,46.0,0,54,0
31.0,83.0,45.0,1,79,0
27.0,47.0,49.0,0,61,0
39.0,45.0,48.0,0,50,0
37.0,46.0,30.0,0,40,0
22.69,70.7,12.8,0,44,1
34.0,66.0,19.0,0,28,0
33.0,53.0,25.0,0,45,1
32.0,42.0,11.0,0,35,0
40.0,86.0,49.0,0,50,0
21.0,61.0,12.0,0,25,0
39.0,75.0,11.0,0,27,0
38.0,62.0,36.0,0,46,0
37.0,62.0,63.0,0,68,0
30.0,50.0,15.0,0,20,0
36.0,81.0,21.0,0,35,1
24.0,92.0,68.0,1,74,0
24.0,91.0,54.0,1,90,0
33.0,45.0,22.0,0,23,0
27.0,46.0,23.0,0,22,0
35.0,74.0,56.0,0,76,0
32.0,50.0,10.0,0,43,1
38.0,90.0,63.0,0,76,0
20.0,64.0,60.0,0,53,0
35.0,94.0,26.0,0,27,0
31.0,70.0,30.0,0,45,0
34.0,42.0,24.0,0,38,1
25.0,60.0,23.0,0,21,0
30.0,46.0,58.0,0,74,0
23.0,40.0,24.0,0,44,1
28.0,46.0,25.0,0,38,1
34.0,72.0,61.0,0,52,0
33.0,79.0,13.0,0,26,0
33.0,75.0,54.0,0,57,0
35.0,78.0,55.0,0,77,0
33.0,65.0,17.0,0,33,0
39.0,88.0,17.0,0,42,1
34.0,46.0,47.0,0,51,0
33.0,83.0,43.0,0,52,0
24.0,82.0,45.0,0,52,0
29.0,80.0,45.0,1,78,0
30.0,61.0,51.0,0,52,0
27.0,68.0,62.0,0,62,0
32.0,61.0,37.0,0,41,0
27.0,64.0,36.0,0,42,0
24.0,77.0,30.0,0,41,0
38.0,48.0,39.0,0,40,0
39.0,55.0,29.0,0,51,0
29.0,79.0,16.0,0,26,0
35.0,65.0,47.0,0,59,0
31.0,43.0,34.0,0,35,0
37.0,86.0,47.0,0,56,0
35.0,70.0,34.0,0,52,0
38.0,44.0,22.0,0,38,1
28.0,46.0,23.0,0,48,1
38.0,71.0,59.0,0,58,0
27.0,63.0,61.0,0,57,0
25.0,71.0,61.0,0,69,0
31.0,49.0,14.0,0,28,0
35.0,46.0,30.0,0,45,0
27.0,79.0,42.0,0,21,0
38.0,40.0,66.0,0,79,0
34.0,57.0,41.0,0,43,0
29.0,80.0,40.0,0,53,0
30.0,67.0,49.0,0,77,0
23.0,75.0,57.0,0,73,0
23.0,56.0,44.0,0,32,0
24.0,57.0,23.0,0,32,0
31.0,50.0,38.0,0,50,0
39.0,88.0,21.0,0,34,1
37.0,71.0,42.0,0,47,0
26.0,42.0,56.0,0,50,0
25.0,74.0,60.0,0,64,0
33.0,72.0,27.0,0,26,0
21.4,68.58,18.69,0,28,0
20.0,75.0,59.0,0,57,0
27.0,62.0,40.0,0,48,0
38.0,76.0,26.0,0,42,1
28.0,49.0,45.0,0,76,0
23.0,63.0,45.0,0,53,0
39.0,72.0,19.0,0,27,0
39.0,55.0,46.0,0,52,0
30.0,55.0,48.0,0,64,0
39.0,51.0,48.0,0,51,0
24.0,42.0,41.0,0,22,0
24.0,70.0,20.0,0,41,1
21.0,65.0,23.0,0,53,1
37.0,95.0,32.0,0,52,1
33.0,57.0,53.0,0,53,0
40.0,44.0,57.0,0,69,0
31.0,72.0,16.0,0,47,1
30.0,74.0,46.0,0,78,0
27.0,47.0,36.0,0,31,0
23.0,79.0,33.0,0,22,0
39.0,62.0,54.0,0,54,0
24.8,63.74,27.76,0,45,1
28.0,61.0,32.0,0,26,1
24.0,83.0,53.0,1,88,0
30.02,51.23,21.73,0,43,1
20.0,44.0,29.0,0,27,0
29.0,81.0,61.0,0,57,0
20.0,90.0,16.0,1,98,0
37.0,94.0,62.0,0,67,0
39.0,78.0,13.0,0,48,1
39.0,67.0,10.0,0,36,1
38.0,86.0,25.0,0,43,1
22.0,44.0,26.0,0,45,1
32.0,55.0,25.0,0,24,0
25.0,85.0,13.0,1,97,0
37.0,46.0,67.0,0,60,0
35.0,47.0,58.0,0,64,0
32.0,68.0,29.0,0,33,1
29.0,77.0,31.0,0,45,1
25.0,65.0,27.0,0,47,1
35.0,73.0,41.0,0,45,0
30.0,78.0,59.0,0,53,0
22.0,77.0,29.0,0,53,1
31.0,46.0,55.0,0,64,0
20.0,51.0,43.0,0,26,0
40.0,42.0,11.0,0,54,1
23.0,84.0,69.0,1,87,0
35.0,58.0,59.0,0,55,0
22.0,81.0,28.0,1,94,1
31.0,92.0,67.0,0,74,0
35.0,90.0,52.0,0,51,0
32.0,81.0,53.0,0,79,0
20.0,47.0,55.0,0,65,0
28.0,74.0,47.0,0,73,0
34.0,68.0,59.0,0,78,0
23.0,60.0,40.0,0,40,0
22.0,60.0,40.0,0,38,0
26.0,65.0,22.0,0,41,1
39.0,53.0,45.0,0,61,0
34.0,91.0,13.0,0,53,1
40.0,43.0,53.0,0,68,0
29.0,51.0,51.0,0,78,0
37.0,69.0,27.0,0,33,1
30.0,77.0,70.0,0,63,0
29.0,45.0,15.0,0,39,1
31.0,50.0,21.0,0,37,1
22.0,70.0,65.0,0,61,0
23.0,63.0,68.0,0,78,0
32.0,56.0,17.0,0,40,1
29.0,56.0,69.0,0,69,0
35.0,47.0,32.0,0,48,1
32.0,51.0,70.0,0,65,0
20.0,92.0,31.0,1,90,0
31.0,82.0,40.0,0,46,0
21.0,47.0,58.0,0,62,0
31.0,53.0,43.0,0,21,0
23.0,64.0,45.0,0,79,0
20.0,58.0,63.0,0,74,0
36.0,43.0,54.0,0,57,0
27.0,53.0,44.0,0,39,0
32.0,94.0,31.0,0,40,1
21.0,74.0,70.0,0,77,0
31.25,51.29,24.14,0,20,0
25.0,66.0,62.0,0,51,0
29.0,85.0,22.0,1,77,0
27.0,82.0,33.0,0,52,0
23.0,48.0,38.0,0,41,0
33.0,59.0,27.0,0,48,1
22.0,57.0,62.0,0,68,0
23.0,53.0,50.0,0,58,0
24.0,44.0,60.0,0,70,0
33.0,89.0,24.0,0,21,0
22.0,92.0,37.0,1,80,0
36.0,69.0,30.0,0,32,1
28.0,91.0,16.0,1,71,0
35.0,66.0,31.0,0,46,0
20.0,42.0,27.0,0,44,1
26.0,54.0,33.0,0,36,0
23.0,73.0,39.0,0,44,0
23.0,73.0,70.0,0,55,0
23.0,73.0,61.0,0,65,0
35.0,61.0,46.0,0,57,0
38.0,76.0,48.0,0,70,0
22.0,91.0,38.0,1,81,0
35.0,75.0,42.0,0,39,0
23.0,65.0,49.0,0,58,0
38.0,46.0,40.0,0,37,0
28.0,91.0,18.0,1,89,0
36.0,78.0,54.0,1,80,0
26.0,55.0,65.0,0,71,0
22.0,80.0,14.0,1,91,0
27.0,63.0,65.0,0,73,0
28.0,69.0,62.0,0,60,0
29.0,79.0,55.0,0,73,0
34.0,45.0,61.0,0,58,0
37.0,76.0,28.0,0,34,1
30.0,55.0,68.0,0,69,0
33.0,67.0,55.0,0,74,0
36.0,60.0,18.0,0,42,1
21.0,59.0,59.0,0,55,0
39.0,51.0,52.0,0,78,0
25.09,53.46,18.28,0,23,0
21.0,51.0,31.0,0,39,1
38.0,93.0,51.0,0,53,0
20.0,47.0,64.0,0,72,0
29.0,42.0,45.0,0,55,0
39.0,68.0,31.0,0,40,1
32.0,41.0,37.0,0,45,0
20.0,80.0,52.0,1,88,0
22.0,50.0,12.0,0,47,1
37.0,51.0,17.0,0,27,0
27.0,93.0,42.0,1,77,0
37.0,41.0,63.0,0,77,0
31.0,66.0,50.0,0,74,0
24.0,63.0,58.0,0,68,0
38.0,40.0,65.0,0,78,0
25.0,68.0,34.0,0,36,0
35.0,42.0,51.0,0,73,0
20.0,52.0,46.0,0,69,0
21.0,53.0,22.0,0,48,1
32.0,54.0,62.0,0,61,0
29.0,48.0,22.0,0,54,1
22.0,53.0,26.0,0,23,0
39.0,80.0,42.0,0,37,0
21.0,61.0,20.0,0,32,0
32.0,62.0,59.0,0,77,0
24.0,49.0,15.0,0,43,1
23.61,46.03,11.12,0,35,1
36.0,62.0,63.0,0,53,0
36.0,61.0,47.0,0,52,0
37.0,51.0,40.0,0,36,0
20.0,46.0,66.0,0,61,0
23.0,59.0,13.0,0,41,1
35.0,52.0,48.0,0,50,0
21.0,47.0,39.0,0,46,0
30.0,79.0,15.0,1,95,0
31.0,44.0,43.0,0,35,0
40.0,89.0,57.0,0,79,0
25.0,43.0,45.0,0,53,0
31.0,84.0,66.0,0,70,0
35.0,57.0,60.0,0,61,0
27.0,78.0,58.0,0,70,0
24.17,67.18,31.79,0,21,0
23.0,91.0,20.0,1,95,0
20.0,41.0,28.0,0,33,1
29.0,67.0,23.0,0,23,0
25.0,68.0,26.0,0,40,1
38.0,82.0,30.0,0,38,0
31.0,90.0,46.0,0,66,0
23.0,86.0,55.0,1,94,0
23.0,79.0,61.0,0,63,0
29.53,69.79,25.66,0,28,0
26.0,71.0,67.0,0,69,0
32.0,69.0,43.0,0,49,0
37.0,67.0,44.0,0,50,0
38.0,44.0,38.0,0,39,0
31.0,91.0,45.0,0,52,0
22.0,88.0,44.0,1,85,0
20.0,72.0,49.0,0,59,0
30.0,64.0,29.0,0,35,1
39.0,93.0,27.0,0,37,1
31.0,50.0,11.0,0,37,1
22.0,87.0,39.0,1,96,0
21.0,55.0,50.0,0,62,0
39.0,45.0,17.0,0,48,1
27.0,60.0,24.0,0,41,1
20.0,90.0,20.0,1,83,0
30.0,84.0,16.0,0,25,0
21.0,51.0,31.0,0,36,0
22.0,93.0,35.0,1,87,0
23.0,65.0,34.0,0,49,0
24.0,92.0,68.0,1,79,0
23.0,92.0,49.0,1,72,0
31.0,92.0,30.0,0,36,0
40.0,81.0,45.0,0,51,0
21.0,67.0,55.0,0,60,0
38.0,78.0,44.0,0,27,0
27.0,58.0,64.0,0,72,0
34.0,85.0,65.0,0,74,0
40.0,80.0,51.0,0,71,0
36.0,43.0,38.0,0,34,0
32.0,58.0,38.0,0,22,0
20.0,83.0,45.0,1,80,0
38.0,86.0,47.0,0,76,0
27.0,44.0,30.0,0,33,0
37.0,53.0,67.0,0,50,0
25.0,91.0,24.0,1,93,0
30.0,56.0,41.0,0,23,0
32.0,51.0,53.0,0,77,0
31.0,59.0,45.0,0,58,0
22.0,51.0,37.0,0,49,0
30.0,54.0,30.0,0,31,1
36.0,73.0,15.0,0,33,1
26.0,65.0,56.0,0,56,0
32.0,80.0,47.0,0,70,0
20.0,53.0,25.0,0,30,0
36.0,79.0,42.0,0,48,0
28.0,64.0,57.0,0,62,0
38.0,77.0,45.0,0,56,0
36.0,42.0,25.0,0,33,1
32.0,91.0,69.0,0,78,0
34.0,46.0,24.0,0,39,1
38.0,87.0,54.0,0,53,0
36.0,41.0,12.0,0,30,0
39.0,73.0,58.0,0,77,0
32.0,47.0,66.0,0,72,0
38.0,73.0,19.0,0,44,1
39.0,52.0,65.0,0,69,0
20.0,47.0,54.0,0,72,0
20.0,47.0,38.0,0,22,0
27.0,89.0,34.0,1,87,0
27.0,71.0,38.0,0,26,0
37.0,90.0,18.0,0,32,0
34.0,51.0,66.0,0,74,0
39.0,77.0,36.0,0,42,0
30.0,56.0,59.0,0,70,0
22.0,56.0,50.0,0,51,0
28.0,54.0,11.0,0,30,0
34.0,54.0,64.0,0,56,0
23.0,88.0,23.0,1,87,0
21.0,74.0,46.0,0,54,0
37.0,74.0,12.0,0,49,1
35.0,66.0,65.0,0,77,0
38.0,62.0,18.0,0,49,1
39.0,60.0,27.0,0,49,1
21.0,75.0,27.0,0,24,0
39.0,69.0,23.0,0,42,1
29.0,85.0,37.0,1,75,0
24.0,46.0,25.0,0,42,1
24.0,74.0,67.0,0,74,0
26.0,80.0,46.0,1,83,0
32.0,49.0,11.0,0,27,0
40.0,86.0,22.0,0,31,0
40.0,87.0,17.0,0,51,1
40.0,60.0,62.0,0,65,0
23.0,56.0,30.0,0,35,1
39.0,68.0,29.0,0,40,1
31.0,60.0,37.0,0,27,0
37.0,67.0,16.0,0,28,0
27.0,40.0,63.0,0,66,0
20.0,43.0,31.0,0,21,0
29.0,77.0,56.0,0,74,0
28.0,46.0,32.0,0,43,1
25.0,60.0,29.0,0,22,0
39.0,62.0,31.0,0,23,0
22.0,83.0,22.0,1,82,0
39.0,46.0,36.0,0,34,0
39.0,48.0,32.0,0,48,0
22.0,94.0,35.0,1,88,0
30.0,73.0,19.0,0,29,0
31.0,60.0,45.0,0,57,0
24.0,47.0,43.0,0,35,0
35.0,55.0,67.0,0,57,0
34.0,82.0,57.0,0,72,0
35.0,67.0,57.0,0,52,0
25.0,40.0,64.0,0,73,0
27.0,63.0,24.0,0,30,0
22.0,72.0,68.0,0,54,0
23.0,75.0,64.0,0,50,0
22.0,88.0,48.0,1,96,0
26.0,87.0,19.0,1,93,0
36.0,76.0,34.0,0,31,0
20.0,50.0,12.0,0,39,1
40.0,47.0,30.0,0,30,1
28.0,59.0,69.0,0,69,0
35.0,54.0,51.0,0,53,0
20.0,82.0,61.0,1,70,0
40.0,58.0,13.0,0,32,0
39.0,52.0,53.0,0,59,0
23.0,64.0,29.0,0,53,0
34.0,40.0,53.0,0,52,0
36.0,50.0,29.0,0,35,1
29.0,68.0,19.0,0,31,0
24.0,80.0,61.0,1,88,0
25.0,85.0,13.0,1,75,0
20.0,52.0,61.0,0,75,0
23.0,51.0,68.0,0,75,0
34.0,40.0,33.0,0,31,0
30.0,87.0,60.0,1,96,0
32.0,59.0,12.0,0,39,1
23.0,70.0,27.0,0,35,1
30.0,54.0,33.0,0,25,0
38.0,51.0,11.0,0,36,1
38.0,44.0,38.0,0,24,0
22.0,69.0,38.0,0,41,0
38.0,88.0,22.0,0,32,0
21.0,50.0,10.0,0,32,0
25.0,78.0,65.0,0,63,0
20.0,91.0,12.0,1,87,0
27.63,48.38,23.34,0,28,0
37.0,43.0,49.0,0,76,0
24.95,84.18,27.37,1,92,0
27.0,64.0,49.0,0,73,0
31.0,89.0,13.0,0,39,1
22.0,66.0,38.0,0,51,0
33.0,63.0,17.0,0,48,1
26.0,82.0,13.0,1,74,0
22.0,53.0,11.0,0,48,1
32.0,90.0,14.0,0,39,1
22.0,48.0,69.0,0,61,0
22.0,73.0,32.0,0,49,0
34.0,91.0,13.0,0,41,1
24.0,89.0,51.0,1,97,0
28.0,58.0,39.0,0,24,0
33.0,48.0,55.0,0,50,0
32.0,91.0,69.0,0,78,0
26.0,75.0,25.0,0,33,0
36.0,59.0,16.0,0,30,0
37.0,40.0,23.0,0,21,0
37.0,65.0,24.0,0,38,1
20.0,83.0,45.0,0,51,0
36.0,75.0,26.0,0,33,1
25.0,90.0,54.0,1,77,0
38.0,57.0,46.0,0,79,0
37.0,53.0,47.0,0,57,0
35.0,93.0,62.0,0,61,0
23.0,74.0,69.0,0,65,0
34.0,52.0,22.0,0,32,1
35.0,68.0,58.0,0,65,0
29.0,73.0,36.0,0,40,0
39.0,79.0,47.0,0,60,0
35.0,58.0,55.0,0,68,0
20.0,40.0,26.0,0,46,1
20.0,57.0,53.0,0,61,0
36.0,69.0,23.0,0,24,0
35.0,57.0,64.0,0,75,0
39.0,74.0,19.0,0,53,1
27.0,60.0,22.0,0,24,0
28.0,54.0,30.0,0,54,0
29.5,79.25,41.86,0,24,0
25.0,75.0,54.0,0,53,0
27.0,63.0,20.0,0,38,1
21.0,56.0,36.0,0,48,0
31.0,92.0,19.0,0,42,1
28.0,88.0,16.0,1,78,0
32.0,65.0,23.0,0,41,1
26.0,91.0,17.0,1,82,0
38.0,82.0,47.0,1,89,0
39.0,91.0,64.0,0,65,0
40.0,92.0,11.0,0,23,0
38.0,86.0,35.0,0,26,0
22.0,69.0,38.0,0,41,0
27.37,66.77,19.95,0,20,0
36.0,48.0,61.0,0,51,0
28.72,42.45,19.61,0,42,1
30.0,91.0,12.0,1,91,0
24.0,72.0,66.0,0,54,0
32.0,59.0,26.0,0,42,1
26.0,69.0,55.0,0,54,0
30.0,51.0,53.0,0,53,0
28.0,94.0,66.0,1,97,0
36.0,93.0,32.0,0,26,0
27.0,85.0,33.0,1,77,0
24.0,93.0,26.0,1,83,0
22.0,63.0,26.0,0,24,0
40.0,53.0,69.0,0,64,0
39.0,77.0,29.0,0,37,1
34.0,62.0,32.0,0,37,0
23.0,64.0,33.0,0,31,0
20.0,64.0,56.0,0,53,0
30.0,49.0,39.0,0,37,0
33.0,86.0,61.0,0,79,0
20.0,43.0,60.0,0,61,0
24.0,67.0,50.0,0,54,0
23.0,86.0,52.0,1,70,0
26.0,61.0,21.0,0,43,1
35.0,74.0,56.0,0,76,0
27.0,56.0,39.0,0,28,0
29.0,71.0,51.0,0,75,0
39.0,86.0,13.0,0,40,1
35.0,67.0,31.0,0,37,0
23.0,43.0,27.0,0,46,1
31.0,80.0,12.0,1,99,0
33.0,81.0,63.0,0,56,0
39.0,92.0,62.0,0,70,0
40.0,90.0,68.0,0,56,0
21.0,66.0,16.0,0,22,0
23.0,45.0,50.0,0,71,0
32.0,46.0,64.0,0,66,0
21.8,47.91,36.28,0,48,0
26.0,63.0,42.0,0,46,0
35.0,91.0,25.0,0,25,0
36.0,45.0,28.0,0,47,1
35.0,74.0,26.0,0,28,0
23.0,64.0,69.0,0,63,0
25.0,57.0,61.0,0,65,0
20.0,89.0,47.0,1,76,0
28.0,71.0,20.0,0,27,0
32.0,52.0,27.0,0,22,0
26.0,94.0,43.0,1,75,0
35.0,84.0,64.0,1,78,0
29.0,88.0,39.0,1,89,0
39.0,64.0,13.0,0,29,0
31.0,88.0,26.0,0,29,0
40.0,88.0,52.0,0,66,0
22.0,94.0,45.0,1,86,0
33.0,47.0,60.0,0,52,0
32.0,51.0,19.0,0,20,0
24.29,47.18,15.53,0,29,0
22.0,77.0,29.0,0,21,0
22.0,93.0,16.0,1,80,0
34.0,85.0,17.0,0,29,0
35.0,65.0,27.0,0,25,0
35.0,48.0,36.0,0,43,0
20.0,72.0,28.0,0,22,0
31.0,53.0,15.0,0,20,0
33.0,41.0,70.0,0,68,0
23.0,49.0,19.0,0,43,1
40.0,45.0,11.0,0,25,0
26.59,44.51,20.81,0,39,1
23.0,61.0,22.0,0,26,0
26.0,89.0,39.0,1,96,0
37.0,82.0,35.0,0,31,0
28.0,69.0,26.0,0,39,1
30.0,48.0,56.0,0,50,0
35.0,68.0,36.0,0,37,0
30.0,67.0,66.0,0,74,0
20.0,78.0,30.0,0,20,0
27.0,46.0,65.0,0,61,0
24.0,64.0,12.0,0,20,0
26.0,46.0,17.0,0,45,1
27.0,49.0,67.0,0,59,0
35.0,44.0,62.0,0,71,0
20.0,87.0,28.0,1,90,0
35.0,60.0,59.0,0,57,0
34.0,72.0,11.0,0,35,0
21.0,64.0,59.0,0,78,0
21.0,41.0,35.0,0,32,0
36.0,47.0,45.0,0,55,0
38.0,73.0,19.0,0,44,1
20.0,49.0,26.0,0,36,1
24.0,87.0,22.0,1,79,0
29.0,58.0,37.0,0,36,0
30.0,88.0,45.0,1,86,0
30.0,43.0,43.0,0,48,0
40.0,90.0,70.0,0,69,0
25.0,74.0,24.0,0,48,1
32.0,91.0,70.0,0,64,0
27.0,62.0,40.0,0,34,0
26.0,66.0,63.0,0,66,0
39.0,57.0,43.0,0,42,0
29.0,52.0,21.0,0,40,1
30.0,59.0,57.0,0,58,0
35.0,53.0,12.0,0,36,1
29.66,84.99,36.24,1,97,0
30.0,77.0,23.0,0,38,1
31.0,81.0,39.0,0,26,0
33.0,92.0,57.0,0,54,0
38.0,81.0,46.0,0,65,0
34.0,89.0,14.0,0,30,0
22.0,77.0,13.0,0,43,1
26.0,48.0,61.0,0,61,0
37.0,52.0,54.0,0,73,0
35.0,72.0,54.0,0,50,0
38.0,40.0,21.0,0,23,0
27.0,41.0,51.0,0,58,0
33.0,49.0,56.0,0,77,0
25.0,60.0,18.0,0,32,1
22.0,92.0,68.0,1,95,0
25.0,60.0,41.0,0,54,0
30.0,89.0,34.0,1,99,0
28.0,72.0,69.0,0,66,0
30.0,62.0,57.0,0,71,0
30.0,44.0,38.0,0,29,0
36.0,58.0,53.0,0,76,0
28.0,44.0,32.0,0,20,0
39.0,64.0,22.0,0,20,0
34.0,90.0,24.0,0,24,0
39.0,57.0,34.0,0,22,0
26.0,46.0,56.0,0,56,0
26.0,54.0,35.0,0,20,0
37.0,84.0,44.0,0,49,0
29.0,55.0,25.0,0,50,1
26.0,49.0,53.0,0,66,0
37.0,41.0,18.0,0,36,1
30.0,61.0,68.0,0,61,0
38.0,93.0,17.0,0,28,0
20.0,93.0,13.0,1,80,0
24.7,82.29,22.48,1,91,0
26.0,60.0,39.0,0,34,0
34.0,70.0,63.0,0,65,0
35.0,74.0,29.0,0,22,1
21.0,70.0,66.0,0,63,0
37.0,77.0,64.0,0,77,0
22.1,82.26,39.63,1,74,0
26.0,77.0,53.0,0,68,0
24.0,73.0,16.0,0,47,1
34.0,57.0,70.0,0,74,0
24.83,78.69,10.22,0,49,1
29.0,81.0,49.0,0,73,0
22.0,59.0,67.0,0,66,0
36.0,91.0,24.0,0,20,0
23.0,51.0,20.0,0,22,0
35.0,85.0,56.0,0,63,0
34.0,62.0,55.0,0,60,0
29.0,51.0,51.0,0,78,0
36.0,87.0,56.0,0,72,0
20.0,87.0,11.0,1,98,0
35.0,94.0,11.0,0,41,1
26.0,66.0,38.0,0,39,0
34.0,84.0,15.0,0,23,0
25.0,42.0,62.0,0,72,0
28.0,42.0,30.0,0,45,0
31.0,65.0,42.0,0,45,0
29.0,56.0,64.0,0,79,0
21.0,69.0,45.0,0,70,0
30.0,83.0,23.0,1,82,0
24.0,80.0,36.0,1,97,0
28.0,93.0,35.0,1,86,0
33.0,47.0,17.0,0,46,1
39.0,47.0,52.0,0,65,0
36.0,42.0,28.0,0,20,1
20.0,40.0,37.0,0,39,0
38.0,87.0,17.0,0,32,1
24.1,56.16,38.47,0,47,0
25.0,63.0,27.0,0,42,1
24.0,76.0,70.0,0,77,0
27.0,89.0,44.0,1,98,0
35.0,46.0,36.0,0,33,0
37.0,81.0,69.0,0,69,0
36.0,63.0,13.0,0,31,1
21.0,51.0,42.0,0,43,0
26.0,50.0,48.0,0,78,0
21.0,63.0,49.0,0,78,0
27.0,62.0,38.0,0,24,0
21.0,68.0,13.0,0,20,0
38.0,85.0,63.0,0,79,0
31.0,56.0,23.0,0,33,0
38.0,74.0,21.0,0,49,1
21.86,56.32,32.56,0,28,0
24.0,55.0,10.0,0,38,1
30.0,78.0,59.0,0,53,0
23.0,77.0,13.0,0,24,0
27.0,65.0,58.0,0,57,0
40.0,88.0,49.0,0,50,0
35.0,81.0,63.0,0,63,0
27.0,52.0,47.0,0,67,0
28.0,48.0,33.0,0,24,0
34.0,92.0,13.0,0,41,1
27.0,64.0,48.0,0,64,0
24.0,77.0,39.0,0,46,0
27.0,85.0,23.0,1,84,0
23.0,91.0,13.0,1,89,0
21.0,58.0,37.0,0,42,0
23.0,45.0,69.0,0,68,0
28.0,58.0,15.0,0,21,0
24.0,75.0,41.0,0,21,0
30.0,58.0,17.0,0,27,0
25.0,80.0,17.0,1,80,0
23.79,74.39,16.2,0,36,1
21.0,77.0,65.0,0,71,0
34.0,47.0,47.0,0,67,0
36.0,83.0,10.0,0,22,0
20.0,43.0,13.0,0,45,1
40.0,78.0,54.0,1,87,0
37.0,88.0,41.0,0,51,0
36.0,78.0,54.0,0,50,0
23.0,72.0,22.0,0,39,1
33.0,88.0,65.0,0,70,0
23.0,60.0,50.0,0,71,0
30.0,79.0,46.0,0,51,0
21.0,82.0,68.0,1,82,0
29.0,42.0,68.0,0,61,0
33.0,91.0,41.0,0,25,0
30.0,49.0,18.0,0,33,0
22.0,58.0,32.0,0,28,0
38.0,77.0,36.0,0,32,0
24.0,59.0,61.0,0,58,0
39.0,47.0,16.0,0,25,0
36.0,67.0,37.0,0,41,0
28.0,64.0,50.0,0,71,0
25.0,76.0,46.0,0,74,0
28.0,71.0,13.0,0,24,0
32.0,55.0,17.0,0,36,1
36.0,84.0,11.0,0,44,1
37.0,43.0,26.0,0,37,1
22.0,46.0,45.0,0,52,0
24.0,68.0,12.0,0,34,1
24.0,40.0,18.0,0,36,1
37.0,67.0,70.0,0,72,0
24.0,84.0,62.0,0,73,0
30.0,54.0,19.0,0,42,1
23.0,79.0,61.0,0,71,0
26.0,75.0,39.0,0,42,0
37.0,51.0,51.0,0,60,0
32.0,78.0,51.0,0,75,0
35.0,81.0,45.0,0,62,0
24.87,83.06,44.91,1,77,0
20.0,55.0,46.0,0,52,0
21.0,78.0,50.0,0,54,0
34.0,91.0,47.0,0,73,0
35.0,90.0,42.0,0,22,0
26.0,42.0,39.0,0,54,0
35.0,46.0,59.0,0,69,0
31.0,62.0,22.0,0,28,0
23.66,64.81,11.77,0,42,1
27.0,82.0,65.0,0,65,0
38.0,45.0,49.0,0,71,0
31.0,73.0,56.0,0,66,0
21.0,88.0,33.0,1,82,0
23.0,92.0,59.0,1,87,0
39.0,48.0,63.0,0,64,0
35.0,80.0,27.0,0,41,1
21.0,40.0,60.0,0,77,0
23.0,56.0,30.0,0,33,0
28.0,52.0,48.0,0,57,0
23.0,81.0,45.0,1,84,0
28.0,57.0,59.0,0,78,0
28.0,41.0,43.0,0,22,0
34.0,59.0,14.0,0,26,0
37.0,82.0,44.0,0,53,0
30.0,79.0,16.0,0,23,0
32.0,70.0,11.0,0,26,0
24.0,50.0,68.0,0,51,0
37.0,58.0,32.0,0,37,1
20.0,80.0,22.0,1,99,0
30.0,93.0,57.0,1,76,0
30.0,43.0,46.0,0,55,0
33.0,64.0,26.0,0,48,1
37.0,71.0,65.0,0,70,0
31.0,88.0,65.0,0,52,0
27.0,94.0,14.0,1,81,0
34.0,77.0,26.0,0,31,0
28.0,79.0,67.0,1,91,0
37.0,91.0,45.0,0,50,0
37.0,52.0,25.0,0,28,0
28.0,77.0,38.0,0,39,0
31.0,69.0,29.0,0,22,0
22.0,88.0,48.0,1,88,0
21.0,80.0,23.0,1,73,0
38.0,92.0,61.0,0,68,0
30.0,72.0,33.0,0,21,0
28.41,83.25,10.26,1,97,0
35.0,46.0,45.0,0,67,0
23.0,87.0,56.0,1,89,0
36.0,60.0,60.0,0,67,0
29.0,82.0,66.0,0,64,0
34.0,64.0,11.0,0,29,0
27.0,54.0,27.0,0,48,1
31.0,63.0,56.0,0,57,0
35.0,52.0,36.0,0,28,0
22.0,52.0,12.0,0,45,1
22.0,51.0,50.0,0,70,0
23.0,74.0,61.0,0,55,0
38.0,40.0,14.0,0,41,1
31.0,86.0,49.0,0,56,0
36.0,41.0,28.0,0,38,1
26.4,63.79,30.19,0,28,0
31.0,64.0,58.0,0,76,0
29.0,61.0,30.0,0,46,0
32.0,60.0,50.0,0,59,0
27.0,85.0,63.0,1,97,0
23.0,78.0,17.0,0,51,1
31.0,87.0,59.0,0,62,0
27.0,46.0,36.0,0,20,0
26.0,81.0,56.0,0,55,0
33.0,71.0,64.0,0,54,0
35.0,63.0,28.0,0,27,1
31.0,62.0,30.0,0,45,1
24.0,95.0,16.0,1,76,0
31.0,86.0,68.0,0,58,0
39.0,61.0,56.0,0,69,0
36.0,93.0,63.0,0,59,0
39.0,63.0,64.0,0,74,0
35.0,54.0,52.0,0,67,0
23.0,79.0,13.0,0,22,0
29.0,69.0,34.0,0,26,0
29.0,56.0,64.0,0,79,0
35.0,64.0,66.0,0,55,0
28.57,88.82,36.86,1,87,0
39.0,63.0,34.0,0,32,0
24.0,94.0,70.0,1,99,0
35.0,57.0,32.0,0,40,0
30.0,65.0,35.0,0,33,0
37.0,76.0,57.0,0,63,0
38.0,83.0,49.0,0,56,0
27.0,62.0,38.0,0,24,0
29.0,70.0,24.0,0,26,0
36.0,66.0,15.0,0,29,0
32.0,54.0,63.0,0,54,0
37.0,59.0,21.0,0,42,1
26.0,58.0,40.0,0,39,0
25.0,56.0,59.0,0,54,0
28.0,57.0,31.0,0,21,1
27.0,49.0,28.0,0,22,0
38.0,78.0,64.0,0,64,0
35.0,53.0,39.0,0,48,0
34.0,78.0,37.0,0,20,0
27.0,63.0,25.0,0,39,1
38.0,71.0,10.0,0,43,1
24.0,92.0,59.0,1,88,0
34.0,54.0,54.0,0,75,0
32.0,47.0,47.0,0,78,0
35.0,61.0,50.0,0,60,0
31.0,46.0,17.0,0,28,0
37.0,77.0,13.0,0,29,0
36.0,78.0,49.0,0,52,0
29.0,59.0,50.0,0,64,0
23.0,43.0,70.0,0,67,0
23.0,40.0,16.0,0,49,1
24.0,55.0,26.0,0,25,0
29.0,65.0,67.0,0,71,0
26.0,65.0,22.0,0,27,0
33.34,81.44,28.49,0,42,1
34.0,75.0,54.0,0,73,0
37.0,53.0,59.0,0,77,0
24.0,55.0,46.0,0,61,0
32.0,52.0,64.0,0,72,0
27.0,63.0,17.0,0,38,1
28.0,49.0,45.0,0,76,0
27.0,59.0,35.0,0,46,0
33.0,67.0,14.0,0,34,1
20.0,95.0,60.0,1,77,0
21.99,83.57,16.99,1,72,0
26.0,77.0,30.0,0,27,0
32.0,60.0,28.0,0,40,1
21.0,41.0,14.0,0,42,1
32.0,52.0,58.0,0,53,0
21.0,88.0,15.0,1,83,0
20.0,79.0,41.0,1,76,0
24.51,57.92,34.02,0,28,0
24.0,42.0,69.0,0,56,0
25.0,66.0,45.0,0,64,0
26.0,47.0,69.0,0,57,0
29.0,71.0,26.0,0,33,1
38.0,78.0,13.0,0,48,1
28.0,59.0,19.0,0,24,0
27.85,74.01,12.58,0,49,1
35.0,52.0,29.0,0,24,0
39.0,65.0,36.0,0,44,0
30.0,70.0,26.0,0,20,0
29.0,93.0,26.0,1,93,0
34.0,50.0,43.0,0,26,0
25.0,47.0,51.0,0,73,0
20.0,74.0,41.0,0,32,0
23.0,55.0,39.0,0,31,0
28.82,41.8,13.92,0,27,0
31.0,41.0,68.0,0,77,0
21.0,79.0,32.0,0,28,0
23.0,87.0,61.0,1,89,0
32.0,77.0,54.0,0,72,0
29.0,52.0,43.0,0,40,0
34.33,57.64,43.08,0,41,0
40.0,47.0,53.0,0,69,0
38.0,64.0,31.0,0,36,0
29.0,67.0,66.0,0,67,0
33.0,41.0,36.0,0,30,0
26.0,48.0,63.0,0,70,0
28.0,61.0,35.0,0,31,0
38.0,58.0,11.0,0,34,0
29.0,93.0,14.0,1,73,0
35.0,54.0,51.0,0,63,0
34.0,41.0,38.0,0,32,0
34.09,40.83,33.9,0,26,0
21.0,40.0,19.0,0,40,1
24.0,68.0,44.0,0,46,0
33.0,49.0,44.0,0,44,0
33.0,83.0,39.0,0,36,0
22.0,57.0,34.0,0,30,0
30.0,46.0,58.0,0,71,0
28.0,56.0,69.0,0,63,0
35.0,41.0,39.0,0,49,0
40.0,41.0,35.0,0,50,0
32.0,45.0,26.0,0,38,1
28.0,53.0,22.0,0,40,1
36.0,82.0,66.0,1,92,0
25.0,72.0,39.0,0,33,0
34.0,69.0,46.0,0,78,0
33.0,68.0,44.0,0,35,0
21.0,82.0,70.0,1,96,0
35.0,89.0,43.0,0,33,0
34.0,71.0,70.0,0,75,0
35.0,87.0,60.0,0,74,0
27.0,50.0,16.0,0,45,1
33.0,55.0,45.0,0,73,0
39.0,52.0,50.0,0,52,0
38.0,85.0,20.0,0,21,0
37.0,71.0,12.0,0,22,0
31.0,90.0,48.0,0,59,0
25.0,41.0,29.0,0,47,1
35.0,93.0,31.0,0,47,0
23.0,56.0,58.0,0,61,0
35.0,70.0,19.0,0,38,1
37.0,73.0,31.0,0,30,0
32.0,40.0,10.0,0,34,1
40.0,72.0,21.0,0,41,1
22.0,54.0,38.0,0,51,0
24.0,56.0,35.0,0,41,0
39.0,92.0,39.0,0,22,0
37.0,90.0,28.0,0,40,0
25.0,76.0,66.0,0,59,0
39.0,50.0,66.0,0,74,0
30.0,84.0,34.0,1,80,0
32.0,84.0,10.0,0,39,1
28.0,70.0,60.0,0,77,0
28.0,78.0,51.0,0,65,0
39.0,52.0,28.0,0,26,0
37.0,60.0,30.0,0,24,0
24.0,42.0,44.0,0,42,0
30.0,42.0,33.0,0,49,0
21.0,79.0,50.0,0,76,0
38.0,65.0,46.0,0,76,0
24.0,69.0,21.0,0,23,0
38.0,87.0,66.0,0,62,0
31.24,46.24,23.54,0,39,1
27.0,77.0,57.0,0,72,0
20.0,40.0,28.0,0,50,1
23.0,58.0,29.0,0,52,1
21.0,94.0,44.0,1,79,0
27.0,66.0,24.0,0,32,1
39.0,50.0,58.0,0,57,0
26.0,42.0,54.0,0,64,0
33.0,88.0,22.0,0,40,1
39.0,43.0,30.0,0,37,0
21.0,87.0,42.0,1,95,0
33.0,87.0,10.0,0,45,1
25.68,86.68,27.66,1,93,0
36.0,78.0,35.0,0,31,0
35.0,88.0,33.0,0,34,0
25.0,83.0,68.0,0,67,0
33.0,77.0,31.0,0,28,0
28.0,59.0,54.0,0,51,0
20.0,94.0,44.0,1,80,0
39.0,76.0,12.0,0,28,0
36.0,63.0,33.0,0,22,0
28.0,69.0,66.0,0,66,0
34.0,79.0,67.0,0,58,0
33.0,45.0,47.0,0,66,0
39.0,58.0,54.0,0,61,0
24.0,93.0,30.0,1,83,0
22.0,43.0,47.0,0,61,0
33.0,64.0,30.0,0,43,0
29.0,92.0,55.0,1,78,0
25.0,43.0,10.0,0,34,0
31.0,59.0,14.0,0,24,0
33.0,50.0,16.0,0,48,1
32.0,57.0,67.0,0,55,0
31.0,90.0,55.0,0,56,0
31.0,68.0,68.0,0,56,0
29.0,78.0,22.0,0,26,0
35.0,40.0,58.0,0,55,0
30.0,66.0,14.0,0,39,1
27.0,91.0,12.0,1,98,0
27.0,86.0,24.0,1,80,0
28.0,94.0,12.0,1,88,0
25.0,64.0,10.0,0,44,1
37.0,54.0,60.0,0,62,0
28.0,42.0,42.0,0,20,0
39.0,58.0,44.0,0,23,0
20.0,84.0,45.0,1,89,0
27.0,58.0,48.0,0,77,0
27.0,84.0,28.0,1,96,0
39.0,93.0,31.0,0,47,1
37.0,76.0,39.0,0,38,0
37.0,82.0,36.0,0,28,0
28.0,52.0,49.0,0,72,0
40.0,68.0,15.0,0,44,1
23.0,90.0,43.0,1,83,0
33.0,44.0,50.0,0,57,0
39.0,95.0,28.0,0,31,0
39.0,94.0,34.0,0,50,0
27.0,67.0,54.0,0,60,0
34.0,87.0,55.0,0,57,0
22.0,55.0,37.0,0,53,0
26.0,91.0,12.0,1,99,0
39.0,69.0,47.0,0,52,0
20.0,56.0,34.0,0,27,0
32.0,80.0,32.0,0,38,0
31.0,59.0,69.0,0,73,0
31.0,73.0,44.0,0,37,0
22.0,73.0,44.0,0,35,0
24.0,69.0,60.0,0,57,0
32.0,45.0,67.0,0,63,0
28.0,52.0,52.0,0,62,0
33.0,75.0,15.0,0,49,1
29.0,83.0,30.0,1,79,0
30.0,86.0,40.0,1,96,0
30.0,64.0,45.0,0,75,0
20.0,94.0,12.0,1,93,0
25.0,78.0,59.0,0,69,0
27.0,79.0,53.0,0,57,0
33.0,53.0,22.0,0,26,0
24.0,45.0,47.0,0,52,0
34.0,83.0,18.0,0,27,0
27.0,56.0,61.0,0,76,0
31.0,94.0,30.0,0,23,1
37.0,59.0,50.0,0,53,0
27.0,60.0,22.0,0,46,1
39.0,78.0,62.0,0,61,0
28.0,92.0,61.0,1,83,0
30.0,64.0,44.0,0,54,0
38.0,69.0,66.0,0,75,0
35.0,94.0,19.0,0,37,1
38.0,70.0,20.0,0,34,1
27.0,44.0,24.0,0,35,0
40.0,69.0,12.0,0,47,1
22.0,91.0,13.0,1,85,0
34.0,79.0,58.0,0,61,0
32.03,49.2,17.41,0,49,1
27.0,65.0,45.0,0,65,0
27.0,85.0,34.0,1,91,0
27.0,78.0,30.0,0,29,0
31.0,62.0,42.0,0,35,0
31.0,65.0,30.0,0,47,0
27.0,41.0,45.0,0,63,0
39.0,86.0,24.0,0,46,1
37.0,46.0,13.0,0,45,1
33.0,63.0,68.0,0,56,0
27.0,60.0,62.0,0,58,0
28.0,42.0,37.0,0,29,0
32.0,60.0,10.0,0,46,1
32.0,57.0,42.0,0,35,0
26.0,60.0,50.0,0,58,0
40.0,65.0,59.0,0,62,0
20.0,85.0,25.0,1,91,0
33.0,59.0,69.0,0,56,0
20.0,44.0,27.0,0,29,0
37.0,86.0,41.0,0,49,0
30.0,75.0,61.0,0,50,0
25.0,89.0,25.0,1,76,0
28.0,94.0,18.0,1,86,0
32.0,94.0,55.0,0,69,0
33.0,55.0,52.0,0,69,0
23.0,91.0,58.0,1,97,0
29.0,85.0,14.0,1,87,0
32.0,74.0,50.0,0,62,0
32.0,51.0,29.0,0,20,0
40.0,76.0,65.0,0,58,0
34.0,45.0,56.0,0,63,0
27.0,44.0,39.0,0,38,0
40.0,79.0,54.0,0,53,0
28.0,46.0,37.0,0,33,0
36.0,54.0,59.0,0,65,0
40.0,65.0,23.0,0,28,0
31.0,56.0,57.0,0,69,0
30.0,47.0,53.0,0,57,0
33.0,50.0,51.0,0,55,0
21.0,58.0,29.0,0,42,0
36.0,66.0,38.0,0,41,0
23.0,68.0,66.0,0,50,0
25.0,56.0,32.0,0,43,1
21.0,71.0,17.0,0,41,1
20.0,93.0,13.0,1,98,0
37.0,90.0,53.0,0,61,0
25.0,69.0,50.0,0,79,0
37.0,77.0,48.0,0,73,0
39.0,79.0,26.0,0,48,1
21.0,84.0,31.0,1,90,0
20.0,61.0,57.0,0,52,0
36.0,51.0,54.0,0,59,0
38.0,53.0,57.0,0,71,0
32.0,46.0,34.0,0,22,0
37.0,46.0,19.0,0,26,0
27.0,61.0,27.0,0,48,1
31.0,69.0,18.0,0,20,0
36.0,50.0,48.0,0,73,0
32.0,65.0,38.0,0,47,0
24.0,59.0,34.0,0,31,0
29.0,57.0,31.0,0,33,0
34.0,81.0,31.0,0,48,0
31.0,72.0,39.0,0,31,0
23.0,58.0,51.0,0,79,0
28.0,93.0,14.0,1,79,0
37.0,81.0,69.0,1,86,0
30.0,89.0,55.0,1,91,0
30.0,63.0,10.0,0,30,0
34.0,82.0,67.0,0,65,0
33.0,57.0,36.0,0,29,0
30.0,94.0,25.0,1,84,0
30.0,66.0,12.0,0,36,1
31.0,70.0,34.0,0,40,0
27.0,56.0,10.0,0,44,1
20.0,86.0,15.0,1,81,0
30.0,91.0,46.0,1,90,0
20.0,92.0,40.0,1,72,0
35.0,61.0,26.0,0,24,0
37.0,51.0,32.0,0,38,0
31.0,52.0,34.0,0,38,0
21.0,68.0,57.0,0,64,0
21.0,43.0,39.0,0,52,0
37.0,66.0,65.0,0,74,0
20.31,81.75,18.22,1,94,0
34.0,48.0,48.0,0,59,0
22.0,61.0,33.0,0,49,0
36.0,60.0,18.0,0,41,1
20.0,81.0,32.0,1,99,1
24.0,59.0,20.0,0,29,0
22.0,41.0,42.0,0,29,0
29.0,56.0,11.0,0,25,0
32.0,56.0,68.0,0,57,0
20.0,82.0,28.0,1,78,0
24.0,45.0,16.0,0,45,1
33.0,50.0,27.0,0,41,1
34.0,63.0,24.0,0,50,1
21.0,41.0,69.0,0,73,0
24.0,83.0,57.0,1,98,0
24.86,70.3,43.86,0,43,0
38.0,67.0,32.0,0,23,0
24.0,80.0,35.0,0,49,0
38.0,65.0,57.0,0,61,0
39.0,51.0,32.0,0,23,0
34.0,91.0,31.0,0,38,0
33.0,69.0,27.0,0,32,0
22.0,86.0,31.0,1,95,0
29.0,73.0,55.0,0,62,0
26.0,86.0,63.0,1,98,0
27.0,89.0,44.0,1,93,0
34.0,66.0,44.0,0,52,0
37.0,59.0,53.0,0,72,0
20.0,75.0,70.0,0,78,0
20.0,53.0,63.0,0,72,0
35.0,63.0,50.0,0,53,0
32.0,58.0,30.0,0,43,0
35.0,72.0,43.0,0,29,0
24.0,40.0,13.0,0,31,0
23.0,64.0,37.0,0,49,0
31.0,53.0,55.0,0,57,0
37.0,72.0,34.0,0,43,0
25.0,44.0,56.0,0,71,0
31.0,41.0,47.0,0,54,0
37.0,69.0,53.0,0,65,0
22.0,68.0,61.0,0,60,0
28.46,83.74,37.89,1,97,0
24.58,41.78,39.18,0,20,0
32.0,81.0,18.0,0,29,0
29.0,94.0,17.0,1,87,0
23.0,57.0,58.0,0,56,0
37.0,55.0,61.0,0,65,0
35.0,93.0,62.0,0,61,0
22.0,45.0,37.0,0,51,0
38.0,54.0,13.0,0,40,1
23.0,74.0,19.0,0,34,1
21.0,94.0,56.0,1,98,0
22.0,74.0,47.0,0,59,0
29.0,68.0,15.0,0,36,1
40.0,83.0,44.0,0,41,0
21.0,69.0,45.0,0,70,0
20.0,86.0,43.0,1,96,0
26.0,74.0,12.0,0,37,1
20.0,65.0,54.0,0,69,0
33.0,69.0,47.0,0,55,0
34.0,89.0,45.0,0,72,0
29.0,54.0,65.0,0,65,0
31.0,73.0,68.0,0,69,0
39.0,71.0,46.0,0,67,0
29.76,41.37,31.07,0,28,0
27.68,53.35,40.11,0,49,0
20.0,47.0,21.0,0,46,1
30.0,47.0,31.0,0,23,1
29.0,95.0,68.0,1,80,0
23.96,62.35,26.07,0,24,0
31.0,46.0,51.0,0,74,0
40.0,81.0,45.0,1,80,0
28.0,49.0,67.0,0,66,0
23.0,90.0,50.0,1,79,0
34.0,72.0,16.0,0,31,1
40.0,81.0,31.0,0,50,1
32.0,47.0,31.0,0,48,0
36.0,69.0,18.0,0,20,0
29.0,81.0,49.0,1,70,0
38.0,41.0,31.0,0,39,0
34.0,66.0,40.0,0,27,0
37.0,95.0,20.0,0,51,1
34.0,74.0,32.0,0,46,0
25.0,50.0,44.0,0,27,0
29.0,42.0,18.0,0,31,0
30.0,40.0,54.0,0,68,0
32.0,81.0,18.0,0,26,0
24.0,66.0,39.0,0,49,0
24.0,95.0,35.0,1,98,0
32.0,90.0,67.0,0,66,0
25.0,43.0,39.0,0,39,0
24.0,44.0,45.0,0,66,0
39.0,88.0,25.0,0,50,1
27.0,86.0,30.0,1,94,0
37.0,87.0,39.0,0,27,0
34.0,41.0,45.0,0,68,0
31.0,62.0,63.0,0,71,0
20.0,52.0,63.0,0,60,0
33.0,42.0,22.0,0,33,0
38.0,56.0,53.0,0,50,0
40.0,80.0,19.0,1,83,0
21.0,65.0,43.0,0,33,0
35.0,71.0,41.0,0,53,0
36.0,93.0,59.0,0,77,0
27.0,84.0,32.0,1,84,0
34.0,52.0,34.0,0,21,0
36.0,54.0,28.0,0,28,1
34.0,80.0,53.0,0,67,0
25.0,50.0,44.0,0,27,0
21.0,52.0,36.0,0,36,0
23.43,80.09,15.31,1,72,0
26.0,91.0,63.0,1,95,0
38.0,89.0,69.0,0,68,0
29.0,75.0,42.0,0,42,0
36.0,46.0,55.0,0,75,0
29.0,67.0,30.0,0,37,0
22.0,70.0,22.0,0,54,1
24.0,45.0,14.0,0,38,1
30.0,68.0,63.0,0,75,0
37.0,62.0,11.0,0,30,0
22.0,53.0,47.0,0,67,0
38.0,46.0,26.0,0,20,0
21.0,60.0,15.0,0,47,1
39.0,87.0,30.0,0,30,0
33.0,87.0,48.0,0,70,0
36.0,53.0,23.0,0,54,1
23.0,52.0,58.0,0,77,0
20.0,55.0,48.0,0,71,0
20.0,80.0,15.0,1,81,0
39.0,63.0,44.0,0,38,0
33.0,92.0,41.0,0,29,0
20.0,69.0,26.0,0,49,1
40.0,71.0,11.0,0,29,0
29.0,61.0,64.0,0,66,0
30.0,86.0,22.0,1,99,0
27.0,90.0,39.0,1,85,0
25.0,83.0,35.0,1,77,0
36.0,74.0,60.0,0,60,0
21.0,90.0,18.0,1,78,0
28.0,79.0,11.0,0,32,1
40.0,93.0,63.0,0,52,0
39.0,80.0,44.0,0,25,0
33.0,74.0,61.0,0,65,0
39.0,68.0,48.0,0,67,0
30.0,85.0,17.0,1,98,0
23.0,57.0,18.0,0,48,1
30.08,73.34,41.36,0,26,0
33.0,82.0,16.0,0,35,1
29.0,51.0,69.0,0,62,0
33.78,40.64,41.32,0,47,0
38.0,52.0,51.0,0,70,0
21.0,89.0,25.0,1,78,0
25.0,45.0,29.0,0,40,1
29.0,69.0,66.0,0,69,0
32.0,80.0,25.0,0,47,1
33.0,42.0,27.0,0,43,1
36.0,75.0,26.0,0,33,0
38.0,88.0,15.0,0,31,0
22.0,64.0,38.0,0,37,0
23.0,56.0,25.0,0,34,1
33.0,53.0,25.0,0,36,1
32.0,51.0,22.0,0,43,1
34.0,87.0,55.0,0,57,0
32.0,65.0,52.0,0,57,0
37.0,89.0,62.0,0,50,0
21.0,47.0,31.0,0,44,0
33.0,46.0,26.0,0,49,1
23.0,92.0,32.0,1,85,0
30.0,78.0,26.0,0,46,1
26.0,76.0,56.0,0,69,0
34.0,79.0,22.0,0,31,1
36.0,59.0,50.0,0,66,0
36.0,93.0,48.0,0,59,0
36.0,93.0,37.0,0,38,0
23.9,58.16,32.56,0,22,0
25.0,61.0,54.0,0,58,0
35.0,55.0,69.0,0,50,0
31.0,47.0,29.0,0,22,1
36.0,93.0,32.0,0,33,0
21.0,80.0,28.0,1,93,0
37.0,94.0,69.0,0,66,0
34.0,84.0,61.0,1,80,0
20.0,87.0,38.0,1,78,0
30.0,71.0,51.0,0,68,0
28.0,70.0,64.0,0,78,0
32.0,65.0,22.0,0,20,0
29.0,88.0,68.0,1,99,0
32.0,45.0,26.0,0,46,1
31.0,56.0,13.0,0,26,0
39.0,76.0,13.0,0,47,1
20.0,80.0,19.0,0,54,1
33.0,51.0,56.0,0,59,0
35.0,85.0,52.0,0,56,0
30.0,66.0,25.0,0,45,1
29.0,80.0,64.0,0,55,0
23.0,92.0,29.0,1,76,1
34.0,70.0,20.0,0,29,0
20.0,82.0,36.0,1,98,0
23.0,52.0,68.0,0,72,0
24.0,68.0,46.0,0,55,0
36.0,73.0,48.0,0,56,0
27.0,50.0,42.0,0,46,0
23.0,40.0,24.0,0,31,0
39.0,53.0,49.0,0,74,0
20.0,78.0,39.0,0,47,0
24.0,49.0,42.0,0,32,0
34.0,69.0,35.0,0,45,0
28.0,79.0,67.0,0,77,0
31.0,89.0,51.0,0,55,0
37.0,83.0,17.0,0,41,1
25.0,52.0,31.0,0,50,0
29.0,67.0,66.0,0,68,0
22.0,93.0,23.0,1,90,0
28.0,45.0,22.0,0,46,1
30.0,60.0,30.0,0,37,0
29.0,80.0,21.0,1,93,0
32.27,50.63,14.53,0,41,1
40.0,88.0,50.0,0,69,0
36.0,93.0,11.0,0,35,0
24.0,74.0,28.0,0,32,1
33.0,95.0,49.0,0,78,0
21.0,44.0,38.0,0,20,0
24.0,43.0,67.0,0,77,0
40.0,75.0,26.0,0,28,0
23.0,45.0,52.0,0,63,0
27.0,42.0,57.0,0,63,0
26.0,48.0,10.0,0,35,0
29.0,59.0,42.0,0,23,0
33.0,54.0,58.0,0,50,0
23.0,81.0,66.0,1,76,0
23.0,94.0,34.0,1,90,0
27.53,74.68,16.67,0,29,0
27.0,88.0,54.0,1,76,0
22.0,48.0,31.0,0,42,0
26.0,64.0,30.0,0,34,0
23.0,40.0,27.0,0,38,1
35.0,81.0,45.0,0,79,0
20.0,93.0,64.0,1,93,0
22.0,86.0,33.0,1,96,0
36.0,44.0,54.0,0,59,0
37.0,90.0,14.0,0,44,1
32.0,82.0,38.0,0,39,0
30.0,49.0,68.0,0,79,0
32.0,62.0,25.0,0,41,1
35.0,50.0,41.0,0,25,0
24.78,67.03,35.19,0,47,0
39.0,63.0,32.0,0,26,0
34.0,77.0,19.0,0,46,1
31.37,80.23,23.29,0,49,1
32.0,44.0,34.0,0,43,0
21.0,60.0,15.0,0,47,1
23.33,78.41,28.41,0,43,1
25.0,74.0,31.0,0,20,0
23.0,74.0,24.0,0,22,0
27.0,77.0,13.0,0,31,0
25.0,72.0,16.0,0,31,1
25.0,73.0,65.0,0,57,0
24.0,66.0,64.0,0,69,0
39.0,77.0,28.0,0,46,1
24.0,64.0,31.0,0,47,1
28.0,76.0,42.0,0,38,0
25.0,56.0,45.0,0,57,0
26.0,52.0,36.0,0,24,0
30.85,63.92,39.64,0,22,0
33.0,66.0,27.0,0,47,1
28.0,75.0,68.0,0,77,0
20.0,72.0,10.0,0,43,1
28.0,60.0,29.0,0,38,1
29.0,49.0,19.0,0,48,1
22.0,94.0,34.0,1,86,0
34.0,85.0,62.0,0,78,0
20.0,42.0,27.0,0,44,1
29.0,73.0,41.0,0,40,0
39.0,61.0,40.0,0,30,0
28.0,40.0,35.0,0,25,0
25.0,55.0,11.0,0,36,1
32.0,59.0,17.0,0,47,1
20.0,59.0,31.0,0,30,0
39.0,78.0,13.0,1,86,0
40.0,41.0,43.0,0,50,0
22.0,93.0,35.0,1,90,0
30.0,70.0,20.0,0,40,1
21.0,46.0,43.0,0,51,0
33.0,62.0,61.0,0,69,0
20.0,65.0,32.0,0,45,0
30.0,83.0,56.0,0,65,0
39.0,53.0,57.0,0,78,0
23.0,70.0,25.0,0,29,0
31.0,64.0,36.0,0,28,0
31.0,84.0,11.0,0,45,1
25.0,58.0,17.0,0,35,1
34.0,92.0,39.0,0,29,0
28.0,83.0,57.0,1,73,0
38.0,43.0,32.0,0,39,1
35.0,70.0,28.0,0,28,0
23.0,92.0,10.0,1,75,0
30.0,42.0,61.0,0,59,0
39.0,41.0,48.0,0,55,0
33.0,49.0,31.0,0,44,1
32.0,41.0,16.0,0,35,1
37.0,41.0,43.0,0,54,0
33.0,82.0,13.0,1,99,0
29.0,90.0,61.0,1,86,0
23.0,64.0,12.0,0,22,0
31.0,87.0,34.0,0,44,0
20.0,76.0,57.0,0,64,0
36.0,65.0,26.0,0,26,0
32.0,42.0,36.0,0,52,0
25.0,83.0,34.0,0,45,0
34.0,82.0,67.0,0,52,0
32.0,69.0,43.0,0,49,0
33.0,52.0,49.0,0,59,0
22.0,69.0,26.0,0,48,1
25.0,47.0,64.0,0,57,0
20.0,43.0,16.0,0,28,0
32.0,76.0,23.0,0,24,0
20.0,84.0,35.0,1,79,0
30.0,56.0,66.0,0,76,0
30.0,95.0,42.0,1,81,0
27.36,70.83,27.7,0,45,1
35.0,88.0,24.0,0,22,0
25.0,70.0,68.0,0,72,0
21.0,79.0,36.0,0,32,0
32.0,40.0,69.0,0,73,0
39.0,57.0,43.0,0,42,0
33.0,89.0,61.0,0,56,0
40.0,93.0,43.0,0,34,0
32.0,41.0,40.0,0,22,0
36.0,43.0,54.0,0,57,0
34.0,46.0,20.0,0,39,1
34.0,81.0,62.0,0,77,0
31.0,40.0,64.0,0,71,0
35.0,51.0,26.0,0,35,1
30.0,87.0,29.0,1,73,0
35.0,82.0,43.0,0,37,0
34.0,75.0,36.0,0,25,0
38.0,92.0,46.0,0,63,0
22.0,91.0,47.0,1,90,0
22.0,82.0,38.0,1,96,0
34.0,56.0,55.0,0,56,0
33.0,48.0,43.0,0,42,0
25.0,90.0,28.0,1,85,0
25.0,57.0,59.0,0,54,0
24.0,73.0,18.0,0,25,0
32.0,95.0,19.0,0,52,1
32.19,51.67,20.08,0,46,1
31.0,59.0,54.0,0,69,0
37.0,66.0,64.0,0,71,0
39.0,84.0,29.0,1,78,0
22.0,69.0,40.0,0,36,0
29.0,50.0,40.0,0,31,0
33.0,92.0,51.0,0,78,0
34.0,89.0,57.0,0,62,0
32.0,58.0,58.0,0,53,0
34.0,50.0,17.0,0,45,1
25.0,78.0,51.0,0,68,0
20.0,56.0,31.0,0,21,0
35.0,61.0,30.0,0,47,0
34.0,64.0,68.0,0,68,0
31.0,47.0,14.0,0,29,0
38.0,76.0,44.0,0,45,0
34.0,48.0,49.0,0,69,0
35.0,59.0,10.0,0,20,0
36.0,41.0,22.0,0,48,1
27.0,54.0,35.0,0,31,0
28.0,41.0,17.0,0,45,1
31.0,84.0,43.0,1,85,0
36.0,85.0,58.0,0,79,0
33.0,44.0,15.0,0,25,0
27.0,62.0,68.0,0,79,0
28.0,68.0,56.0,0,54,0
24.0,69.0,60.0,0,59,0
40.0,40.0,47.0,0,56,0
33.0,53.0,59.0,0,69,0
26.0,79.0,26.0,0,24,0
37.0,77.0,64.0,0,77,0
39.0,65.0,13.0,0,33,1
31.0,52.0,37.0,0,20,0
28.0,61.0,32.0,0,26,0
24.0,76.0,23.0,0,46,1
20.0,85.0,26.0,1,87,0
33.0,64.0,13.0,0,45,1
29.0,68.0,18.0,0,23,0
40.0,62.0,60.0,0,52,0
21.0,75.0,18.0,0,34,0
36.0,53.0,38.0,0,39,0
30.0,52.0,68.0,0,59,0
32.0,59.0,11.0,0,22,0
22.0,86.0,32.0,1,88,1
39.0,93.0,33.0,0,38,0
39.0,93.0,13.0,0,30,0
34.0,70.0,51.0,0,58,0
20.0,66.0,30.0,0,40,0
22.0,85.0,33.0,1,75,0
26.36,89.15,40.69,1,85,0
20.0,43.0,41.0,0,52,0
32.0,72.0,36.0,0,32,0
20.0,58.0,63.0,0,78,0
34.0,60.0,28.0,0,47,1
27.0,40.0,37.0,0,33,0
38.0,75.0,59.0,0,50,0
37.0,84.0,14.0,0,42,1
32.0,40.0,34.0,0,26,0
31.0,78.0,61.0,0,58,0
29.0,88.0,13.0,1,89,0
31.0,73.0,14.0,0,46,1
22.0,64.0,51.0,0,76,0
23.0,81.0,54.0,1,79,0
29.0,85.0,67.0,1,99,0
36.0,52.0,70.0,0,55,0
25.0,45.0,42.0,0,49,0
25.0,52.0,20.0,0,29,0
39.0,52.0,22.0,0,30,0
28.0,59.0,54.0,0,74,0
25.0,52.0,51.0,0,68,0
29.0,58.0,39.0,0,41,0
36.0,68.0,51.0,0,73,0
25.0,43.0,53.0,0,68,0
31.0,44.0,64.0,0,78,0
34.0,87.0,48.0,0,66,0
25.0,94.0,53.0,1,78,0
31.0,60.0,20.0,0,33,0
22.0,64.0,28.0,0,52,1
23.0,89.0,23.0,1,99,0
26.0,47.0,18.0,0,21,0
32.0,62.0,59.0,0,77,0
34.0,92.0,33.0,0,45,0
24.0,60.0,13.0,0,53,1
28.0,43.0,48.0,0,73,0
24.0,87.0,21.0,1,97,0
27.0,86.0,60.0,1,89,0
24.0,52.0,14.0,0,30,0
31.0,78.0,11.0,0,46,1
37.0,74.0,12.0,0,31,0
33.0,43.0,47.0,0,68,0
21.0,49.0,43.0,0,35,0
31.0,82.0,64.0,1,99,0
23.0,66.0,53.0,0,57,0
31.0,49.0,53.0,0,60,0
20.0,40.0,28.0,0,35,1
31.0,71.0,64.0,0,54,0
35.0,72.0,13.0,0,23,0
32.0,71.0,68.0,0,55,0
28.0,71.0,35.0,0,37,0
20.0,86.0,55.0,1,94,0
29.0,76.0,34.0,0,51,0
21.6,82.4,12.45,1,90,0
31.0,74.0,22.0,0,39,1
20.0,59.0,43.0,0,30,0
25.0,51.0,34.0,0,41,0
20.0,62.0,34.0,0,27,0
26.0,80.0,13.0,1,99,0
30.0,80.0,21.0,0,50,1
20.0,65.0,37.0,0,50,0
38.0,92.0,46.0,0,63,0
24.0,52.0,26.0,0,37,1
34.0,40.0,26.0,0,21,0
22.0,55.0,16.0,0,33,0
21.0,91.0,40.0,1,84,0
28.0,93.0,15.0,1,74,0
25.0,78.0,35.0,0,45,0
22.0,68.0,51.0,0,66,0
34.0,61.0,39.0,0,23,0
30.0,83.0,38.0,0,50,0
26.0,66.0,63.0,0,66,0
36.0,73.0,22.0,0,33,1
28.0,94.0,48.0,1,75,0
33.0,83.0,69.0,0,69,0
39.0,68.0,63.0,0,70,0
27.0,62.0,12.0,0,29,0
24.0,78.0,28.0,0,41,1
39.0,52.0,28.0,0,26,0
23.0,56.0,26.0,0,47,1
24.0,87.0,66.0,1,85,0
25.0,92.0,25.0,1,95,0
34.0,70.0,10.0,0,40,1
25.0,94.0,53.0,1,73,0
22.0,91.0,34.0,1,95,0
22.0,44.0,36.0,0,31,0
25.85,53.55,29.59,0,40,1
30.0,48.0,43.0,0,31,0
37.0,64.0,12.0,0,43,1
30.0,55.0,39.0,0,44,0
22.0,90.0,49.0,1,73,0
29.0,69.0,23.0,0,25,0
38.0,57.0,21.0,0,42,1
29.0,90.0,59.0,1,80,0
35.0,80.0,35.0,0,45,0
37.0,43.0,49.0,0,76,0
22.0,55.0,11.0,0,43,1
25.0,54.0,24.0,0,48,1
26.0,79.0,42.0,0,40,0
34.0,54.0,55.0,0,62,0
30.82,55.78,11.29,0,33,1
24.0,76.0,52.0,0,77,0
35.0,94.0,15.0,0,47,1
39.0,84.0,38.0,1,90,0
26.0,79.0,22.0,0,42,1
32.0,48.0,66.0,0,66,0
36.0,84.0,57.0,0,53,0
29.0,65.0,43.0,0,38,0
37.0,74.0,26.0,0,43,1
37.0,94.0,62.0,0,67,0
37.0,79.0,44.0,0,48,0
30.0,63.0,15.0,0,48,1
26.0,40.0,16.0,0,45,1
38.0,75.0,59.0,0,69,0
21.0,87.0,42.0,1,93,0
20.0,83.0,65.0,0,64,0
24.0,61.0,24.0,0,32,0
35.0,69.0,49.0,0,51,0
35.0,92.0,44.0,0,38,0
39.0,76.0,13.0,0,47,1
37.0,86.0,14.0,0,26,0
37.0,55.0,42.0,0,21,0
21.0,93.0,50.0,1,86,0
26.0,46.0,61.0,0,76,0
40.0,57.0,44.0,0,39,0
39.0,59.0,19.0,0,41,1
22.0,54.0,44.0,0,52,0
21.0,87.0,12.0,1,95,0
38.0,85.0,43.0,0,24,0
32.0,67.0,10.0,0,36,1
30.0,94.0,67.0,1,85,0
35.0,67.0,68.0,0,67,0
30.0,86.0,56.0,1,85,0
37.0,42.0,19.0,0,36,1
39.0,60.0,27.0,0,49,1
32.0,67.0,66.0,0,77,0
38.0,76.0,32.0,0,39,1
30.0,88.0,39.0,1,99,0
29.0,72.0,66.0,0,57,0
21.0,47.0,38.0,0,30,0
24.0,55.0,55.0,0,79,0
31.0,77.0,15.0,0,31,1
28.0,76.0,66.0,0,59,0
29.0,56.0,18.0,0,48,1
36.0,48.0,59.0,0,53,0
28.0,49.0,31.0,0,52,0
26.0,72.0,16.0,0,45,1
24.0,60.0,70.0,0,59,0
23.11,58.52,37.01,0,22,0
27.0,67.0,46.0,0,58,0
34.0,53.0,12.0,0,20,0
40.0,89.0,16.0,0,22,0
34.0,62.0,64.0,0,65,0
30.0,52.0,43.0,0,44,0
30.0,82.0,10.0,1,86,0
22.0,48.0,20.0,0,30,0
33.0,78.0,65.0,0,57,0
33.0,55.0,59.0,0,75,0
25.0,90.0,33.0,1,80,0
30.0,55.0,39.0,0,44,0
26.0,78.0,37.0,0,23,0
37.0,45.0,68.0,0,70,0
32.0,86.0,63.0,0,52,0
37.0,82.0,27.0,0,26,0
34.0,86.0,13.0,0,35,0
25.0,43.0,20.0,0,40,1
20.0,54.0,46.0,0,62,0
35.0,79.0,60.0,1,77,0
30.0,77.0,43.0,0,30,0
34.0,84.0,27.0,0,45,1
32.0,53.0,65.0,0,79,0
23.0,64.0,19.0,0,22,0
26.0,69.0,15.0,0,23,0
22.0,86.0,11.0,1,95,0
33.0,54.0,12.0,0,34,0
28.0,43.0,68.0,0,53,0
28.0,84.0,44.0,1,79,0
39.0,90.0,26.0,0,32,0
37.0,67.0,69.0,0,78,0
29.0,71.0,17.0,0,43,1
28.0,65.0,11.0,0,22,0
23.0,43.0,26.0,0,38,1
24.0,64.0,25.0,0,42,1
28.0,90.0,56.0,1,92,0
21.0,66.0,64.0,0,58,0
22.0,76.0,25.0,0,37,1
35.0,76.0,30.0,0,34,0
21.0,75.0,28.0,0,28,0
37.0,77.0,12.0,0,42,1
33.0,75.0,20.0,0,34,0
26.0,43.0,28.0,0,29,0
31.0,68.0,37.0,0,30,0
39.0,86.0,24.0,0,49,1
23.0,92.0,49.0,1,77,0
35.0,41.0,51.0,0,61,0
40.0,75.0,19.0,0,28,0
32.86,61.57,21.83,0,22,0
38.0,84.0,13.0,0,24,0
33.0,92.0,54.0,0,59,0
31.0,49.0,64.0,0,79,0
20.0,77.0,53.0,0,74,0
23.0,78.0,62.0,0,75,0
24.0,51.0,58.0,0,72,0
23.0,72.0,22.0,0,43,1
21.0,87.0,12.0,1,82,0
28.54,78.95,21.41,0,47,1
21.0,87.0,13.0,1,70,0
38.0,76.0,17.0,0,26,0
21.0,76.0,66.0,0,74,0
28.0,88.0,67.0,1,77,0
20.0,75.0,19.0,0,30,0
27.0,66.0,56.0,0,76,0
34.0,70.0,47.0,0,60,0
38.0,57.0,61.0,0,65,0
35.0,70.0,53.0,0,68,0
24.0,95.0,12.0,1,81,0
40.0,65.0,37.0,0,32,0
37.0,67.0,29.0,0,49,1
39.0,93.0,56.0,0,73,0
21.0,92.0,68.0,1,98,0
37.0,53.0,63.0,0,59,0
24.0,60.0,67.0,0,54,0
40.0,72.0,61.0,0,55,0
29.0,44.0,53.0,0,67,0
34.0,70.0,68.0,0,58,0
32.0,40.0,31.0,0,39,0
26.0,43.0,36.0,0,39,0
29.0,60.0,44.0,0,22,0
21.0,52.0,40.0,0,48,0
29.0,89.0,57.0,1,79,0
21.0,81.0,10.0,1,73,0
32.0,50.0,70.0,0,65,0
22.0,44.0,43.0,0,53,0
21.0,56.0,61.0,0,62,0
20.0,67.0,33.0,0,54,0
33.0,84.0,13.0,0,33,1
20.0,43.0,48.0,0,71,0
33.0,93.0,16.0,0,50,1
29.0,74.0,59.0,0,67,0
35.0,49.0,42.0,0,23,0
35.0,52.0,35.0,0,50,0
39.0,88.0,30.0,0,29,0
26.0,83.0,70.0,1,77,0
32.0,66.0,24.0,0,41,1
26.0,81.0,26.0,1,98,0
31.0,49.0,41.0,0,35,0
29.0,91.0,43.0,1,72,0
31.0,88.0,65.0,0,52,0
37.0,78.0,58.0,0,61,0
33.0,45.0,23.0,0,36,1
25.0,92.0,40.0,1,73,0
21.0,81.0,29.0,1,70,0
36.0,60.0,18.0,0,25,0
33.0,84.0,34.0,0,21,0
20.0,74.0,67.0,0,56,0
24.0,94.0,34.0,1,77,0
38.0,62.0,21.0,0,36,1
27.0,60.0,66.0,0,60,0
37.0,59.0,65.0,0,73,0
38.0,42.0,51.0,0,51,0
28.0,91.0,58.0,1,91,0
27.0,55.0,63.0,0,65,0
23.0,87.0,32.0,1,84,0
23.0,57.0,13.0,0,53,1
33.0,41.0,36.0,0,23,0
30.0,46.0,40.0,0,29,0
30.0,92.0,52.0,1,89,0
38.0,69.0,16.0,0,29,0
24.0,80.0,21.0,0,30,0
21.0,57.0,53.0,0,78,0
24.0,48.0,68.0,0,65,0
22.0,72.0,42.0,0,48,0
20.0,64.0,36.0,0,26,0
39.0,63.0,59.0,0,71,0
30.0,79.0,20.0,0,54,1
21.0,95.0,46.0,1,90,0
27.0,75.0,67.0,0,65,0
35.0,65.0,65.0,0,72,0
38.0,65.0,37.0,0,34,0
21.0,54.0,53.0,0,63,0
33.18,45.01,12.52,0,28,0
29.0,63.0,30.0,0,30,0
36.0,78.0,45.0,0,53,0
22.0,79.0,55.0,0,64,0
29.0,75.0,23.0,0,35,1
27.0,85.0,14.0,1,95,0
33.0,65.0,17.0,0,33,1
23.0,68.0,47.0,0,74,0
38.0,40.0,14.0,0,38,1
29.0,51.0,62.0,0,77,0
33.0,56.0,59.0,0,61,0
36.0,78.0,47.0,0,56,0
23.0,76.0,35.0,0,36,0
32.0,51.0,57.0,0,50,0
26.0,48.0,10.0,0,45,1
35.0,84.0,52.0,0,51,0
20.47,74.0,12.11,0,33,1
24.0,58.0,38.0,0,44,0
24.0,66.0,66.0,0,78,0
27.0,74.0,41.0,0,29,0
36.0,53.0,35.0,0,46,0
37.0,71.0,68.0,0,69,0
32.0,43.0,16.0,0,28,0
25.0,68.0,17.0,0,31,1
34.0,47.0,43.0,0,22,0
30.0,63.0,31.0,0,31,0
38.0,51.0,24.0,0,50,1
29.0,90.0,66.0,1,95,0
33.0,56.0,10.0,0,44,1
37.0,90.0,28.0,0,40,1
32.0,73.0,60.0,0,75,0
38.0,57.0,21.0,0,47,1
39.0,62.0,30.0,0,43,0
33.0,64.0,59.0,0,71,0
29.0,85.0,18.0,1,89,0
38.0,43.0,33.0,0,39,0
29.0,74.0,16.0,0,35,0
37.0,91.0,63.0,0,63,0
38.0,91.0,58.0,0,56,0
30.0,49.0,33.0,0,43,0
37.0,80.0,57.0,0,74,0
27.0,41.0,24.0,0,42,1
32.0,65.0,31.0,0,42,0
40.0,87.0,54.0,0,62,0
29.09,78.38,19.16,0,23,0
32.0,77.0,52.0,0,70,0
24.0,44.0,50.0,0,52,0
20.0,88.0,41.0,1,86,0
37.0,77.0,63.0,0,70,0
27.0,58.0,32.0,0,46,0
34.0,47.0,51.0,0,75,0
29.0,89.0,42.0,1,90,0
39.0,63.0,44.0,0,31,0
23.0,74.0,55.0,0,71,0
33.0,50.0,61.0,0,57,0
21.0,67.0,59.0,0,51,0
38.0,86.0,53.0,0,64,0
29.0,58.0,26.0,0,52,1
28.0,74.0,30.0,0,28,0
26.0,69.0,39.0,0,43,0
31.0,44.0,18.0,0,39,1
30.0,87.0,24.0,1,86,0
39.0,67.0,17.0,0,48,1
34.0,64.0,39.0,0,28,0
25.0,69.0,24.0,0,34,0
37.0,54.0,41.0,0,21,0
26.0,53.0,65.0,0,77,0
25.0,71.0,50.0,0,65,0
26.0,83.0,13.0,0,25,0
26.0,69.0,39.0,0,38,0
24.0,48.0,26.0,0,28,0
39.0,63.0,34.0,0,51,0
24.0,78.0,33.0,0,35,0
30.0,82.0,41.0,1,87,0
24.0,81.0,19.0,0,40,1
39.0,60.0,49.0,0,75,0
25.0,66.0,32.0,0,46,0
21.0,63.0,47.0,0,77,0
20.0,45.0,32.0,0,38,0
28.0,68.0,43.0,0,21,0
21.0,53.0,53.0,0,79,0
34.0,94.0,26.0,0,45,1
24.0,57.0,25.0,0,27,0
22.0,94.0,34.0,1,96,0
34.0,41.0,38.0,0,32,0
40.0,56.0,25.0,0,50,1
36.0,67.0,28.0,0,42,1
22.0,82.0,20.0,1,90,0
24.0,57.07,35.34,0,27,0
39.0,79.0,32.0,0,48,0
28.0,77.0,32.0,0,40,0
35.0,67.0,10.0,0,29,0
22.0,86.0,23.0,1,95,0
33.0,87.0,23.0,0,28,0
28.0,44.0,13.0,0,50,1
25.0,73.0,67.0,0,75,0
21.0,95.0,68.0,1,87,0
25.0,92.0,15.0,1,86,0
22.08,70.52,13.41,0,25,0
35.0,40.0,58.0,0,55,0
34.0,40.0,37.0,0,33,0
35.0,66.0,17.0,0,47,1
20.0,46.0,40.0,0,48,0
34.0,44.0,52.0,0,74,0
25.0,46.0,24.0,0,51,1
39.0,64.0,23.0,0,30,0
20.0,91.0,52.0,1,95,0
37.0,73.0,68.0,0,69,0
22.0,54.0,12.0,0,42,1
22.0,61.0,49.0,0,72,0
23.0,57.0,14.0,0,38,1
33.0,41.0,49.0,0,52,0
23.0,55.0,25.0,0,40,1
34.0,53.0,29.0,0,41,1
21.0,80.0,57.0,1,82,0
21.0,53.0,50.0,0,67,0
37.0,90.0,53.0,0,61,0
28.0,46.0,23.0,0,30,0
31.0,75.0,68.0,0,52,0
40.0,78.0,41.0,1,88,0
33.0,49.0,25.0,0,35,1
36.0,70.0,17.0,0,27,0
31.0,94.0,38.0,0,20,0
25.0,80.0,45.0,1,96,0
22.0,91.0,14.0,1,92,0
24.0,81.0,53.0,1,86,0
20.0,65.0,23.0,0,25,0
30.01,76.05,22.38,0,23,0
27.0,77.0,47.0,0,53,0
24.0,79.0,57.0,0,71,0
33.0,90.0,44.0,0,36,0
31.0,81.0,38.0,0,31,0
27.0,75.0,34.0,0,42,0
24.0,81.0,62.0,0,59,0
22.0,50.0,54.0,0,53,0
30.88,86.95,26.96,0,22,0
23.0,49.0,46.0,0,58,0
25.0,67.0,37.0,0,40,0
34.0,53.0,52.0,0,60,0
29.0,90.0,19.0,1,75,0
38.0,94.0,58.0,0,58,0
24.0,59.0,21.0,0,20,0
32.0,93.0,14.0,0,33,0
37.0,53.0,27.0,0,47,1
30.0,60.0,53.0,0,54,0
28.0,56.0,44.0,0,35,0
37.0,62.0,40.0,0,49,0
30.0,70.0,20.0,0,43,1
21.0,67.0,67.0,0,60,0
39.0,67.0,56.0,0,77,0
26.0,75.0,43.0,0,46,0
21.0,64.0,18.0,0,46,1
22.0,64.0,26.0,0,51,1
21.0,67.0,59.0,0,51,0
27.0,82.0,68.0,0,78,0
36.0,75.0,35.0,0,50,0
35.0,93.0,14.0,0,50,1
24.0,58.0,48.0,0,55,0
33.0,78.0,40.0,0,33,0
38.0,89.0,56.0,0,51,0
23.0,72.0,13.0,0,52,1
32.0,71.0,46.0,0,53,0
30.0,89.0,55.0,1,96,0
37.0,67.0,69.0,0,78,0
21.0,57.0,56.0,0,50,0
38.0,70.0,55.0,0,58,0
36.0,76.0,47.0,0,75,0
27.0,64.0,24.0,0,42,1
30.0,78.0,34.0,1,85,0
22.0,40.0,61.0,0,78,0
32.0,51.0,41.0,0,47,0
29.0,82.0,30.0,0,21,1
30.0,46.0,38.0,0,29,0
36.0,74.0,58.0,0,77,0
31.0,73.0,59.0,0,56,0
23.0,64.0,57.0,0,69,0
40.0,91.0,29.0,0,32,0
31.0,94.0,15.0,0,35,0
31.0,57.0,65.0,0,63,0
26.0,42.0,41.0,0,29,0
25.0,58.0,45.0,0,76,0
38.0,82.0,44.0,0,27,0
31.0,57.0,60.0,0,59,0
20.0,56.0,25.0,0,28,0
21.0,85.0,43.0,1,78,0
31.0,77.0,53.0,0,72,0
32.0,76.0,67.0,0,71,0
21.0,81.0,57.0,1,92,0
39.0,58.0,56.0,0,71,0
32.0,80.0,38.0,0,23,0
39.0,53.0,69.0,0,75,0
34.0,92.0,39.0,0,54,0
38.0,75.0,69.0,0,57,0
31.0,48.0,36.0,0,52,0
35.0,45.0,66.0,0,61,0
37.0,71.0,23.0,0,22,0
29.0,71.0,44.0,0,50,0
34.0,56.0,31.0,0,25,0
33.0,43.0,53.0,0,73,0
29.66,63.24,17.82,0,47,1
24.0,43.0,22.0,0,44,1
21.0,55.0,48.0,0,62,0
36.0,84.0,38.0,0,38,0
39.0,71.0,46.0,0,67,0
33.0,50.0,61.0,0,57,0
25.0,73.0,21.0,0,38,1
26.0,86.0,35.0,1,99,0
34.0,47.0,43.0,0,54,0
38.0,53.0,29.0,0,44,1
23.0,85.0,51.0,1,86,0
34.0,74.0,15.0,0,31,1
36.0,68.0,62.0,0,61,0
31.0,64.0,26.0,0,32,1
24.0,46.0,35.0,0,45,0
21.0,59.0,37.0,0,34,0
38.0,74.0,56.0,0,56,0
39.0,86.0,24.0,0,44,1
25.0,45.0,68.0,0,58,0
38.0,48.0,18.0,0,32,0
35.0,49.0,63.0,0,58,0
32.0,94.0,18.0,0,49,1
34.0,57.0,30.0,0,32,0
26.0,66.0,45.0,0,62,0
23.0,55.0,22.0,0,39,1
20.0,86.0,64.0,1,76,0
21.0,74.0,58.0,0,65,0
30.0,55.0,14.0,0,35,1
23.0,51.0,20.0,0,22,0
28.0,76.0,42.0,0,43,0
26.0,89.0,57.0,1,89,0
21.0,41.0,24.0,0,42,1
26.0,88.0,12.0,1,89,0
27.0,65.0,15.0,0,35,0
37.0,90.0,27.0,0,32,1
37.0,43.0,17.0,0,43,1
21.0,56.0,46.0,0,74,0
32.0,51.0,17.0,0,34,0
24.0,94.0,12.0,1,92,0
22.0,89.0,52.0,1,84,0
26.0,54.0,32.0,0,33,1
35.0,76.0,12.0,0,46,1
25.0,86.0,39.0,1,81,0
30.0,92.0,34.0,1,99,0
30.0,87.0,42.0,1,88,0
21.0,89.0,21.0,1,88,0
26.0,64.0,14.0,0,24,0
25.0,81.0,61.0,1,98,0
34.0,92.0,63.0,0,69,0
26.0,59.0,17.0,0,29,0
33.0,49.0,21.0,0,25,0
29.0,59.0,19.0,0,29,0
31.0,65.0,53.0,0,50,0
30.0,54.0,47.0,0,64,0
28.0,43.0,16.0,0,42,1
20.0,53.0,25.0,0,30,0
22.0,66.0,34.0,0,37,0
29.0,62.0,24.0,0,49,1
21.0,49.0,44.0,0,30,0
33.0,54.0,62.0,0,56,0
24.0,87.0,18.0,1,94,0
21.0,71.0,12.0,0,22,0
31.0,92.0,19.0,0,42,1
23.0,55.0,49.0,0,65,0
30.0,86.0,56.0,1,90,0
23.0,50.0,30.0,0,49,0
27.0,65.0,64.0,0,72,0
37.0,91.0,45.0,0,50,0
32.0,61.0,28.0,0,21,0
29.0,92.0,65.0,1,76,0
31.0,84.0,28.0,0,50,0
32.0,94.0,44.0,0,34,0
31.0,57.0,25.0,0,31,1
36.0,68.0,62.0,0,61,0
39.0,68.0,33.0,0,37,0
35.0,46.0,36.0,0,33,0
31.0,68.0,68.0,0,79,0
24.0,90.0,61.0,1,78,0
22.0,80.0,33.0,1,91,0
20.0,85.0,14.0,1,80,0
25.0,41.0,15.0,0,33,1
20.0,86.0,43.0,1,99,0
22.0,46.0,59.0,0,63,0
33.0,63.0,20.0,0,45,1
35.0,57.0,16.0,0,32,1
31.0,72.0,65.0,0,56,0
25.0,51.0,28.0,0,29,0
26.0,88.0,25.0,1,86,0
26.0,53.0,24.0,0,40,1
39.0,40.0,22.0,0,20,0
23.0,88.0,68.0,1,78,0
22.0,83.0,47.0,1,95,0
35.0,64.0,63.0,0,77,0
24.0,68.0,56.0,0,53,0
31.0,86.0,49.0,0,56,0
33.39,66.71,35.35,0,47,0
28.0,45.0,34.0,0,32,0
32.0,48.0,39.0,0,39,0
30.0,78.0,58.0,0,62,0
33.0,78.0,36.0,0,34,0
34.0,71.0,61.0,0,64,0
37.0,52.0,52.0,0,63,0
23.0,58.0,29.0,0,20,0
37.0,89.0,62.0,0,50,0
23.0,46.0,55.0,0,54,0
30.85,79.58,42.85,0,30,0
31.0,74.0,22.0,0,34,0
21.0,79.0,15.0,1,91,0
21.0,92.0,31.0,1,92,0
29.0,80.0,64.0,1,73,0
20.0,77.0,54.0,0,63,0
38.0,46.0,14.0,0,40,1
36.0,80.0,21.0,0,20,0
29.0,80.0,42.0,0,54,0
39.0,44.0,32.0,0,28,1
30.15,62.94,29.71,0,20,0
23.0,68.0,64.0,0,54,0
21.0,50.0,59.0,0,78,0
35.0,94.0,50.0,0,71,0
38.0,74.0,70.0,0,78,0
26.0,41.0,47.0,0,56,0
20.0,83.0,68.0,0,60,0
28.0,84.0,35.0,1,84,0
35.0,42.0,51.0,0,73,0
29.0,69.0,28.0,0,36,1
37.0,93.0,51.0,0,54,0
29.66,57.14,43.43,0,39,0
32.2,74.77,14.8,0,46,1
20.0,68.0,61.0,0,79,0
22.0,42.0,27.0,0,44,1
25.0,54.0,12.0,0,50,1
21.0,72.0,42.0,0,32,0
27.0,83.0,43.0,1,96,0
28.0,74.0,60.0,0,69,0
28.0,82.0,30.0,0,40,1
33.0,44.0,59.0,0,60,0
21.0,48.0,65.0,0,68,0
22.0,91.0,47.0,1,85,0
32.0,52.0,58.0,0,72,0
33.0,64.0,60.0,0,55,0
25.0,75.0,33.0,0,31,0
30.0,61.0,13.0,0,36,1
32.0,43.0,23.0,0,29,0
31.0,87.0,39.0,0,52,0
37.0,62.0,40.0,0,23,0
25.0,93.0,52.0,1,92,0
29.0,79.0,47.0,0,66,0
29.0,48.0,32.0,0,34,0
22.0,66.0,36.0,0,27,0
30.0,91.0,41.0,1,76,0
28.0,74.0,47.0,0,73,0
32.0,93.0,36.0,0,44,0
32.0,90.0,63.0,0,57,0
39.0,45.0,17.0,0,53,1
31.0,46.0,68.0,0,72,0
32.0,56.0,59.0,0,57,0
29.0,48.0,24.0,0,44,1
38.0,81.0,14.0,1,81,0
22.0,55.0,24.0,0,30,0
26.0,86.0,48.0,1,98,0
31.0,60.0,39.0,0,46,0
21.0,90.0,64.0,1,77,0
20.0,83.0,44.0,1,80,0
32.0,52.0,19.0,0,21,0
29.0,95.0,16.0,1,82,0
25.0,49.0,25.0,0,30,0
39.0,77.0,50.0,0,64,0
40.0,50.0,14.0,0,46,1
33.0,70.0,59.0,0,78,0
26.0,78.0,22.0,0,31,0
27.0,47.0,59.0,0,77,0
24.0,41.0,64.0,0,75,0
30.0,70.0,15.0,0,30,0
20.0,74.0,41.0,0,23,0
39.0,82.0,52.0,0,56,0
34.0,88.0,20.0,0,40,1
24.0,61.0,25.0,0,28,0
27.0,54.0,61.0,0,53,0
22.0,85.0,64.0,1,85,0
33.0,85.0,26.0,0,21,0
20.0,43.0,42.0,0,33,0
30.0,62.0,42.0,0,30,0
33.0,43.0,57.0,0,70,0
26.0,69.0,68.0,0,57,0
27.0,81.0,43.0,1,78,0
24.0,58.0,48.0,0,63,0
35.0,60.0,59.0,0,57,0
22.0,94.0,23.0,1,91,0
21.0,80.0,58.0,1,96,0
22.0,78.0,24.0,0,40,1
35.0,46.0,26.0,0,42,1
40.0,52.0,46.0,0,64,0
22.0,66.0,25.0,0,34,0
21.0,94.0,56.0,1,93,0
21.0,52.0,52.0,0,60,0
38.0,42.0,55.0,0,56,0
24.0,83.0,22.0,1,88,0
38.0,50.0,37.0,0,43,0
33.0,76.0,65.0,0,58,0
26.0,48.0,62.0,0,67,0
26.0,58.0,31.0,0,44,0
22.0,62.0,64.0,0,61,0
23.0,70.0,58.0,0,66,0
23.0,84.0,29.0,0,26,0
23.0,70.0,58.0,0,66,0
25.0,42.0,49.0,0,79,0
35.0,44.0,62.0,0,71,0
34.0,47.0,23.0,0,42,1
35.0,94.0,57.0,0,50,0
32.0,85.0,27.0,0,20,0
39.0,92.0,27.0,0,37,1
34.0,85.0,48.0,0,74,0
30.0,94.0,11.0,1,76,0
36.0,78.0,65.0,1,83,0
22.0,41.0,24.0,0,28,0
36.0,55.0,32.0,0,50,1
32.0,75.0,58.0,0,68,0
29.0,78.0,67.0,0,64,0
20.0,90.0,15.0,1,87,0
40.0,80.0,47.0,0,76,0
29.0,47.0,33.0,0,35,0
26.0,47.0,28.0,0,41,1
34.0,64.0,18.0,0,23,0
28.0,47.0,58.0,0,72,0
35.0,93.0,47.0,0,52,0
38.0,79.0,11.0,0,46,1
36.0,79.0,43.0,0,25,0
37.0,82.0,45.0,0,65,0
40.0,50.0,69.0,0,54,0
38.0,82.0,44.0,0,24,0
25.0,40.0,48.0,0,50,0
28.0,95.0,65.0,1,75,0
22.0,88.0,28.0,1,97,0
30.0,40.0,60.0,0,70,0
29.3,75.72,19.96,0,37,1
23.0,41.0,20.0,0,26,0
39.0,88.0,51.0,0,70,0
37.0,77.0,54.0,0,75,0
35.0,85.0,35.0,0,35,0
28.0,50.0,33.0,0,25,0
39.0,94.0,37.0,0,35,0
29.0,58.0,55.0,0,51,0
28.0,49.0,69.0,0,51,0
38.0,71.0,39.0,0,48,0
23.0,84.0,25.0,1,85,0
22.0,80.0,54.0,1,87,0
23.0,85.0,22.0,1,70,0
25.0,83.0,17.0,1,76,0
22.0,57.0,20.0,0,39,1
28.0,49.0,57.0,0,59,0
26.0,90.0,17.0,1,84,0
39.0,86.0,62.0,0,62,0
32.0,70.0,49.0,0,66,0
21.0,94.0,38.0,1,75,0
33.0,45.0,59.0,0,54,0
31.0,79.0,63.0,1,80,0
23.0,68.0,66.0,0,50,0
34.0,78.0,37.0,0,41,0
29.0,46.0,11.0,0,43,1
24.0,41.0,31.0,0,35,0
25.0,83.0,68.0,1,98,0
24.0,69.0,66.0,0,59,0
35.0,77.0,16.0,0,31,1
24.0,70.0,32.0,0,44,0
21.0,52.0,69.0,0,53,0
36.0,46.0,34.0,0,32,0
29.0,80.0,45.0,1,98,0
35.0,48.0,22.0,0,47,1
20.0,94.0,59.0,1,74,0
28.0,65.0,66.0,0,64,0
22.0,44.0,18.0,0,48,1
33.0,87.0,40.0,0,36,0
35.0,51.0,26.0,0,35,0
21.0,94.0,17.0,1,87,0
37.0,66.0,43.0,0,46,0
24.0,46.0,55.0,0,52,0
37.0,43.0,10.0,0,37,1
29.0,71.0,52.0,0,70,0
22.0,86.0,31.0,1,97,0
25.0,45.0,31.0,0,44,0
29.0,47.0,39.0,0,51,0
20.0,88.0,38.0,1,80,0
30.0,64.0,43.0,0,24,0
35.0,51.0,45.0,0,50,0
40.0,66.0,55.0,0,55,0
29.0,84.0,10.0,1,83,0
38.0,59.0,66.0,0,67,0
24.0,88.0,35.0,1,74,0
35.0,80.0,60.0,0,61,0
23.0,65.0,60.0,0,61,0
37.0,65.0,53.0,0,51,0
36.0,86.0,45.0,0,55,0
31.0,42.0,51.0,0,76,0
29.0,43.0,63.0,0,78,0
39.0,68.0,37.0,0,27,0
24.0,44.0,60.0,0,70,0
34.0,86.0,60.0,0,61,0
33.0,76.0,30.0,0,33,0
39.0,85.0,65.0,0,73,0
34.0,65.0,39.0,0,44,0
33.0,43.0,62.0,0,69,0
20.0,88.0,21.0,1,99,0
40.0,43.0,12.0,0,49,1
23.0,58.0,35.0,0,22,0
37.0,79.0,44.0,0,28,0
37.0,91.0,21.0,0,32,1
32.0,48.0,39.0,0,39,0
31.0,78.0,24.0,1,78,0
29.0,94.0,54.0,1,87,0
27.0,64.0,55.0,0,53,0
38.0,56.0,14.0,0,44,1
36.0,71.0,18.0,0,39,1
36.0,76.0,21.0,0,25,0
32.0,70.0,50.0,0,76,0
20.0,70.0,53.0,0,65,0
36.0,49.0,37.0,0,44,0
37.0,51.0,10.0,0,24,0
20.0,67.0,15.0,0,30,0
24.0,54.0,68.0,0,65,0
39.0,62.0,24.0,0,45,1
27.15,41.74,43.35,0,37,0
36.0,76.0,53.0,0,50,0
27.0,68.0,32.0,0,50,1
26.0,74.0,57.0,0,67,0
36.0,74.0,22.0,0,34,0
30.0,59.0,38.0,0,53,0
28.0,67.0,44.0,0,29,0
33.0,45.0,60.0,0,73,0
31.0,62.0,21.0,0,32,1
27.53,88.71,42.31,1,88,0
20.0,89.0,45.0,1,74,0
37.0,42.0,16.0,0,30,0
39.0,57.0,19.0,0,44,1
34.0,65.0,63.0,0,59,0
29.0,86.0,40.0,1,82,0
25.99,42.73,13.36,0,20,0
39.0,88.0,34.0,0,27,0
35.0,71.0,65.0,0,68,0
21.0,71.0,35.0,0,25,0
25.0,87.0,27.0,1,86,0
30.0,52.0,21.0,0,28,0
34.0,86.0,60.0,0,61,0
40.0,54.0,31.0,0,47,0
36.0,65.0,36.0,0,23,0
32.0,56.0,47.0,0,66,0
29.0,93.0,70.0,1,81,0
38.0,89.0,56.0,0,51,0
26.0,55.0,46.0,0,78,0
35.0,53.0,18.0,0,26,0
29.0,83.0,19.0,1,93,0
39.0,61.0,56.0,0,69,0
28.0,80.0,57.0,1,80,0
25.0,83.0,17.0,1,93,0
39.0,64.0,15.0,0,23,0
24.0,80.0,54.0,0,65,0
25.0,52.0,65.0,0,78,0
39.0,47.0,52.0,0,65,0
22.0,58.0,37.0,0,22,0
36.0,65.0,55.0,0,65,0
26.0,44.0,52.0,0,62,0
26.0,60.0,27.0,0,22,0
28.0,79.0,11.0,1,81,0
36.0,72.0,19.0,0,31,0
35.0,60.0,48.0,0,53,0
36.0,74.0,10.0,0,48,1
35.0,94.0,52.0,0,70,0
29.0,55.0,46.0,0,64,0
37.0,81.0,47.0,0,62,0
23.37,59.45,44.64,0,46,0
25.0,88.0,66.0,1,74,0
39.0,72.0,10.0,0,53,1
22.0,90.0,60.0,1,98,0
22.0,75.0,52.0,0,64,0
34.0,74.0,28.0,0,27,1
21.0,71.0,35.0,0,25,0
25.0,41.0,30.0,0,54,1
39.0,59.0,65.0,0,63,0
38.0,81.0,12.0,0,46,1
25.0,58.0,66.0,0,54,0
34.0,54.0,46.0,0,65,0
26.0,45.0,55.0,0,78,0
24.0,67.0,19.0,0,26,0
35.0,68.0,45.0,0,55,0
34.0,74.0,64.0,0,57,0
28.0,82.0,45.0,0,71,0
29.0,93.0,38.0,1,80,0
38.0,82.0,50.0,0,70,0
31.0,65.0,55.0,0,51,0
33.0,50.0,35.0,0,46,0
23.0,80.0,46.0,1,88,0
24.0,44.0,48.0,0,79,0
36.0,62.0,33.0,0,37,0
30.0,56.0,64.0,0,68,0
30.0,93.0,33.0,1,73,0
20.0,48.0,69.0,0,76,0
30.0,85.0,64.0,1,90,0
21.0,78.0,19.0,0,41,1
24.0,76.0,24.0,0,48,1
30.0,51.0,22.0,0,23,0
34.0,83.0,26.0,1,89,0
33.0,91.0,12.0,0,54,1
22.0,80.0,54.0,0,53,0
26.0,45.0,63.0,0,72,0
33.43,47.64,39.89,0,22,0
32.0,71.0,37.0,0,40,0
32.0,70.0,30.0,0,45,0
30.0,78.0,13.0,0,38,1
23.0,69.0,22.0,0,40,1
29.0,51.0,23.0,0,35,1
35.0,77.0,26.0,0,29,0
35.0,70.0,34.0,0,35,0
33.0,50.0,62.0,0,52,0
39.0,67.0,34.0,0,30,0
36.0,89.0,40.0,0,53,0
27.0,46.0,48.0,0,55,0
27.0,47.0,14.0,0,28,0
20.0,46.0,12.0,0,33,0
36.0,49.0,36.0,0,34,0
29.0,47.0,21.0,0,22,0
37.0,86.0,21.0,0,28,0
37.0,89.0,11.0,0,34,1
39.0,68.0,37.0,0,27,0
36.0,82.0,45.0,1,94,0
28.0,94.0,14.0,1,96,0
35.0,71.0,54.0,0,54,0
23.0,81.0,46.0,0,79,0
31.0,48.0,46.0,0,59,0
35.0,64.0,49.0,0,62,0
27.0,78.0,17.0,0,53,1
22.0,81.0,43.0,0,32,0
39.0,84.0,38.0,0,22,0
26.0,76.0,59.0,0,51,0
24.0,85.0,47.0,1,84,0
22.37,44.68,18.11,0,20,0
36.0,56.0,12.0,0,50,1
40.0,95.0,21.0,0,51,1
33.0,71.0,65.0,0,63,0
37.0,57.0,61.0,0,58,0
35.0,85.0,48.0,0,70,0
20.4,46.86,33.16,0,38,0
36.0,83.0,41.0,0,29,0
24.0,64.0,57.0,0,71,0
28.0,49.0,31.0,0,25,0
27.0,47.0,14.0,0,47,1
28.0,78.0,13.0,0,38,1
21.0,53.0,13.0,0,36,1
36.0,91.0,15.0,0,38,1
22.34,68.41,24.38,0,36,1
39.0,75.0,17.0,0,41,1
37.0,77.0,33.0,0,29,0
39.0,89.0,20.0,0,34,1
39.0,74.0,60.0,0,67,0
39.0,53.0,45.0,0,54,0
38.0,77.0,48.0,0,50,0
33.0,91.0,41.0,0,25,0
36.0,78.0,33.0,0,22,0
25.11,74.23,38.53,0,43,0
21.0,55.0,47.0,0,63,0
35.0,60.0,54.0,0,72,0
39.0,79.0,17.0,1,82,0
20.0,93.0,48.0,1,88,0
26.0,93.0,35.0,1,77,0
21.0,78.0,19.0,0,39,1
33.0,50.0,43.0,0,26,0
32.0,86.0,12.0,0,43,1
28.0,88.0,67.0,1,72,0
32.0,72.0,66.0,0,72,0
37.0,85.0,28.0,0,47,0
37.0,93.0,56.0,0,55,0
25.0,93.0,53.0,1,91,0
28.0,78.0,24.0,0,42,1
28.0,57.0,60.0,0,61,0
20.48,63.33,25.14,0,26,0
35.0,40.0,36.0,0,35,0
29.0,89.0,32.0,1,76,0
20.0,64.0,41.0,0,46,0
32.0,65.0,47.0,0,61,0
22.0,59.0,15.0,0,46,1
29.0,75.0,59.0,0,62,0
20.0,80.0,19.0,1,92,0
38.0,75.0,43.0,0,28,0
27.0,59.0,38.0,0,41,0
34.0,55.0,52.0,0,73,0
26.0,93.0,64.0,1,88,0
38.0,87.0,17.0,0,32,0
28.0,45.0,64.0,0,51,0
33.0,75.0,54.0,0,57,0
26.0,72.0,35.0,0,39,0
37.0,67.0,60.0,0,73,0
30.0,67.0,51.0,0,52,0
28.0,41.0,24.0,0,37,1
34.0,77.0,17.0,0,24,0
36.0,66.0,34.0,0,35,0
32.0,63.0,39.0,0,21,0
29.0,47.0,33.0,0,47,0
30.0,94.0,48.0,1,96,0
32.0,79.0,50.0,0,60,0
21.0,55.0,54.0,0,56,0
28.0,47.0,21.0,0,53,1
25.0,43.0,33.0,0,50,0
34.0,58.0,31.0,0,21,0
36.0,74.0,46.0,0,68,0
21.0,77.0,32.0,0,44,0
20.0,69.0,21.0,0,31,0
33.0,78.0,62.0,0,73,0
28.0,86.0,33.0,1,77,0
24.0,72.0,58.0,0,51,0
23.0,72.0,40.0,0,40,0
22.0,56.0,70.0,0,67,0
20.0,68.0,54.0,0,66,0
28.0,83.0,57.0,0,57,0
21.0,62.0,50.0,0,71,0
36.0,75.0,32.0,0,35,0
38.0,62.0,68.0,0,71,0
27.0,92.0,31.0,1,92,1
40.0,87.0,14.0,0,45,1
26.0,72.0,32.0,0,40,0
32.0,86.0,29.0,0,38,0
24.0,90.0,31.0,1,77,0
32.0,48.0,42.0,0,33,0
27.0,52.0,13.0,0,33,1
33.0,84.0,12.0,0,46,1
20.0,49.0,40.0,0,34,0
23.0,74.0,26.0,0,47,1
26.0,67.0,15.0,0,35,1
38.0,63.0,35.0,0,32,0
20.0,55.0,48.0,0,71,0
27.0,54.0,30.0,0,34,0
22.0,80.0,68.0,1,83,0
26.0,77.0,42.0,0,31,0
35.0,67.0,30.0,0,21,0
27.0,60.0,34.0,0,28,0
29.0,74.0,61.0,0,78,0
28.0,56.0,20.0,0,51,1
23.0,52.0,67.0,0,58,0
21.26,89.84,14.89,1,90,0
30.0,86.0,51.0,1,89,0
24.0,80.0,51.0,0,61,0
33.0,91.0,45.0,0,77,0
23.0,81.0,46.0,1,90,0
24.0,75.0,63.0,0,68,0
28.0,43.0,60.0,0,73,0
31.0,94.0,55.0,0,51,0
20.0,51.0,14.0,0,43,1
20.0,73.0,38.0,0,32,0
29.0,51.0,27.0,0,42,1
40.0,41.0,38.0,0,22,0
23.0,64.0,54.0,0,59,0
28.0,94.0,12.0,1,93,0
34.0,61.0,68.0,0,55,0
23.0,91.0,26.0,1,93,0
39.0,62.0,27.0,0,37,1
32.0,41.0,11.0,0,34,0
34.44,46.31,16.05,0,34,1
25.0,82.0,40.0,1,95,0
20.0,61.0,59.0,0,64,0
34.0,55.0,52.0,0,73,0
39.0,83.0,41.0,0,37,0
22.0,74.0,10.0,0,27,0
37.0,42.0,67.0,0,50,0
32.0,72.0,26.0,0,25,0
29.0,89.0,57.0,1,74,0
35.0,69.0,54.0,0,72,0
26.0,83.0,17.0,1,84,0
33.0,43.0,13.0,0,49,1
21.0,69.0,27.0,0,38,1
24.07,77.16,41.05,0,24,0
39.0,87.0,29.0,0,21,1
26.0,56.0,43.0,0,26,0
27.0,62.0,18.0,0,53,1
40.0,84.0,38.0,0,27,0
26.0,81.0,37.0,1,77,0
32.0,51.0,10.0,0,40,1
30.0,52.0,43.0,0,44,0
39.0,44.0,29.0,0,33,1
38.0,50.0,67.0,0,72,0
29.0,41.0,11.0,0,46,1
36.0,52.0,42.0,0,53,0
38.0,91.0,67.0,0,56,0
25.0,86.0,12.0,1,80,0
36.0,42.0,37.0,0,33,0
33.0,89.0,12.0,0,41,1
30.0,55.0,13.0,0,40,1
21.0,82.0,43.0,1,79,0
39.0,64.0,63.0,0,78,0
30.0,42.0,63.0,0,59,0
24.0,61.0,64.0,0,60,0
25.0,84.0,55.0,1,77,0
22.0,69.0,59.0,0,61,0
22.0,43.0,13.0,0,47,1
34.0,56.0,62.0,0,67,0
23.0,46.0,35.0,0,31,0
40.0,80.0,43.0,1,98,0
25.0,72.0,32.0,0,34,0
31.0,41.0,68.0,0,77,0
33.0,69.0,64.0,0,58,0
29.0,70.0,54.0,0,78,0
33.0,68.0,62.0,0,65,0
21.0,49.0,19.0,0,30,0
25.0,81.0,22.0,1,76,0
37.0,81.0,20.0,0,45,1
34.0,44.0,21.0,0,20,0
35.0,51.0,68.0,0,68,0
30.0,41.0,56.0,0,61,0
37.0,90.0,55.0,0,69,0
39.0,95.0,44.0,0,28,0
39.0,56.0,26.0,0,23,0
35.0,70.0,45.0,0,61,0
33.0,71.0,14.0,0,25,0
37.0,83.0,57.0,0,74,0
22.0,94.0,23.0,1,92,0
26.0,81.0,26.0,1,84,0
30.0,88.0,58.0,1,80,0
32.0,74.0,10.0,0,23,0
39.0,68.0,61.0,0,53,0
31.0,54.0,40.0,0,42,0
26.0,61.0,19.0,0,26,0
20.0,62.0,30.0,0,38,0
37.0,51.0,51.0,0,60,0
34.0,63.0,70.0,0,70,0
34.0,43.0,37.0,0,31,0
27.0,65.0,64.0,0,72,0
23.0,43.0,56.0,0,64,0
25.0,43.0,39.0,0,39,0
25.0,48.0,21.0,0,34,0
36.0,40.0,41.0,0,27,0
31.0,48.0,12.0,0,45,1
35.0,56.0,55.0,0,69,0
26.0,49.0,24.0,0,50,1
29.0,61.0,26.0,0,45,1
26.0,75.0,38.0,0,43,0
23.0,46.0,35.0,0,34,0
36.0,88.0,33.0,0,34,0
23.0,46.0,39.0,0,38,0
21.0,76.0,57.0,0,56,0
28.0,59.0,62.0,0,68,0
23.0,79.0,68.0,0,65,0
20.7,76.53,42.43,0,30,0
30.0,78.0,18.0,1,79,0
31.0,65.0,13.0,0,45,1
32.0,45.0,33.0,0,38,0
22.0,56.0,58.0,0,61,0
29.0,77.0,10.0,0,46,1
21.0,85.0,12.0,1,74,0
32.0,42.0,44.0,0,20,0
28.0,76.0,16.0,0,39,1
26.0,85.0,41.0,1,84,0
31.0,57.0,33.0,0,38,0
31.0,49.0,40.0,0,25,0
39.0,72.0,50.0,0,61,0
34.0,44.0,20.0,0,34,0
23.0,83.0,42.0,0,37,0
22.0,65.0,46.0,0,55,0
38.0,78.0,64.0,0,76,0
23.0,83.0,60.0,1,76,0
32.0,65.0,31.0,0,47,0
37.0,88.0,27.0,0,26,0
26.0,78.0,59.0,1,98,0
22.0,63.0,42.0,0,35,0
28.0,74.0,61.0,0,74,0
37.0,66.0,63.0,0,67,0
31.0,76.0,41.0,0,30,0
38.0,53.0,29.0,0,44,1
38.0,62.0,36.0,0,51,0
36.0,46.0,52.0,0,67,0
29.0,61.0,64.0,0,66,0
31.0,44.0,39.0,0,49,0
21.04,72.92,39.04,0,47,0
22.0,51.0,35.0,0,38,0
30.0,49.0,46.0,0,62,0
24.0,79.0,20.0,0,20,0
20.0,55.0,46.0,0,52,0
33.0,93.0,52.0,0,76,0
34.0,87.0,32.0,0,32,0
35.0,88.0,28.0,0,22,0
34.0,91.0,53.0,0,52,0
25.0,46.0,46.0,0,70,0
36.0,51.0,13.0,0,32,0
22.0,91.0,19.0,1,75,0
31.0,56.0,15.0,0,52,1
31.0,40.0,42.0,0,34,0
32.0,44.0,66.0,0,62,0
39.0,47.0,31.0,0,31,0
23.0,61.0,35.0,0,51,0
32.0,82.0,53.0,0,50,0
30.0,93.0,65.0,1,91,0
35.0,87.0,66.0,0,59,0
38.0,40.0,19.0,0,28,0
22.0,43.0,23.0,0,45,1
20.0,95.0,48.0,1,76,0
40.0,79.0,46.0,0,71,0
38.0,56.0,17.0,0,54,1
39.0,55.0,12.0,0,44,1
35.0,90.0,52.0,0,51,0
26.0,83.0,62.0,0,51,0
36.0,56.0,19.0,0,31,0
28.0,46.0,70.0,0,61,0
24.0,70.0,22.0,0,47,1
28.0,88.0,42.0,1,73,0
35.0,61.0,29.0,0,32,1
39.0,52.0,56.0,0,61,0
29.0,70.0,15.0,0,20,0
33.0,49.0,64.0,0,68,0
22.0,62.0,70.0,0,59,0
24.0,48.0,32.0,0,27,1
28.0,42.0,53.0,0,68,0
28.0,78.0,22.0,1,88,0
21.0,63.0,53.0,0,79,0
26.0,62.0,41.0,0,41,0
32.0,68.0,18.0,0,45,1
39.0,51.0,16.0,0,48,1
35.0,70.0,46.0,0,72,0
21.0,85.0,43.0,1,98,0
39.0,65.0,35.0,0,41,0
40.0,61.0,67.0,0,56,0
38.0,89.0,26.0,0,38,1
24.0,47.0,51.0,0,66,0
38.0,47.0,37.0,0,27,0
32.0,94.0,18.0,0,40,1
38.0,85.0,58.0,0,71,0
20.0,88.0,20.0,1,93,0
34.0,40.0,63.0,0,79,0
27.0,82.0,51.0,0,66,0
25.0,79.0,22.0,0,35,1
21.0,63.0,28.0,0,36,1
22.0,76.0,65.0,0,78,0
25.0,62.0,31.0,0,23,1
32.0,47.0,65.0,0,54,0
35.0,45.0,29.0,0,20,0
33.0,89.0,35.0,0,27,0
23.0,78.0,62.0,0,56,0
30.0,56.0,46.0,0,69,0
20.0,52.0,52.0,0,76,0
36.0,80.0,61.0,0,62,0
37.0,68.0,32.0,0,40,0
31.0,86.0,10.0,0,45,1
33.0,58.0,13.0,0,45,1
22.0,47.0,53.0,0,50,0
31.0,48.0,16.0,0,47,1
39.0,87.0,12.0,0,52,1
25.0,85.0,21.0,1,80,0
28.0,47.0,48.0,0,57,0
39.0,64.0,24.0,0,48,1
29.0,91.0,44.0,1,80,0
31.0,63.0,26.0,0,29,0
34.0,43.0,65.0,0,53,0
29.0,64.0,40.0,0,40,0
25.0,58.0,69.0,0,61,0
34.0,54.0,13.0,0,42,1
36.0,61.0,22.0,0,31,1
21.0,61.0,26.0,0,23,0
29.0,83.0,26.0,0,26,0
29.0,68.0,26.0,0,23,0
23.47,56.04,13.14,0,45,1
24.0,46.0,43.0,0,36,0
39.0,68.0,51.0,0,77,0
25.0,65.0,36.0,0,27,0
34.0,89.0,59.0,0,56,0
25.0,47.0,32.0,0,45,1
30.0,64.0,48.0,0,66,0
28.0,58.0,68.0,0,54,0
29.0,86.0,20.0,1,88,0
24.0,49.0,59.0,0,70,0
34.0,92.0,67.0,0,55,0
35.0,49.0,54.0,0,51,0
25.0,49.0,25.0,0,30,0
20.0,55.0,20.0,0,42,1
21.0,81.0,20.0,1,96,0
33.0,85.0,10.0,0,45,1
31.0,60.0,34.0,0,30,0
22.0,67.0,48.0,0,78,0
34.0,91.0,52.0,0,54,0
27.0,81.0,52.0,0,69,0
36.0,41.0,21.0,0,37,1
29.0,82.0,25.0,1,83,0
33.0,89.0,24.0,0,53,1
40.0,91.0,61.0,0,73,0
33.0,48.0,55.0,0,50,0
30.0,46.0,51.0,0,56,0
30.0,76.0,57.0,0,56,0
34.0,88.0,44.0,0,31,0
37.0,81.0,33.0,0,43,0
27.0,60.0,25.0,0,37,1
21.0,63.0,40.0,0,20,0
28.0,42.0,35.0,0,35,0
32.0,61.0,46.0,0,69,0
31.0,74.0,39.0,0,35,0
37.0,50.0,66.0,0,72,0
39.0,91.0,53.0,0,62,0
31.0,64.0,49.0,0,62,0
33.0,48.0,48.0,0,65,0
21.0,52.0,63.0,0,64,0
28.0,78.0,45.0,0,53,0
25.0,63.0,36.0,0,39,0
29.0,71.0,35.0,0,20,0
39.0,60.0,22.0,0,41,1
37.0,81.0,12.0,1,85,0
35.0,45.0,12.0,0,28,0
33.0,89.0,12.0,0,49,1
26.0,49.0,16.0,0,45,1
22.47,59.78,40.12,0,31,0
23.0,83.0,13.0,1,94,0
33.0,76.0,67.0,0,70,0
36.0,80.0,39.0,0,40,0
32.0,40.0,19.0,0,51,1
35.0,82.0,48.0,0,66,0
27.0,47.0,48.0,0,57,0
39.0,94.0,12.0,0,27,0
30.0,57.0,65.0,0,53,0
40.0,92.0,67.0,0,63,0
29.0,87.0,17.0,1,83,0
26.0,51.0,16.0,0,46,1
36.0,57.0,16.0,0,39,1
20.0,76.0,22.0,0,40,1
23.0,45.0,47.0,0,70,0
21.0,49.0,25.0,0,24,0
37.0,89.0,23.0,0,34,1
30.0,50.0,27.0,0,34,1
30.0,91.0,62.0,1,95,0
30.0,63.0,33.0,0,26,0
24.0,52.0,37.0,0,44,0
30.0,79.0,12.0,0,42,1
21.0,47.0,31.0,0,44,1
22.0,51.0,34.0,0,40,0
38.0,82.0,14.0,0,49,1
31.0,88.0,55.0,0,59,0
36.0,82.0,66.0,0,58,0
31.0,87.0,40.0,0,31,0
25.0,94.0,43.0,1,78,0
35.0,51.0,47.0,0,69,0
31.32,55.95,27.64,0,40,1
39.0,48.0,25.0,0,45,1
35.0,78.0,56.0,0,79,0
20.0,46.0,39.0,0,37,0
21.0,71.0,66.0,0,77,0
32.0,81.0,34.0,0,37,0
34.0,51.0,30.0,0,53,0
33.0,41.0,41.0,0,50,0
21.0,42.0,32.0,0,42,0
35.0,75.0,49.0,0,51,0
24.0,94.0,25.0,1,72,0
20.0,55.0,64.0,0,58,0
33.0,93.0,23.0,0,25,0
34.0,76.0,30.0,0,33,0
38.0,45.0,29.0,0,46,1
28.0,73.0,66.0,0,72,0
40.0,49.0,42.0,0,25,0
21.03,77.62,15.87,0,21,0
26.0,60.0,54.0,0,79,0
33.0,66.0,68.0,0,68,0
39.0,89.0,40.0,0,23,0
33.0,73.0,67.0,0,61,0
25.0,89.0,31.0,1,78,0
22.0,90.0,56.0,1,78,0
26.0,75.0,21.0,0,46,1
22.98,50.41,18.4,0,43,1
20.0,62.0,19.0,0,44,1
21.0,63.0,40.0,0,46,0
24.0,62.0,28.0,0,20,1
24.0,48.0,55.0,0,57,0
38.0,51.0,61.0,0,50,0
26.0,72.0,64.0,0,50,0
25.32,56.55,42.55,0,43,0
31.0,76.0,15.0,0,38,1
35.0,78.0,37.0,0,28,0
27.0,79.0,39.0,1,81,0
23.0,44.0,10.0,0,46,1
25.0,80.0,54.0,1,78,0
35.0,52.0,48.0,0,50,0
37.0,66.0,43.0,0,46,0
36.0,76.0,48.0,0,77,0
30.0,88.0,64.0,1,95,0
27.0,63.0,65.0,0,73,0
20.31,61.73,16.25,0,41,1
25.0,54.0,27.0,0,51,1
28.0,81.0,23.0,0,31,0
32.0,65.0,37.0,0,27,0
38.0,86.0,56.0,0,53,0
37.0,48.0,70.0,0,52,0
31.0,54.0,27.0,0,47,1
28.1,44.34,33.59,0,26,0
22.0,70.0,24.0,0,35,0
26.0,62.0,33.0,0,24,0
31.0,81.0,60.0,0,73,0
22.0,82.0,59.0,0,76,0
36.0,81.0,21.0,0,36,1
29.0,53.0,51.0,0,74,0
35.0,49.0,28.0,0,49,1
24.0,49.0,51.0,0,63,0
22.0,62.0,55.0,0,79,0
21.0,43.0,65.0,0,55,0
23.0,57.0,60.0,0,53,0
29.0,78.0,37.0,0,32,0
37.0,53.0,44.0,0,26,0
30.0,86.0,50.0,1,90,0
23.0,64.0,30.0,0,48,0
25.0,81.0,30.0,1,91,1
28.0,74.0,17.0,0,48,1
28.15,76.3,26.11,0,23,0
32.0,52.0,19.0,0,21,0
20.0,70.0,64.0,0,78,0
22.0,47.0,29.0,0,41,1
25.0,68.0,34.0,0,42,0
34.0,75.0,64.0,0,61,0
32.0,75.0,36.0,0,28,0
23.0,89.0,69.0,1,85,0
27.0,93.0,40.0,1,76,0
38.0,93.0,30.0,0,43,0
28.0,63.0,10.0,0,31,1
34.0,89.0,10.0,0,30,0
22.0,45.0,23.0,0,23,0
32.0,92.0,17.0,0,27,0
30.0,88.0,60.0,1,91,0
40.0,65.0,12.0,0,23,0
26.0,42.0,21.0,0,26,0
35.0,92.0,28.0,0,53,0
21.0,67.0,36.0,0,27,0
22.0,59.0,33.0,0,52,0
36.0,42.0,43.0,0,44,0
22.0,80.0,47.0,1,91,0
31.0,85.0,42.0,0,33,0
31.0,50.0,64.0,0,56,0
25.0,55.0,33.0,0,49,0
36.0,49.0,40.0,0,44,0
21.0,92.0,66.0,1,77,0
32.0,90.0,63.0,0,57,0
38.0,47.0,43.0,0,21,0
38.0,63.0,61.0,0,63,0
33.0,73.0,64.0,0,77,0
29.0,89.0,64.0,1,80,0
24.0,80.0,23.0,1,95,0
21.0,82.0,19.0,1,80,0
39.0,88.0,69.0,0,52,0
36.0,64.0,25.0,0,34,1
29.0,40.0,67.0,0,79,0
27.0,90.0,17.0,1,87,0
33.0,66.0,58.0,0,58,0
35.0,84.0,49.0,0,55,0
22.0,40.0,44.0,0,33,0
29.0,82.0,24.0,1,88,0
21.0,80.0,50.0,0,64,0
38.0,57.0,15.0,0,52,1
20.0,51.0,30.0,0,30,0
24.0,62.0,36.0,0,25,0
39.0,76.0,57.0,0,58,0
20.0,64.0,65.0,0,54,0
30.0,41.0,53.0,0,61,0
40.0,41.0,32.0,0,38,0
25.0,42.0,44.0,0,38,0
20.0,59.0,51.0,0,61,0
32.0,93.0,49.0,0,71,0
37.0,71.0,12.0,0,22,0
34.0,56.0,48.0,0,69,0
22.0,84.0,13.0,0,39,1
36.0,92.0,23.0,0,21,0
27.0,53.0,69.0,0,75,0
34.0,79.0,60.0,0,59,0
26.0,43.0,20.0,0,48,1
38.0,48.0,29.0,0,29,0
22.22,84.52,26.38,1,96,0
32.0,75.0,30.0,0,34,0
29.0,60.0,63.0,0,65,0
35.0,54.0,66.0,0,51,0
34.0,64.0,18.0,0,23,0
31.0,51.0,12.0,0,33,0
34.0,45.0,56.0,0,63,0
34.0,91.0,36.0,0,50,0
28.0,66.0,33.0,0,32,0
20.0,41.0,67.0,0,68,0
31.0,57.0,69.0,0,54,0
20.0,93.0,39.0,1,98,0
23.0,84.0,53.0,1,80,0
27.17,75.64,38.03,0,33,0
38.0,91.0,26.0,0,25,0
25.0,91.0,24.0,1,78,0
39.0,55.0,16.0,0,26,0
27.0,67.0,30.0,0,35,0
37.0,64.0,21.0,0,34,0
23.0,92.0,43.0,1,78,0
29.0,73.0,49.0,0,73,0
39.0,77.0,32.0,0,44,0
21.0,75.0,39.0,0,48,0
30.0,66.0,41.0,0,33,0
32.0,90.0,41.0,0,26,0
33.0,50.0,64.0,0,60,0
36.0,67.0,28.0,0,33,1
39.0,93.0,13.0,0,30,0
31.0,45.0,50.0,0,65,0
21.0,68.0,24.0,0,31,1
34.0,87.0,17.0,0,32,0
24.0,57.0,40.0,0,49,0
31.0,50.0,39.0,0,34,0
32.0,72.0,16.0,0,51,1
33.0,83.0,39.0,0,36,0
36.0,52.0,42.0,0,21,0
29.0,82.0,22.0,1,81,0
23.0,88.0,43.0,1,85,0
34.0,53.0,57.0,0,72,0
37.0,59.0,37.0,0,32,0
35.0,90.0,24.0,0,45,1
20.0,89.0,57.0,1,83,0
27.0,79.0,68.0,0,74,0
31.0,86.0,11.0,0,51,1
22.0,93.0,23.0,1,77,0
36.0,76.0,12.0,0,24,0
20.0,55.0,48.0,0,54,0
22.0,78.0,47.0,0,59,0
30.0,55.0,13.0,0,39,1
35.0,79.0,26.0,1,99,0
33.0,73.0,64.0,0,77,0
25.0,72.0,51.0,0,78,0
33.0,60.0,32.0,0,27,0
36.0,48.0,66.0,0,52,0
21.0,81.0,28.0,1,95,0
24.0,63.0,38.0,0,48,0
22.0,85.0,23.0,1,84,0
20.0,81.0,27.0,1,75,0
29.0,86.0,13.0,1,92,0
33.0,61.0,17.0,0,46,1
35.0,62.0,16.0,0,45,1
25.0,83.0,24.0,0,53,1
32.0,49.0,23.0,0,37,1
24.0,42.0,53.0,0,50,0
25.0,53.0,26.0,0,44,1
35.0,41.0,14.0,0,37,1
37.0,44.0,68.0,0,51,0
24.0,80.0,27.0,1,76,0
34.0,85.0,22.0,0,30,0
26.0,53.0,40.0,0,45,0
29.99,46.45,31.76,0,22,0
27.0,77.0,47.0,0,70,0
29.0,79.0,11.0,0,42,1
38.0,70.0,60.0,0,54,0
36.0,77.0,49.0,0,75,0
24.0,41.0,61.0,0,77,0
32.0,80.0,11.0,0,37,1
25.0,82.0,32.0,1,73,0
35.0,74.0,39.0,0,29,0
27.0,75.0,24.0,0,47,1
31.05,49.06,24.56,0,48,1
35.0,75.0,29.0,0,32,1
20.0,51.0,67.0,0,71,0
24.0,58.0,48.0,0,63,0
28.0,67.0,16.0,0,28,0
30.0,44.0,36.0,0,31,0
20.0,87.0,31.0,1,96,1
28.0,65.0,11.0,0,35,0
39.0,75.0,28.0,0,45,1
29.0,65.0,28.0,0,26,0
39.0,68.0,41.0,0,29,0
29.0,41.0,26.0,0,49,1
20.0,53.0,60.0,0,64,0
34.0,50.0,66.0,0,77,0
32.0,65.0,23.0,0,50,1
20.0,90.0,16.0,1,97,0
26.0,83.0,24.0,1,71,0
32.0,79.0,52.0,0,77,0
25.0,48.0,68.0,0,58,0
32.0,65.0,25.0,0,23,0
36.0,67.0,70.0,0,57,0
22.0,95.0,64.0,1,93,0
29.0,60.0,25.0,0,31,1
32.0,80.0,37.0,0,44,0
26.0,91.0,38.0,1,89,0
21.0,56.0,52.0,0,60,0
27.0,48.0,24.0,0,23,0
27.0,54.0,30.0,0,28,1
26.0,56.0,65.0,0,68,0
27.0,71.0,14.0,0,36,1
20.0,77.0,47.0,0,70,0
37.0,65.0,29.0,0,28,0
34.0,59.0,17.0,0,36,1
24.0,61.0,21.0,0,21,0
37.0,74.0,15.0,0,22,0
29.0,85.0,51.0,1,84,0
32.0,51.0,40.0,0,33,0
32.0,82.0,21.0,0,38,1
22.26,80.34,27.1,1,90,0
21.0,92.0,18.0,1,78,0
30.0,51.0,70.0,0,75,0
31.0,82.0,52.0,0,61,0
24.0,65.0,25.0,0,23,0
38.0,59.0,66.0,0,67,0
34.0,87.0,39.0,0,41,0
32.0,64.0,11.0,0,22,0
25.68,88.71,16.28,1,94,0
40.0,63.0,37.0,0,35,0
20.0,68.0,14.0,0,25,0
28.0,93.0,29.0,1,81,0
39.0,72.0,50.0,0,61,0
33.0,73.0,27.0,0,43,1
22.0,48.0,70.0,0,70,0
34.0,41.0,66.0,0,74,0
20.0,51.0,67.0,0,63,0
26.0,90.0,17.0,1,79,0
33.0,73.0,67.0,0,61,0
37.0,63.0,61.0,0,78,0
36.0,63.0,12.0,0,22,0
33.0,74.0,46.0,0,56,0
28.0,88.0,26.0,1,91,0
36.0,92.0,23.0,0,21,0
31.0,68.0,52.0,0,66,0
27.0,95.0,63.0,1,78,0
21.0,50.0,39.0,0,45,0
35.0,71.0,54.0,0,54,0
29.0,80.0,52.0,0,66,0
38.0,86.0,15.0,0,35,1
31.0,65.0,46.0,0,72,0
22.0,86.0,11.0,1,99,0
27.0,42.0,26.0,0,21,0
33.0,91.0,51.0,0,70,0
39.0,90.0,51.0,0,65,0
23.0,58.0,67.0,0,66,0
23.0,63.0,63.0,0,76,0
27.0,78.0,42.0,0,47,0
38.0,59.0,44.0,0,34,0
39.0,94.0,12.0,0,27,0
24.79,63.82,39.12,0,39,0
39.0,74.0,62.0,0,64,0
27.0,53.0,42.0,0,42,0
27.0,75.0,30.0,0,47,1
35.0,49.0,22.0,0,28,0
30.0,50.0,15.0,0,20,0
27.0,44.0,43.0,0,43,0
29.0,73.0,45.0,0,74,0
31.0,53.0,34.0,0,27,0
25.0,47.0,68.0,0,54,0
30.0,70.0,38.0,0,32,0
27.0,82.0,33.0,1,71,0
30.0,55.0,55.0,0,52,0
33.0,77.0,23.0,0,27,0
33.0,83.0,12.0,0,29,0
29.0,57.0,53.0,0,65,0
22.0,93.0,54.0,1,77,0
28.0,51.0,35.0,0,53,0
22.0,55.0,14.0,0,40,1
27.0,67.0,46.0,0,58,0
28.0,43.0,34.0,0,51,0
35.0,44.0,43.0,0,42,0
32.0,50.0,19.0,0,45,1
22.0,90.0,58.0,1,81,0
34.0,48.0,24.0,0,43,1
20.0,43.0,51.0,0,52,0
32.0,57.0,49.0,0,70,0
23.0,51.0,31.0,0,39,0
34.0,72.0,30.0,0,44,0
38.0,42.0,32.0,0,29,0
24.0,42.0,66.0,0,64,0
36.0,56.0,58.0,0,50,0
29.0,94.0,53.0,1,91,0
20.0,54.0,45.0,0,62,0
26.0,70.0,65.0,0,64,0
26.0,75.0,56.0,0,68,0
37.0,70.0,53.0,0,65,0
38.0,51.0,27.0,0,36,1
28.0,52.0,45.0,0,58,0
31.0,73.0,36.0,0,39,0
36.0,75.0,30.0,0,27,0
28.0,42.0,37.0,0,29,0
28.0,70.0,16.0,0,28,0
29.68,48.89,38.51,0,27,0
29.0,46.0,51.0,0,53,0
35.0,94.0,19.0,0,37,1
24.0,50.0,64.0,0,60,0
26.0,85.0,53.0,1,90,0
21.0,56.0,19.0,0,37,1
38.0,76.0,11.0,0,34,0
37.0,82.0,38.0,0,40,0
33.0,62.0,41.0,0,36,0
28.0,84.0,59.0,1,84,0
38.0,89.0,37.0,0,26,0
32.0,59.0,61.0,0,72,0
20.0,60.0,48.0,0,55,0
32.0,52.0,67.0,0,77,0
33.0,88.0,54.0,0,59,0
27.0,63.0,29.0,0,41,1
34.0,76.0,30.0,0,33,1
25.0,87.0,65.0,1,77,0
24.0,65.0,64.0,0,63,0
26.0,69.0,52.0,0,75,0
32.0,71.0,55.0,0,69,0
22.0,70.0,62.0,0,52,0
39.0,88.0,20.0,0,21,0
38.0,86.0,53.0,0,64,0
35.0,73.0,32.0,0,43,0
31.0,90.0,55.0,0,56,0
38.0,56.0,25.0,0,51,1
21.0,52.0,54.0,0,71,0
36.0,56.0,38.0,0,31,0
38.0,87.0,48.0,0,68,0
25.0,64.0,13.0,0,38,1
32.0,93.0,62.0,0,66,0
24.0,87.0,67.0,1,80,0
28.0,85.0,46.0,1,95,0
34.0,85.0,62.0,0,60,0
36.0,79.0,28.0,0,40,1
20.0,45.0,16.0,0,38,1
22.0,78.0,38.0,0,43,0
38.0,42.0,17.0,0,27,0
24.0,91.0,44.0,1,76,0
39.0,69.0,56.0,0,52,0
24.0,48.0,37.0,0,38,0
28.0,63.0,30.0,0,28,0
33.0,93.0,42.0,0,42,0
32.0,59.0,58.0,0,67,0
37.0,84.0,32.0,0,46,0
25.62,57.37,19.57,0,20,0
34.0,67.0,49.0,0,69,0
38.0,43.0,52.0,0,54,0
34.0,74.0,33.0,0,20,0
35.0,77.0,16.0,0,42,1
23.0,72.0,33.0,0,53,0
38.0,40.0,16.0,0,23,0
35.0,57.0,16.0,0,34,0
22.0,79.0,66.0,0,59,0
29.0,95.0,21.0,1,75,0
27.0,67.0,36.0,0,21,0
38.0,69.0,66.0,0,75,0
33.0,53.0,17.0,0,35,1
28.0,75.0,57.0,0,59,0
20.0,82.0,32.0,0,37,0
27.0,57.0,25.0,0,48,1
34.0,74.0,37.0,0,26,0
23.0,42.0,10.0,0,37,1
39.0,77.0,64.0,0,53,0
21.0,63.0,26.0,0,20,0
22.0,46.0,59.0,0,63,0
31.0,78.0,27.0,1,89,0
23.0,56.0,46.0,0,61,0
20.0,64.0,10.0,0,51,1
37.0,82.0,28.0,0,24,0
23.13,83.32,40.78,1,78,0
36.0,66.0,22.0,0,20,0
28.0,73.0,33.0,0,51,0
29.0,81.0,68.0,0,66,0
28.0,52.0,27.0,0,32,0
30.0,84.0,30.0,1,92,0
37.0,41.0,58.0,0,62,0
33.0,86.0,24.0,0,28,0
24.0,86.0,46.0,1,81,0
28.0,81.0,13.0,1,86,0
32.0,55.0,61.0,0,79,0
30.0,52.0,46.0,0,50,0
27.0,59.0,44.0,0,35,0
27.37,68.87,29.32,0,48,1
20.0,93.0,47.0,1,82,0
30.0,78.0,18.0,0,45,1
35.0,60.0,22.0,0,28,0
24.0,59.0,24.0,0,37,1
23.0,74.0,41.0,0,45,0
24.0,59.0,43.0,0,45,0
31.0,65.0,56.0,0,51,0
27.0,78.0,35.0,0,45,0
22.95,81.24,39.75,1,72,0
29.0,87.0,17.0,1,78,0
25.0,80.0,48.0,1,73,0
39.0,63.0,21.0,0,37,1
30.0,51.0,19.0,0,44,1
24.94,79.36,22.72,0,21,0
40.0,40.0,58.0,0,60,0
29.0,75.0,23.0,0,50,1
24.0,67.0,62.0,0,57,0
20.0,75.0,30.0,0,54,1
26.0,69.0,16.0,0,22,0
28.0,64.0,65.0,0,65,0
38.0,62.0,33.0,0,30,0
32.0,40.0,15.0,0,24,0
32.0,62.0,37.0,0,24,0
38.0,90.0,63.0,0,76,0
28.0,40.0,17.0,0,42,1
36.0,70.0,47.0,0,59,0
22.0,76.0,66.0,0,57,0
20.0,54.0,22.0,0,36,1
35.0,79.0,28.0,0,37,1
23.0,76.0,37.0,0,47,0
21.0,90.0,59.0,1,72,0
39.0,49.0,59.0,0,52,0
22.0,68.0,51.0,0,66,0
29.0,93.0,23.0,1,87,0
20.0,40.0,22.0,0,46,1
27.0,42.0,67.0,0,74,0
31.0,71.0,36.0,0,52,0
28.0,59.0,54.0,0,51,0
21.0,81.0,53.0,1,77,0
39.0,91.0,65.0,0,60,0
26.0,60.0,18.0,0,37,1
31.0,50.0,21.0,0,49,1
28.0,48.0,33.0,0,36,0
26.0,67.0,63.0,0,56,0
27.0,89.0,58.0,1,85,0
40.0,66.0,26.0,0,21,0
35.0,87.0,36.0,0,40,0
38.0,89.0,51.0,0,78,0
40.0,59.0,15.0,0,41,1
23.0,83.0,28.0,1,71,0
21.0,61.0,13.0,0,29,0
20.0,72.0,23.0,0,25,0
24.0,60.0,35.0,0,33,0
23.0,59.0,57.0,0,64,0
33.0,72.0,16.0,0,43,1
27.0,72.0,40.0,0,46,0
32.0,67.0,42.0,0,24,0
38.0,51.0,24.0,0,30,0
39.0,41.0,48.0,0,55,0
32.0,74.0,60.0,0,60,0
31.0,46.0,51.0,0,74,0
39.0,89.0,10.0,0,22,0
31.0,61.0,46.0,0,69,0
36.0,63.0,56.0,0,56,0
31.0,47.0,33.0,0,35,0
28.0,86.0,24.0,1,72,0
30.96,44.9,37.23,0,22,0
32.0,74.0,57.0,0,55,0
29.0,93.0,14.0,1,78,0
33.0,48.0,24.0,0,40,1
22.0,91.0,68.0,1,90,0
32.0,66.0,69.0,0,68,0
34.0,57.0,66.0,0,56,0
37.0,68.0,48.0,0,76,0
27.0,55.0,12.0,0,29,0
38.0,46.0,54.0,0,62,0
37.0,80.0,15.0,0,30,0
39.0,54.0,43.0,0,36,0
23.0,95.0,23.0,1,92,0
35.0,75.0,70.0,0,65,0
26.0,75.0,27.0,0,28,0
27.0,95.0,52.0,1,88,0
30.0,92.0,45.0,1,87,0
29.0,82.0,26.0,1,84,0
36.0,88.0,21.0,0,20,0
32.0,67.0,23.0,0,41,1
33.0,42.0,21.0,0,31,0
29.0,82.0,53.0,1,98,0
33.0,53.0,46.0,0,67,0
38.0,51.0,66.0,0,69,0
21.0,78.0,58.0,0,51,0
31.0,85.0,57.0,0,59,0
20.0,73.0,42.0,0,43,0
26.0,67.0,47.0,0,62,0
39.0,41.0,64.0,0,65,0
39.0,58.0,42.0,0,47,0
31.0,69.0,45.0,0,52,0
37.0,59.0,69.0,0,65,0
28.0,83.0,15.0,1,97,0
38.0,74.0,56.0,0,56,0
25.0,65.0,48.0,0,61,0
32.0,70.0,39.0,0,22,0
28.0,61.0,21.0,0,36,1
37.0,54.0,45.0,0,66,0
21.0,55.0,31.0,0,48,0
33.0,94.0,36.0,0,41,0
22.0,90.0,29.0,1,79,1
32.0,71.0,57.0,0,71,0
28.0,43.0,26.0,0,36,1
34.0,58.0,36.0,0,28,0
28.55,79.75,43.6,0,32,0
23.0,91.0,25.0,1,81,0
22.0,84.0,17.0,1,92,0
37.0,91.0,25.0,0,27,0
30.24,58.44,41.81,0,49,0
32.0,51.0,63.0,0,51,0
28.0,76.0,17.0,0,33,0
35.0,68.0,14.0,0,36,1
21.0,74.0,43.0,0,41,0
37.0,79.0,17.0,0,33,0
36.0,70.0,34.0,0,42,0
23.0,43.0,45.0,0,69,0
25.6,52.75,24.44,0,32,1
22.0,93.0,28.0,1,97,1
37.0,87.0,55.0,0,76,0
37.0,53.0,70.0,0,52,0
30.0,42.0,42.0,0,25,0
21.0,53.0,31.0,0,31,0
34.0,59.0,38.0,0,46,0
27.0,94.0,10.0,1,89,0
27.0,62.0,55.0,0,73,0
26.0,50.0,49.0,0,55,0
22.0,73.0,37.0,0,21,0
21.0,69.0,68.0,0,72,0
24.49,79.3,17.94,0,38,1
20.0,79.0,17.0,0,36,1
28.0,66.0,67.0,0,63,0
25.0,67.0,62.0,0,78,0
34.0,95.0,58.0,0,59,0
23.0,60.0,39.0,0,43,0
33.0,48.0,39.0,0,43,0
23.0,69.0,20.0,0,49,1
26.0,63.0,30.0,0,29,0
38.0,72.0,30.0,0,29,0
36.0,60.0,45.0,0,70,0
28.0,77.0,49.0,0,58,0
37.0,44.0,23.0,0,47,1
22.0,51.0,35.0,0,35,0
30.0,46.0,40.0,0,31,0
26.0,43.0,38.0,0,33,0
21.0,48.0,26.0,0,30,0
29.0,88.0,58.0,1,92,0
30.69,67.06,15.12,0,23,0
33.0,74.0,63.0,0,77,0
22.0,45.0,23.0,0,23,0
32.0,84.0,68.0,0,60,0
31.0,54.0,50.0,0,72,0
32.43,84.34,17.78,0,34,1
34.0,94.0,66.0,0,60,0
37.0,92.0,45.0,0,77,0
35.0,46.0,30.0,0,29,0
31.0,76.0,50.0,0,75,0
33.0,58.0,67.0,0,77,0
27.0,47.0,19.0,0,51,1
21.64,50.92,17.74,0,38,1
27.0,49.0,13.0,0,38,1
30.0,93.0,25.0,1,82,0
22.0,88.0,52.0,1,78,0
23.0,86.0,40.0,1,97,0
38.0,69.0,32.0,0,34,0
39.0,74.0,51.0,0,50,0
34.01,42.71,17.24,0,42,1
34.0,54.0,50.0,0,68,0
27.0,42.0,22.0,0,38,1
39.0,88.0,51.0,0,70,0
22.0,87.0,18.0,1,88,0
38.0,92.0,25.0,0,43,1
30.0,77.0,15.0,0,46,1
21.0,73.0,62.0,0,78,0
33.0,58.0,13.0,0,45,1
20.3,52.49,26.11,0,39,1
23.0,57.0,35.0,0,40,0
32.0,49.0,23.0,0,37,1
35.0,41.0,33.0,0,36,0
22.0,64.0,28.0,0,20,0
24.0,82.0,40.0,1,90,0
24.0,67.0,19.0,0,36,1
38.0,83.0,27.0,0,25,0
31.0,55.0,23.0,0,48,1
25.0,92.0,30.0,1,83,0
39.0,73.0,41.0,0,48,0
36.0,53.0,35.0,0,32,0
29.0,42.0,68.0,0,61,0
28.0,40.0,67.0,0,52,0
39.0,88.0,46.0,0,75,0
32.0,77.0,52.0,0,70,0
39.0,89.0,34.0,0,39,0
35.0,70.0,23.0,0,26,0
27.0,70.0,46.0,0,65,0
31.0,55.0,60.0,0,57,0
21.0,88.0,63.0,1,95,0
28.25,49.41,23.35,0,43,1
28.0,86.0,49.0,1,90,0
22.0,83.0,43.0,0,40,0
23.0,60.0,70.0,0,77,0
25.0,45.0,54.0,0,56,0
37.0,84.0,10.0,0,31,1
39.0,88.0,68.0,0,77,0
35.0,83.0,68.0,0,78,0
32.0,51.0,39.0,0,50,0
39.0,64.0,22.0,0,52,1
36.0,45.0,49.0,0,61,0
30.0,66.0,45.0,0,50,0
39.0,55.0,29.0,0,43,1
38.0,51.0,65.0,0,76,0
25.09,47.48,17.08,0,49,1
35.0,60.0,48.0,0,53,0
37.0,60.0,58.0,0,56,0
35.0,42.0,51.0,0,60,0
34.0,85.0,61.0,0,64,0
28.0,63.0,30.0,0,35,0
30.0,58.0,26.0,0,43,1
20.0,81.0,63.0,1,79,0
23.0,83.0,28.0,0,30,1
28.0,58.0,54.0,0,71,0
23.0,74.0,53.0,0,71,0
29.0,49.0,19.0,0,39,1
27.0,84.0,41.0,1,99,0
29.0,51.0,51.0,0,62,0
30.0,79.0,15.0,0,39,1
36.0,80.0,26.0,0,53,1
34.0,67.0,62.0,0,59,0
35.0,75.0,37.0,0,48,0
33.0,57.0,22.0,0,44,1
22.0,54.0,12.0,0,42,1
35.0,70.0,20.0,0,41,1
25.0,49.0,63.0,0,72,0
31.0,65.0,22.0,0,37,1
22.0,67.0,67.0,0,79,0
24.0,44.0,38.0,0,51,0
32.0,70.0,69.0,0,74,0
23.0,61.0,31.0,0,41,0
27.0,88.0,28.0,1,81,0
24.0,80.0,45.0,1,96,0
39.0,49.0,68.0,0,59,0
20.0,68.0,14.0,0,32,1
38.0,95.0,40.0,0,36,0
26.88,45.41,36.99,0,32,0
24.0,60.0,67.0,0,67,0
32.0,72.0,26.0,0,25,0
27.92,79.65,36.54,0,48,0
22.0,78.0,37.0,0,38,0
36.0,93.0,40.0,0,37,0
35.0,42.0,65.0,0,79,0
30.0,61.0,13.0,0,36,1
21.0,84.0,15.0,1,74,0
39.0,90.0,26.0,0,24,0
20.79,81.14,16.97,1,80,0
36.0,85.0,62.0,0,52,0
24.0,68.0,20.0,0,24,0
35.0,52.0,34.0,0,48,0
27.0,58.0,52.0,0,54,0
20.0,56.0,12.0,0,45,1
27.0,72.0,27.0,0,48,1
20.0,40.0,19.0,0,37,1
37.0,50.0,63.0,0,69,0
28.0,91.0,58.0,1,99,0
39.0,43.0,20.0,0,37,1
30.0,81.0,17.0,0,37,1
38.0,88.0,15.0,0,35,1
23.0,79.0,25.0,1,84,0
36.0,91.0,16.0,0,46,1
23.0,42.0,14.0,0,22,0
21.0,58.0,33.0,0,32,0
37.0,41.0,39.0,0,21,0
37.0,50.0,40.0,0,47,0
23.0,62.0,52.0,0,55,0
34.0,71.0,61.0,0,64,0
32.0,79.0,66.0,0,69,0
38.0,44.0,22.0,0,38,1
35.0,45.0,66.0,0,61,0
40.0,68.0,52.0,0,70,0
39.0,87.0,28.0,0,42,1
37.0,82.0,48.0,1,92,0
33.0,41.0,69.0,0,71,0
38.0,48.0,10.0,0,29,0
37.0,57.0,54.0,0,57,0
20.0,51.0,67.0,0,56,0
35.0,94.0,64.0,0,76,0
26.0,79.0,48.0,0,70,0
27.0,58.0,47.0,0,52,0
27.0,77.0,47.0,0,53,0
37.0,88.0,41.0,0,23,0
38.0,78.0,60.0,0,52,0
24.0,75.0,55.0,0,59,0
32.0,53.0,26.0,0,31,0
33.0,54.0,52.0,0,50,0
30.0,40.0,24.0,0,45,1
37.0,52.0,26.0,0,27,0
32.0,44.0,50.0,0,62,0
35.0,57.0,14.0,0,49,1
28.0,76.0,23.0,0,27,0
33.0,56.0,27.0,0,32,1
24.0,66.0,32.0,0,52,0
37.0,43.0,36.0,0,36,0
25.0,64.0,40.0,0,28,0
26.0,50.0,48.0,0,78,0
31.0,81.0,39.0,0,41,0
40.0,93.0,14.0,0,26,0
26.0,75.0,27.0,0,22,0
30.0,59.0,43.0,0,21,0
34.0,41.0,70.0,0,68,0
26.0,51.0,34.0,0,22,0
35.0,83.0,56.0,0,74,0
29.0,81.0,48.0,1,87,0
20.0,42.0,56.0,0,75,0
37.0,88.0,28.0,0,30,0
22.0,69.0,10.0,0,49,1
25.0,60.0,69.0,0,55,0
37.0,76.0,70.0,0,57,0
40.0,81.0,44.0,0,54,0
28.0,67.0,16.0,0,37,1
36.0,56.0,70.0,0,60,0
24.0,94.0,11.0,1,95,0
38.0,90.0,37.0,0,42,0
25.0,85.0,61.0,1,80,0
34.0,45.0,68.0,0,75,0
27.0,70.0,30.0,0,21,0
29.52,69.0,19.35,0,49,1
25.64,84.97,39.03,1,76,0
39.0,52.0,56.0,0,61,0
39.0,78.0,44.0,0,36,0
22.0,70.0,22.0,0,41,1
38.0,81.0,33.0,0,30,0
37.0,66.0,50.0,0,57,0
27.23,80.83,27.01,1,89,0
24.0,74.0,53.0,0,57,0
34.0,94.0,24.0,0,38,1
27.0,91.0,57.0,1,95,0
25.0,63.0,29.0,0,39,0
26.0,46.0,61.0,0,76,0
25.0,61.0,27.0,0,33,0
35.0,83.0,49.0,0,73,0
20.0,43.0,55.0,0,66,0
34.0,54.0,13.0,0,48,1
26.0,91.0,32.0,1,94,0
27.0,64.0,13.0,0,38,1
28.0,86.0,12.0,1,83,0
25.0,77.0,63.0,0,78,0
36.0,65.0,45.0,0,50,0
21.0,65.0,27.0,0,40,1
39.0,70.0,14.0,0,43,1
28.0,62.0,56.0,0,77,0
30.0,41.0,56.0,0,61,0
32.0,66.0,58.0,0,66,0
28.0,76.0,15.0,0,39,1
29.07,89.36,15.52,1,90,0
32.0,86.0,65.0,0,65,0
22.0,40.0,56.0,0,75,0
24.0,40.0,60.0,0,50,0
37.0,93.0,68.0,0,60,0
32.0,45.0,33.0,0,52,0
29.0,83.0,11.0,1,82,0
26.0,73.0,42.0,0,52,0
23.0,42.0,31.0,0,36,0
35.0,59.0,43.0,0,24,0
31.0,81.0,18.0,0,34,1
38.0,92.0,67.0,0,54,0
23.0,92.0,43.0,1,73,0
38.0,67.0,10.0,0,46,1
38.0,92.0,28.0,0,44,0
25.0,82.0,54.0,0,50,0
29.0,91.0,18.0,1,88,0
31.0,84.0,12.0,0,41,1
37.0,89.0,16.0,0,34,1
32.0,53.0,18.0,0,45,1
21.0,44.0,42.0,0,44,0
21.0,84.0,65.0,0,74,0
34.0,72.0,47.0,0,74,0
31.0,81.0,48.0,1,93,0
31.0,63.0,50.0,0,50,0
29.0,84.0,59.0,0,66,0
30.0,66.0,14.0,0,39,1
35.0,51.0,14.0,0,24,0
28.0,66.0,69.0,0,58,0
27.0,59.0,63.0,0,59,0
32.0,62.0,47.0,0,62,0
37.0,45.0,68.0,0,70,0
22.0,70.0,64.0,0,76,0
34.0,78.0,13.0,1,94,0
30.0,58.0,26.0,0,43,1
21.0,72.0,50.0,0,58,0
39.0,42.0,46.0,0,68,0
25.0,74.0,69.0,0,64,0
23.0,65.0,47.0,0,50,0
31.0,65.0,18.0,0,29,0
39.0,48.0,25.0,0,45,1
25.0,80.0,68.0,1,73,0
21.0,93.0,36.0,1,80,0
36.0,67.0,50.0,0,51,0
27.0,93.0,66.0,1,84,0
37.0,61.0,17.0,0,36,1
27.99,71.3,17.32,0,25,0
20.0,61.0,35.0,0,37,0
32.0,82.0,27.0,0,42,1
24.0,52.0,36.0,0,34,0
33.0,63.0,43.0,0,33,0
24.02,69.15,44.16,0,35,0
35.0,88.0,62.0,0,78,0
26.0,51.0,40.0,0,51,0
27.0,48.0,55.0,0,54,0
28.0,61.0,22.0,0,44,1
34.0,90.0,10.0,0,41,1
24.07,55.46,13.02,0,28,0
31.0,57.0,39.0,0,41,0
33.0,89.0,37.0,0,33,0
34.0,76.0,59.0,0,70,0
30.0,40.0,54.0,0,68,0
20.0,93.0,37.0,1,85,0
34.0,46.0,67.0,0,66,0
31.0,64.0,61.0,0,76,0
21.0,52.0,54.0,0,71,0
34.0,69.0,35.0,0,29,0
32.0,57.0,68.0,0,73,0
34.0,59.0,28.0,0,22,0
20.0,56.0,33.0,0,21,0
29.24,69.87,31.85,0,26,0
24.0,55.0,26.0,0,51,1
20.0,86.0,29.0,1,88,0
39.0,62.0,34.0,0,49,0
24.0,61.0,25.0,0,29,0
27.0,65.0,38.0,0,22,0
21.0,78.0,24.0,0,53,1
23.84,52.99,28.89,0,27,0
36.0,61.0,59.0,0,74,0
25.0,42.0,65.0,0,60,0
25.0,82.0,58.0,1,78,0
34.0,54.0,46.0,0,65,0
26.0,80.0,42.0,0,38,0
36.0,69.0,65.0,0,55,0
29.0,40.0,41.0,0,39,0
34.0,73.0,54.0,0,71,0
32.0,88.0,46.0,0,60,0
38.0,73.0,61.0,0,74,0
23.0,90.0,43.0,1,78,0
28.0,84.0,59.0,1,84,0
29.0,62.0,61.0,0,69,0
40.0,72.0,28.0,0,43,1
28.0,69.0,16.0,0,46,1
28.0,93.0,60.0,1,88,0
29.0,61.0,30.0,0,25,0
35.0,53.0,36.0,0,44,0
38.0,62.0,52.0,0,60,0
25.0,60.0,60.0,0,53,0
34.0,57.0,44.0,0,37,0
30.0,72.0,33.0,0,21,0
22.0,71.0,56.0,0,63,0
29.0,58.0,34.0,0,23,0
31.0,40.0,52.0,0,57,0
25.0,67.0,57.0,0,55,0
34.0,54.0,10.0,0,43,1
26.25,41.75,17.22,0,48,1
33.0,95.0,60.0,0,56,0
24.0,91.0,51.0,1,81,0
30.0,92.0,45.0,1,82,0
36.0,42.0,40.0,0,38,0
26.0,81.0,60.0,0,71,0
37.0,66.0,35.0,0,47,0
30.0,47.0,10.0,0,32,1
36.0,48.0,42.0,0,40,0
35.0,57.0,58.0,0,67,0
40.0,53.0,24.0,0,52,1
20.0,61.0,12.0,0,33,0
24.0,75.0,15.0,0,45,1
38.0,87.0,17.0,0,20,0
40.0,65.0,55.0,0,53,0
39.0,63.0,37.0,0,23,0
27.0,89.0,56.0,1,76,0
21.0,70.0,64.0,0,60,0
39.0,93.0,31.0,0,47,0
28.0,86.0,23.0,1,93,0
24.0,88.0,43.0,1,92,0
33.0,45.0,21.0,0,35,0
35.0,88.0,60.0,0,67,0
23.0,44.0,46.0,0,58,0
37.0,86.0,47.0,0,56,0
33.0,68.0,28.0,0,38,1
37.0,67.0,69.0,0,76,0
23.0,61.0,11.0,0,29,0
36.0,43.0,38.0,0,41,0
24.0,77.0,21.0,0,30,0
21.0,95.0,24.0,1,90,0
22.0,42.0,13.0,0,54,1
38.0,72.0,64.0,0,55,0
21.0,85.0,47.0,1,83,0
29.51,86.28,10.45,1,86,0
25.0,93.0,34.0,1,79,0
36.0,94.0,32.0,0,28,1
28.0,65.0,11.0,0,49,1
23.0,77.0,49.0,0,69,0
29.0,92.0,65.0,1,71,0
33.0,64.0,30.0,0,43,0
36.0,64.0,55.0,0,72,0
30.0,68.0,43.0,0,41,0
27.0,54.0,14.0,0,23,0
28.0,92.0,61.0,1,78,0
26.0,81.0,32.0,1,75,0
22.0,94.0,37.0,1,88,0
24.0,85.0,35.0,1,95,0
22.0,53.0,69.0,0,62,0
21.0,58.0,28.0,0,26,1
37.0,85.0,56.0,0,55,0
23.0,90.0,52.0,1,70,0
35.0,77.0,26.0,0,29,0
39.0,62.0,13.0,0,40,1
35.0,60.0,22.0,0,28,0
23.0,72.0,63.0,0,78,0
39.0,84.0,49.0,0,76,0
34.0,85.0,65.0,0,71,0
28.0,86.0,32.0,1,95,0
36.0,81.0,44.0,1,91,0
40.0,54.0,19.0,0,54,1
40.0,76.0,15.0,0,26,0
39.0,85.0,65.0,0,73,0
27.0,82.0,16.0,1,78,0
35.0,78.0,49.0,1,82,0
25.0,41.0,69.0,0,70,0
30.0,72.0,41.0,0,40,0
35.0,80.0,41.0,0,34,0
35.0,72.0,54.0,0,50,0
36.0,56.0,42.0,0,39,0
30.0,52.0,22.0,0,47,1
20.0,64.0,56.0,0,53,0
25.0,71.0,51.0,0,67,0
37.0,45.0,18.0,0,20,0
23.0,87.0,61.0,1,84,0
31.0,48.0,54.0,0,53,0
38.0,72.0,10.0,0,22,0
21.13,61.31,12.8,0,23,0
28.0,46.0,13.0,0,45,1
40.0,40.0,30.0,0,46,1
25.0,88.0,32.0,1,88,0
25.0,41.0,36.0,0,36,0
28.0,55.0,45.0,0,65,0
29.0,42.0,54.0,0,76,0
30.0,89.0,32.0,1,86,1
21.0,55.0,18.0,0,47,1
37.0,75.0,35.0,0,29,0
39.0,69.0,42.0,0,28,0
28.0,65.0,18.0,0,34,0
28.0,72.0,59.0,0,70,0
20.0,75.0,44.0,0,21,0
30.0,61.0,12.0,0,50,1
38.0,75.0,11.0,0,45,1
31.0,89.0,39.0,0,26,0
30.0,55.0,28.0,0,36,1
29.0,84.0,28.0,1,80,0
35.0,49.0,49.0,0,61,0
24.0,65.0,50.0,0,68,0
27.0,58.0,12.0,0,37,1
22.0,62.0,20.0,0,37,1
32.0,61.0,41.0,0,24,0
36.0,43.0,53.0,0,62,0
25.0,51.0,25.0,0,36,1
21.0,51.0,25.0,0,23,0
21.7,83.13,11.54,1,86,0
28.0,69.0,31.0,0,40,0
31.0,42.0,52.0,0,64,0
34.0,85.0,53.0,0,52,0
22.0,46.0,64.0,0,65,0
32.0,62.0,26.0,0,49,1
34.0,77.0,30.0,0,33,0
36.0,42.0,19.0,0,24,0
20.0,58.0,55.0,0,52,0
40.0,75.0,49.0,0,73,0
37.0,89.0,63.0,0,63,0
40.0,84.0,40.0,1,85,0
37.0,65.0,22.0,0,45,1
40.0,71.0,63.0,0,51,0
35.0,40.0,57.0,0,51,0
36.0,93.0,35.0,0,32,0
21.0,50.0,50.0,0,61,0
24.33,55.42,21.26,0,34,1
35.0,53.0,21.0,0,47,1
33.0,69.0,44.0,0,40,0
32.0,71.0,43.0,0,32,0
29.0,84.0,26.0,0,39,1
20.0,85.0,14.0,1,85,0
30.0,84.0,61.0,1,78,0
35.0,91.0,31.0,0,23,0
23.0,71.0,67.0,0,73,0
22.0,42.0,13.0,0,44,1
33.0,93.0,16.0,0,33,1
35.0,69.0,43.0,0,20,0
37.0,88.0,29.0,0,32,0
40.0,73.0,17.0,0,40,1
27.0,77.0,49.0,0,51,0
26.0,84.0,45.0,0,59,0
38.0,44.0,64.0,0,54,0
36.0,94.0,60.0,0,60,0
38.0,73.0,23.0,0,37,1
34.0,78.0,19.0,0,40,1
38.0,56.0,54.0,0,75,0
33.0,41.0,18.0,0,39,1
35.0,63.0,44.0,0,41,0
23.0,78.0,17.0,0,44,1
39.0,78.0,31.0,0,23,0
36.0,65.0,36.0,0,24,0
20.0,93.0,10.0,1,87,0
34.0,85.0,65.0,0,74,0
36.0,74.0,23.0,0,22,0
22.0,59.0,19.0,0,37,1
28.0,43.0,34.0,0,31,0
38.0,72.0,43.0,0,35,0
21.0,80.0,54.0,1,84,0
35.0,77.0,70.0,0,55,0
31.0,80.0,62.0,0,61,0
25.0,54.0,25.0,0,43,1
36.0,85.0,49.0,0,70,0
30.0,48.0,21.0,0,22,0
20.0,77.0,67.0,0,60,0
33.0,50.0,23.0,0,40,1
36.0,83.0,24.0,0,31,0
39.0,89.0,52.0,0,76,0
32.0,87.0,58.0,0,70,0
27.0,55.0,27.0,0,48,1
26.0,56.0,43.0,0,46,0
33.0,48.0,47.0,0,66,0
31.83,81.41,26.46,0,24,0
38.0,93.0,33.0,0,35,0
30.0,43.0,24.0,0,25,0
39.0,54.0,38.0,0,27,0
25.0,43.0,52.0,0,78,0
34.0,55.0,62.0,0,54,0
32.88,53.69,25.51,0,36,1
37.0,75.0,24.0,0,38,1
38.0,74.0,21.0,0,41,1
28.0,81.0,37.0,0,38,0
23.0,77.0,13.0,0,24,0
39.0,60.0,38.0,0,25,0
21.0,87.0,29.0,1,76,0
32.0,67.0,10.0,0,23,0
26.0,80.0,14.0,1,78,0
33.0,47.0,47.0,0,61,0
29.0,90.0,23.0,1,84,0
37.0,58.0,10.0,0,27,0
26.0,47.0,28.0,0,41,1
35.0,64.0,64.0,0,72,0
23.0,75.0,62.0,0,64,0
21.0,85.0,57.0,1,70,0
26.0,49.0,47.0,0,63,0
29.0,62.0,34.0,0,40,0
27.0,77.0,21.0,0,43,1
32.0,60.0,17.0,0,26,0
36.0,84.0,32.0,0,26,0
35.0,61.0,58.0,0,74,0
33.0,48.0,68.0,0,64,0
37.0,90.0,26.0,0,33,0
36.0,87.0,17.0,0,36,1
35.0,75.0,47.0,0,57,0
26.0,61.0,50.0,0,71,0
33.0,83.0,13.0,1,80,0
32.0,71.0,59.0,0,78,0
37.0,49.0,30.0,0,23,0
37.0,84.0,30.0,0,40,0
28.0,67.0,25.0,0,49,1
23.0,88.0,54.0,1,87,0
39.0,72.0,25.0,0,49,1
23.0,65.0,51.0,0,62,0
40.0,60.0,37.0,0,39,0
25.0,42.0,65.0,0,60,0
39.0,77.0,37.0,0,44,0
29.0,73.0,68.0,0,55,0
24.0,86.0,61.0,1,97,0
26.0,78.0,28.0,0,25,0
25.1,84.2,40.74,1,90,0
25.0,67.0,41.0,0,29,0
37.0,78.0,58.0,0,78,0
38.0,45.0,17.0,0,23,0
36.0,51.0,31.0,0,36,1
35.0,42.0,54.0,0,59,0
34.0,78.0,50.0,0,54,0
28.0,93.0,28.0,1,82,0
37.0,60.0,58.0,0,56,0
21.0,56.0,46.0,0,63,0
25.0,87.0,64.0,1,80,0
35.0,86.0,54.0,0,72,0
29.0,43.0,12.0,0,21,0
28.0,65.0,37.0,0,20,0
24.0,87.0,22.0,1,97,0
34.0,51.0,46.0,0,79,0
22.0,74.0,10.0,0,41,1
39.0,52.0,12.0,0,45,1
35.0,78.0,49.0,0,59,0
26.0,66.0,56.0,0,65,0
37.0,62.0,20.0,0,40,1
35.0,86.0,16.0,0,35,1
29.0,48.0,42.0,0,35,0
35.0,56.0,16.0,0,31,0
38.0,82.0,67.0,0,54,0
32.0,80.0,25.0,0,46,1
30.0,55.0,19.0,0,36,1
35.0,91.0,38.0,0,35,0
37.0,71.0,58.0,0,79,0
20.0,88.0,60.0,1,88,0
40.0,44.0,58.0,0,75,0
37.0,78.0,16.0,0,30,0
40.0,74.0,58.0,0,60,0
31.0,63.0,26.0,0,29,0
33.0,64.0,13.0,0,45,1
21.0,64.0,18.0,0,40,1
25.0,49.0,44.0,0,38,0
31.0,80.0,12.0,0,22,0
29.0,48.0,49.0,0,68,0
24.0,67.0,29.0,0,43,0
35.0,52.0,36.0,0,28,0
28.0,71.0,43.0,0,47,0
32.0,85.0,44.0,0,25,0
20.0,50.0,19.0,0,44,1
32.0,49.0,65.0,0,57,0
23.0,42.0,10.0,0,46,1
20.0,67.0,33.0,0,48,0
30.0,76.0,45.0,0,52,0
24.0,49.0,50.0,0,50,0
35.0,50.0,41.0,0,25,0
32.0,47.0,65.0,0,54,0
34.0,85.0,65.0,0,71,0
36.0,86.0,45.0,0,55,0
34.0,91.0,36.0,0,37,0
22.0,81.0,10.0,1,97,0
31.0,77.0,60.0,0,53,0
37.0,42.0,63.0,0,61,0
32.0,58.0,30.0,0,43,1
26.0,40.0,67.0,0,75,0
35.0,58.0,55.0,0,68,0
24.0,44.0,47.0,0,62,0
32.0,69.0,32.0,0,38,0
30.0,50.0,68.0,0,64,0
33.0,67.0,11.0,0,27,0
37.0,55.0,32.0,0,28,0
31.0,78.0,61.0,0,58,0
23.0,67.0,27.0,0,45,1
20.19,51.4,14.49,0,27,0
34.0,73.0,10.0,0,42,1
33.0,65.0,30.0,0,32,0
27.0,67.0,14.0,0,36,1
21.0,51.0,66.0,0,59,0
31.0,73.0,45.0,0,54,0
35.0,40.0,62.0,0,63,0
24.0,94.0,34.0,1,95,0
20.0,77.0,34.0,0,45,0
36.0,59.0,50.0,0,63,0
24.0,73.0,29.0,0,22,0
30.0,76.0,31.0,0,45,0
29.0,80.0,66.0,0,79,0
38.0,84.0,53.0,0,75,0
29.0,55.0,47.0,0,77,0
30.0,86.0,35.0,1,98,0
39.0,91.0,62.0,0,52,0
23.0,59.0,33.0,0,24,0
26.0,65.0,49.0,0,54,0
23.0,49.0,60.0,0,62,0
29.0,83.0,26.0,0,54,1
35.0,54.0,35.0,0,35,0
29.0,63.0,67.0,0,74,0
20.0,91.0,30.0,1,98,0
35.0,77.0,67.0,0,57,0
24.0,72.0,45.0,0,52,0
26.0,77.0,41.0,0,22,0
40.0,53.0,13.0,0,42,1
37.0,74.0,15.0,0,22,0
32.0,54.0,27.0,0,25,0
21.0,80.0,31.0,1,93,0
39.0,86.0,44.0,0,39,0
22.0,60.0,70.0,0,68,0
37.0,46.0,38.0,0,27,0
39.0,42.0,70.0,0,61,0
38.0,85.0,54.0,0,64,0
24.0,81.0,26.0,1,84,0
27.0,77.0,17.0,0,37,1
21.0,56.0,44.0,0,29,0
33.0,61.0,61.0,0,76,0
31.0,84.0,17.0,0,52,1
37.0,51.0,38.0,0,22,0
36.0,95.0,66.0,0,66,0
39.0,42.0,21.0,0,26,0
22.0,87.0,39.0,1,91,0
37.0,88.0,28.0,0,54,0
36.0,75.0,22.0,0,26,0
36.0,65.0,25.0,0,32,0
32.0,66.0,29.0,0,20,0
21.0,84.0,65.0,1,85,0
26.0,47.0,62.0,0,73,0
29.01,74.26,23.46,0,42,1
28.0,83.0,48.0,0,73,0
26.0,41.0,12.0,0,36,1
28.0,74.0,56.0,0,65,0
27.0,67.0,55.0,0,70,0
32.0,76.0,15.0,0,20,0
27.0,67.0,36.0,0,21,0
23.0,68.0,53.0,0,51,0
21.95,53.77,16.64,0,31,1
30.0,87.0,17.0,1,76,0
25.0,53.0,41.0,0,22,0
32.0,84.0,68.0,1,75,0
39.0,78.0,12.0,0,34,0
35.0,88.0,62.0,0,73,0
26.0,61.0,35.0,0,44,0
34.0,81.0,68.0,1,92,0
35.0,55.0,12.0,0,39,1
27.0,44.0,14.0,0,28,0
34.0,92.0,33.0,0,45,0
30.0,73.0,66.0,0,75,0
37.0,86.0,62.0,0,73,0
21.0,90.0,10.0,1,99,0
28.0,83.0,32.0,0,30,0
38.0,62.0,20.0,0,30,0
30.13,43.05,38.29,0,24,0
25.0,74.0,60.0,0,53,0
26.0,87.0,32.0,1,85,0
30.0,79.0,16.0,0,35,0
35.0,48.0,56.0,0,63,0
24.1,40.23,17.92,0,49,1
36.0,63.0,46.0,0,74,0
36.0,48.0,70.0,0,68,0
31.0,84.0,41.0,0,32,0
37.0,90.0,55.0,0,69,0
30.0,60.0,30.0,0,41,1
20.0,46.0,10.0,0,36,1
33.0,76.0,65.0,0,58,0
39.0,71.0,58.0,0,63,0
36.0,84.0,18.0,0,34,1
22.0,83.0,60.0,1,84,0
25.0,86.0,12.0,1,75,0
38.0,95.0,38.0,0,34,0
23.0,45.0,50.0,0,71,0
25.0,64.0,40.0,0,41,0
25.0,81.0,41.0,1,76,0
34.0,72.0,66.0,0,62,0
31.0,64.0,58.0,0,76,0
36.0,56.0,19.0,0,44,1
36.0,80.0,45.0,1,88,0
37.0,73.0,15.0,0,25,0
37.0,72.0,11.0,0,20,0
36.0,78.0,23.0,0,40,1
32.0,43.0,16.0,0,36,1
26.0,64.0,14.0,0,24,0
20.0,94.0,44.0,1,75,0
21.0,47.0,19.0,0,33,0
25.0,46.0,24.0,0,30,0
40.0,65.0,49.0,0,70,0
29.0,70.0,42.0,0,48,0
21.0,47.0,68.0,0,71,0
35.0,77.0,31.0,0,30,0
40.0,73.0,20.0,0,31,0
36.0,64.0,70.0,0,61,0
32.0,71.0,55.0,0,69,0
34.0,48.0,49.0,0,69,0
25.56,75.01,10.28,0,48,1
20.0,43.0,55.0,0,74,0
36.0,84.0,38.0,0,49,0
36.0,79.0,43.0,0,41,0
36.0,81.0,29.0,0,25,0
37.0,89.0,62.0,0,79,0
22.0,83.0,40.0,0,39,0
30.0,62.0,43.0,0,42,0
36.0,88.0,34.0,0,30,0
25.0,53.0,13.0,0,45,1
34.0,70.0,56.0,0,57,0
31.0,73.0,45.0,0,54,0
34.0,77.0,19.0,0,46,1
29.0,69.0,54.0,0,69,0
21.0,49.0,64.0,0,62,0
23.0,43.0,48.0,0,57,0
27.0,85.0,68.0,1,71,0
33.0,71.0,65.0,0,63,0
20.0,52.0,61.0,0,75,0
36.0,79.0,47.0,0,58,0
31.0,84.0,11.0,0,46,1
20.0,45.0,27.0,0,41,1
35.0,54.0,57.0,0,57,0
34.0,63.0,26.0,0,37,1
37.0,60.0,15.0,0,37,1
40.0,86.0,23.0,0,52,1
39.0,68.0,60.0,0,53,0
20.0,82.0,36.0,1,99,0
27.0,87.0,27.0,1,89,0
22.0,51.0,35.0,0,35,0
27.0,64.0,14.0,0,30,0
25.0,54.0,34.0,0,25,0
36.0,43.0,60.0,0,71,0
23.0,73.0,51.0,0,71,0
25.0,61.0,35.0,0,22,0
30.0,78.0,34.0,0,40,0
26.0,76.0,56.0,0,69,0
31.0,58.0,46.0,0,61,0
40.0,90.0,28.0,0,25,0
20.0,61.0,61.0,0,66,0
23.0,79.0,18.0,0,45,1
26.0,67.0,39.0,0,24,0
26.0,67.0,37.0,0,23,0
39.0,83.0,48.0,0,57,0
31.0,66.0,63.0,0,70,0
25.0,94.0,44.0,1,91,0
35.0,94.0,11.0,0,23,0
20.0,43.0,48.0,0,71,0
27.0,78.0,49.0,0,72,0
28.0,54.0,37.0,0,43,0
34.0,69.0,60.0,0,76,0
32.0,57.0,58.0,0,76,0
22.0,54.0,57.0,0,53,0
26.0,92.0,48.0,1,70,0
31.0,48.0,30.0,0,43,0
37.0,62.0,40.0,0,49,0
26.0,91.0,15.0,1,95,0
22.0,53.0,34.0,0,20,0
22.0,40.0,14.0,0,45,1
29.0,79.0,41.0,1,75,0
27.1,47.67,33.01,0,20,0
32.0,64.0,43.0,0,22,0
24.0,54.0,37.0,0,37,0
35.0,41.0,38.0,0,23,0
27.0,44.0,51.0,0,71,0
20.0,40.0,53.0,0,70,0
33.0,46.0,42.0,0,45,0
30.0,68.0,63.0,0,75,0
22.0,90.0,35.0,1,83,0
20.0,56.0,33.0,0,49,0
38.0,43.0,33.0,0,39,0
22.0,58.0,15.0,0,54,1
34.0,93.0,17.0,0,34,0
29.0,71.0,61.0,0,64,0
23.0,86.0,68.0,1,90,0
23.0,59.0,41.0,0,23,0
24.0,56.0,49.0,0,57,0
23.0,59.0,41.0,0,23,0
29.0,74.0,32.0,0,27,0
24.0,91.0,31.0,1,79,0
29.0,94.0,35.0,1,77,0
30.0,65.0,31.0,0,22,0
32.0,52.0,17.0,0,32,0
26.24,54.43,11.58,0,48,1
38.0,77.0,25.0,0,21,0
27.0,60.0,37.0,0,30,0
22.0,76.0,62.0,0,67,0
24.0,61.0,16.0,0,42,1
32.0,88.0,44.0,0,30,0
21.0,55.0,47.0,0,63,0
34.0,85.0,38.0,0,41,0
24.0,43.0,30.0,0,33,0
40.0,90.0,63.0,0,60,0
34.0,66.0,20.0,0,36,1
31.0,66.0,50.0,0,74,0
32.0,76.0,15.0,0,20,0
22.0,79.0,55.0,0,73,0
24.0,58.0,42.0,0,34,0
35.0,66.0,65.0,0,77,0
32.0,71.0,46.0,0,53,0
23.0,83.0,28.0,1,95,0
23.0,57.0,59.0,0,74,0
24.0,58.0,37.0,0,33,0
29.0,40.0,47.0,0,52,0
26.0,86.0,15.0,1,79,0
35.0,68.0,14.0,0,29,0
35.0,82.0,61.0,0,58,0
37.0,85.0,27.0,0,21,0
33.0,57.0,40.0,0,47,0
34.0,70.0,37.0,0,30,0
25.0,45.0,61.0,0,64,0
25.0,84.0,53.0,1,92,0
20.0,53.0,47.0,0,59,0
29.0,65.0,30.0,0,23,0
24.0,83.0,59.0,1,83,0
21.0,81.0,10.0,0,45,1
37.0,84.0,53.0,0,76,0
20.0,85.0,26.0,1,84,0
22.0,61.0,43.0,0,23,0
25.0,87.0,66.0,1,97,0
21.0,95.0,31.0,1,93,1
33.0,61.0,25.0,0,33,1
21.0,87.0,29.0,1,81,1
31.0,48.0,11.0,0,27,0
25.0,95.0,51.0,1,89,0
37.0,41.0,38.0,0,40,0
21.0,80.0,33.0,1,72,0
24.0,80.0,23.0,1,78,0
39.0,63.0,21.0,0,54,1
37.0,49.0,43.0,0,45,0
24.0,58.0,37.0,0,49,0
27.0,73.0,55.0,0,74,0
29.0,83.0,33.0,1,84,0
31.0,41.0,65.0,0,63,0
33.0,47.0,60.0,0,63,0
38.0,64.0,56.0,0,71,0
36.0,48.0,59.0,0,53,0
36.0,40.0,64.0,0,59,0
29.0,58.0,26.0,0,40,1
27.0,76.0,56.0,0,50,0
36.0,64.0,33.0,0,31,0
36.0,79.0,28.0,0,24,1
23.0,40.0,60.0,0,70,0
34.0,93.0,52.0,0,77,0
21.0,95.0,54.0,1,83,0
37.0,92.0,19.0,0,32,0
23.0,44.0,20.0,0,40,1
38.0,74.0,46.0,0,70,0
36.0,44.0,40.0,0,34,0
29.76,50.26,36.56,0,31,0
22.0,62.0,60.0,0,67,0
23.0,72.0,56.0,0,62,0
30.0,44.0,67.0,0,62,0
26.0,41.0,47.0,0,56,0
29.0,71.0,51.0,0,58,0
25.0,76.0,13.0,0,21,0
27.0,81.0,35.0,1,85,0
21.0,58.0,23.0,0,27,0
32.0,53.0,69.0,0,57,0
37.0,53.0,19.0,0,33,1
32.0,46.0,24.0,0,31,1
29.17,54.57,43.36,0,20,0
40.0,69.0,30.0,0,28,0
23.0,59.0,57.0,0,64,0
25.0,65.0,11.0,0,51,1
33.0,87.0,37.0,0,40,0
34.0,59.0,38.0,0,48,0
35.0,77.0,40.0,0,33,0
26.0,66.0,18.0,0,34,1
28.0,51.0,70.0,0,63,0
28.0,81.0,41.0,1,70,0
35.0,41.0,14.0,0,37,1
40.0,59.0,24.0,0,42,1
21.3,58.06,33.87,0,40,0
24.0,71.0,31.0,0,25,0
27.0,59.0,51.0,0,51,0
37.0,52.0,68.0,0,54,0
35.0,84.0,52.0,0,66,0
27.0,63.0,31.0,0,38,0
33.0,62.0,28.0,0,41,1
37.0,48.0,35.0,0,21,0
25.0,40.0,34.0,0,35,0
34.0,42.0,28.0,0,29,0
30.0,70.0,23.0,0,41,1
20.0,90.0,69.0,1,78,0
34.0,79.0,42.0,0,38,0
26.0,63.0,12.0,0,49,1
25.0,47.0,64.0,0,57,0
36.0,44.0,48.0,0,67,0
32.0,84.0,43.0,0,28,0
27.0,46.0,37.0,0,38,0
23.0,54.0,44.0,0,20,0
29.0,63.0,67.0,0,74,0
39.0,63.0,15.0,0,42,1
31.0,66.0,18.0,0,34,1
27.5,49.78,18.81,0,34,1
37.0,85.0,14.0,0,50,1
34.0,69.0,64.0,0,59,0
29.0,81.0,11.0,0,51,1
39.0,54.0,56.0,0,78,0
24.0,85.0,47.0,1,89,0
40.0,52.0,23.0,0,29,0
31.0,49.0,46.0,0,79,0
23.0,42.0,16.0,0,37,1
21.0,43.0,30.0,0,26,0
27.0,76.0,58.0,0,69,0
28.0,75.0,50.0,0,77,0
33.0,73.0,50.0,0,59,0
21.0,89.0,15.0,1,83,0
39.0,44.0,21.0,0,35,0
28.0,67.0,15.0,0,48,1
24.0,79.0,18.0,0,24,0
34.0,57.0,10.0,0,48,1
24.0,95.0,41.0,1,94,0
40.0,61.0,30.0,0,49,1
30.0,91.0,12.0,1,98,0
24.0,42.0,41.0,0,54,0
20.0,69.0,46.0,0,72,0
38.0,75.0,60.0,0,58,0
24.0,52.0,41.0,0,35,0
20.74,42.96,32.77,0,33,0
27.0,50.0,70.0,0,52,0
27.0,67.0,14.0,0,36,1
27.0,58.0,48.0,0,77,0
37.0,92.0,38.0,0,42,0
33.0,55.0,70.0,0,53,0
28.0,51.0,62.0,0,50,0
20.0,84.0,12.0,1,79,0
38.0,72.0,13.0,0,29,0
35.0,45.0,17.0,0,44,1
36.0,82.0,40.0,0,41,0
30.0,67.0,63.0,0,58,0
24.0,47.0,48.0,0,62,0
35.0,70.0,62.0,0,59,0
24.29,80.64,27.87,1,86,0
40.0,59.0,48.0,0,52,0
32.0,57.0,41.0,0,51,0
23.0,69.0,28.0,0,28,0
36.0,70.0,62.0,0,51,0
22.0,87.0,23.0,1,86,0
26.0,92.0,48.0,1,75,0
31.0,51.0,35.0,0,52,0
35.0,56.0,25.0,0,38,1
35.0,40.0,26.0,0,49,1
37.0,46.0,38.0,0,27,0
25.0,53.0,31.0,0,41,0
21.0,52.0,48.0,0,59,0
34.0,80.0,51.0,1,94,0
37.0,47.0,48.0,0,50,0
29.0,82.0,32.0,1,72,0
37.0,59.0,49.0,0,52,0
23.0,77.0,38.0,0,38,0
34.0,72.0,34.0,0,36,0
22.0,85.0,13.0,1,94,0
38.0,75.0,41.0,0,26,0
28.0,68.0,56.0,0,54,0
31.0,56.24,24.74,0,43,1
39.0,54.0,55.0,0,72,0
31.0,62.0,41.0,0,30,0
34.0,71.0,60.0,0,60,0
37.0,51.0,61.0,0,76,0
26.0,71.0,42.0,0,40,0
34.0,67.0,44.0,0,27,0
34.0,46.0,46.0,0,72,0
32.0,78.0,34.0,0,29,0
40.0,40.0,29.0,0,31,1
37.0,80.0,15.0,1,80,0
32.0,60.0,56.0,0,77,0
26.0,78.0,22.0,0,28,0
26.0,74.0,49.0,0,50,0
22.0,43.0,67.0,0,74,0
26.0,83.0,62.0,0,64,0
34.0,77.0,24.0,0,40,1
38.0,93.0,38.0,0,43,0
23.0,76.0,26.0,0,26,0
35.0,64.0,49.0,0,62,0
38.0,46.0,60.0,0,77,0
34.0,81.0,68.0,0,65,0
36.0,81.0,36.0,0,26,0
33.0,75.0,45.0,0,69,0
26.0,81.0,47.0,1,87,0
30.05,85.62,44.93,0,32,0
31.0,49.0,17.0,0,43,1
37.0,87.0,42.0,0,34,0
27.0,58.0,56.0,0,65,0
26.0,85.0,61.0,1,98,0
27.0,41.0,15.0,0,41,1
31.0,40.0,51.0,0,58,0
26.0,86.0,10.0,1,96,0
25.0,71.0,54.0,0,67,0
27.0,79.0,34.0,1,89,0
24.0,46.0,13.0,0,20,0
22.0,54.0,38.0,0,40,0
30.0,84.0,35.0,1,98,0
38.0,70.0,32.0,0,29,0
24.0,71.0,19.0,0,28,0
36.0,56.0,53.0,0,59,0
27.0,60.0,60.0,0,55,0
36.0,67.0,50.0,0,51,0
31.0,76.0,16.0,0,27,0
22.0,41.0,48.0,0,54,0
34.0,72.0,44.0,0,45,0
38.0,65.0,32.0,0,30,0
37.0,88.0,60.0,0,58,0
36.0,68.0,49.0,0,71,0
35.0,45.0,60.0,0,56,0
28.0,40.0,15.0,0,42,1
26.0,85.0,64.0,1,70,0
40.0,93.0,20.0,0,47,1
31.0,57.0,69.0,0,54,0
32.0,78.0,46.0,0,72,0
30.38,88.92,11.11,0,44,1
26.0,70.0,65.0,0,64,0
37.0,55.0,61.0,0,65,0
39.0,54.0,22.0,0,21,0
29.0,64.0,42.0,0,52,0
35.0,77.0,22.0,0,49,1
29.0,68.0,66.0,0,72,0
40.0,89.0,38.0,0,50,0
38.0,88.0,55.0,0,68,0
29.0,55.0,13.0,0,41,1
22.0,90.0,24.0,1,99,0
39.0,47.0,67.0,0,63,0
28.0,76.0,11.0,0,21,0
38.0,63.0,24.0,0,28,0
38.0,44.0,20.0,0,34,1
28.0,53.0,40.0,0,46,0
23.0,88.0,43.0,1,98,0
35.0,58.0,65.0,0,73,0
32.0,83.0,56.0,1,96,0
30.18,61.13,19.74,0,39,1
21.0,67.0,36.0,0,20,0
39.0,62.0,49.0,0,76,0
22.0,62.0,51.0,0,50,0
34.0,67.0,22.0,0,33,0
37.0,71.0,58.0,0,79,0
32.0,86.0,43.0,0,30,0
25.0,67.0,17.0,0,42,1
21.0,72.0,35.0,0,21,0
25.0,93.0,27.0,1,95,0
20.0,88.0,60.0,1,83,0
33.0,92.0,41.0,0,51,0
36.0,60.0,69.0,0,62,0
29.0,57.0,24.0,0,51,1
32.0,53.0,26.0,0,31,1
22.0,74.0,40.0,0,47,0
20.0,93.0,64.0,1,88,0
28.0,81.0,43.0,1,70,0
32.64,51.25,43.76,0,45,0
38.0,49.0,36.0,0,34,0
27.0,73.0,49.0,0,76,0
31.0,56.0,50.0,0,71,0
30.0,93.0,26.0,1,85,0
33.0,56.0,27.0,0,39,1
40.0,78.0,33.0,0,37,0
21.0,93.0,22.0,1,95,0
36.0,72.0,40.0,0,37,0
20.0,87.0,21.0,1,93,0
26.0,46.0,39.0,0,40,0
21.0,40.0,57.0,0,79,0
35.0,47.0,38.0,0,42,0
31.0,53.0,54.0,0,78,0
39.0,61.0,40.0,0,29,0
35.0,73.0,49.0,0,60,0
31.0,78.0,24.0,0,43,1
34.0,56.0,25.0,0,47,1
36.0,53.0,50.0,0,79,0
20.57,89.74,30.22,1,98,0
37.0,62.0,38.0,0,37,0
30.0,68.0,19.0,0,31,0
21.0,76.0,15.0,0,26,0
40.0,67.0,64.0,0,60,0
38.0,58.0,15.0,0,38,1
27.0,78.0,56.0,0,75,0
39.0,71.0,21.0,0,46,1
36.0,77.0,49.0,0,50,0
38.0,79.0,66.0,1,75,0
35.0,53.0,54.0,0,55,0
23.0,89.0,23.0,1,94,0
33.0,52.0,36.0,0,26,0
31.0,59.0,53.0,0,76,0
21.0,48.0,37.0,0,22,0
38.0,50.0,25.0,0,42,1
36.0,55.0,16.0,0,35,1
37.0,86.0,66.0,0,72,0
24.0,45.0,47.0,0,52,0
32.0,47.0,31.0,0,40,0
29.0,75.0,18.0,0,32,1
35.0,90.0,24.0,0,31,0
23.0,65.0,36.0,0,41,0
20.0,81.0,63.0,1,89,0
31.0,67.0,22.0,0,44,1
26.0,48.0,15.0,0,38,1
24.61,76.06,17.96,0,31,1
27.0,71.0,36.0,0,42,0
30.21,53.3,18.22,0,33,1
20.04,81.08,12.56,1,71,0
33.0,46.0,46.0,0,78,0
26.0,63.0,35.0,0,36,0
35.0,56.0,28.0,0,30,0
23.0,90.0,35.0,1,95,0
25.0,92.0,15.0,1,95,0
38.0,85.0,58.0,0,71,0
36.0,89.0,46.0,0,62,0
25.0,64.0,66.0,0,73,0
31.0,90.0,24.0,0,28,0
39.0,53.0,53.0,0,74,0
21.0,51.0,26.0,0,29,0
22.0,50.0,54.0,0,53,0
34.0,69.0,60.0,0,75,0
40.0,84.0,59.0,0,78,0
39.0,56.0,26.0,0,23,0
27.0,88.0,30.0,1,99,1
28.0,53.0,40.0,0,46,0
38.0,93.0,25.0,0,37,1
36.0,86.0,15.0,0,35,1
20.0,90.0,15.0,1,92,0
29.0,91.0,44.0,1,75,0
31.0,51.0,12.0,0,40,1
36.0,45.0,28.0,0,43,1
34.0,89.0,61.0,0,62,0
30.0,82.0,32.0,1,99,0
33.0,88.0,28.0,0,25,0
29.0,59.0,19.0,0,29,0
30.0,70.0,52.0,0,76,0
29.0,71.0,42.0,0,22,0
39.0,66.0,17.0,0,40,1
22.0,67.0,26.0,0,29,0
26.0,89.0,17.0,1,85,0
26.0,90.0,31.0,1,76,1
34.0,62.0,58.0,0,64,0
24.0,84.0,13.0,1,85,0
26.0,85.0,55.0,1,73,0
36.0,68.0,35.0,0,37,0
21.0,89.0,21.0,1,93,0
29.0,61.0,26.0,0,45,1
27.0,91.0,45.0,1,95,0
40.0,91.0,60.0,0,70,0
34.0,43.0,29.0,0,29,1
30.0,40.0,24.0,0,45,1
32.0,58.0,52.0,0,62,0
30.0,65.0,16.0,0,25,0
30.0,55.0,27.0,0,49,1
34.0,75.0,18.0,0,38,1
25.0,45.0,68.0,0,67,0
36.0,93.0,61.0,0,59,0
37.0,55.0,42.0,0,21,0
36.0,72.0,21.0,0,34,0
24.0,42.0,68.0,0,50,0
37.0,91.0,49.0,0,57,0
39.0,54.0,32.0,0,47,0
22.3,62.54,24.67,0,44,1
35.0,55.0,26.0,0,46,1
35.0,54.0,17.0,0,33,0
37.0,77.0,33.0,0,43,0
32.0,92.0,51.0,0,75,0
22.84,79.19,31.24,0,29,0
23.0,49.0,48.0,0,73,0
24.0,41.0,21.0,0,23,0
38.0,88.0,34.0,0,35,0
31.0,94.0,40.0,0,33,0
33.0,44.0,27.0,0,29,0
34.0,77.0,29.0,0,46,1
39.0,41.0,20.0,0,49,1
38.0,56.0,14.0,0,44,1
20.0,93.0,24.0,1,76,0
25.0,80.0,37.0,1,86,0
31.0,53.0,65.0,0,67,0
31.0,57.0,32.0,0,20,0
38.0,88.0,43.0,0,30,0
31.0,94.0,65.0,0,70,0
20.0,60.0,48.0,0,55,0
35.0,63.0,28.0,0,27,0
38.0,93.0,33.0,0,52,0
33.0,65.0,67.0,0,77,0
37.0,67.0,67.0,0,69,0
23.0,57.0,46.0,0,68,0
30.0,56.0,59.0,0,70,0
40.0,64.0,42.0,0,26,0
40.0,48.0,37.0,0,27,0
21.05,48.62,14.16,0,47,1
24.0,93.0,15.0,1,83,0
35.0,41.0,43.0,0,42,0
29.0,44.0,68.0,0,59,0
27.0,53.0,65.0,0,52,0
37.0,59.0,53.0,0,72,0
29.0,55.0,21.0,0,20,0
33.0,75.0,70.0,0,66,0
21.0,92.0,18.0,1,83,0
27.0,87.0,21.0,1,89,0
24.0,48.0,30.0,0,30,0
37.0,59.0,56.0,0,63,0
28.0,52.0,70.0,0,53,0
20.0,91.0,39.0,1,81,0
37.0,64.0,33.0,0,32,0
23.0,72.0,33.0,0,26,0
22.0,60.0,62.0,0,51,0
39.0,67.0,23.0,0,46,1
32.0,61.0,68.0,0,53,0
29.0,69.0,38.0,0,38,0
27.0,76.0,56.0,0,50,0
38.0,41.0,48.0,0,58,0
38.0,48.0,16.0,0,26,0
26.0,93.0,31.0,1,81,0
21.0,89.0,60.0,1,82,0
24.0,76.0,52.0,0,77,0
39.0,91.0,35.0,0,40,0
21.0,46.0,58.0,0,65,0
38.0,88.0,52.0,0,77,0
40.0,93.0,49.0,0,56,0
23.0,59.0,59.0,0,68,0
35.0,60.0,54.0,0,72,0
35.0,59.0,65.0,0,57,0
29.0,53.0,21.0,0,34,1
34.0,57.0,29.0,0,47,1
33.0,72.0,27.0,0,28,0
33.0,92.0,54.0,0,59,0
32.0,65.0,66.0,0,78,0
37.0,86.0,46.0,0,65,0
36.0,78.0,35.0,0,23,0
32.0,53.0,20.0,0,47,1
28.69,51.37,31.61,0,49,0
33.0,73.0,42.0,0,47,0
39.0,67.0,66.0,0,60,0
34.0,85.0,17.0,0,30,0
30.0,79.0,59.0,0,60,0
28.0,90.0,29.0,1,82,1
31.0,44.0,32.0,0,28,0
33.0,46.0,26.0,0,39,1
28.0,47.0,23.0,0,20,0
21.0,53.0,31.0,0,36,0
30.0,55.0,68.0,0,69,0
37.0,43.0,27.0,0,44,1
35.0,93.0,63.0,0,65,0
27.0,44.0,38.0,0,23,0
27.0,67.0,56.0,0,56,0
26.0,48.0,54.0,0,50,0
38.0,87.0,28.0,0,23,0
32.07,54.48,38.31,0,28,0
36.0,75.0,30.0,0,24,0
37.0,95.0,42.0,0,51,0
21.0,86.0,22.0,1,88,0
38.0,77.0,42.0,0,42,0
31.0,44.0,63.0,0,69,0
36.0,77.0,23.0,0,42,1
32.0,64.0,42.0,0,47,0
21.0,45.0,55.0,0,55,0
30.0,56.0,46.0,0,69,0
29.0,88.0,17.0,1,97,0
27.0,91.0,25.0,1,87,0
22.0,93.0,64.0,1,83,0
30.0,52.0,37.0,0,28,0
33.0,70.0,33.0,0,54,0
22.0,42.0,53.0,0,71,0
31.0,74.0,20.0,0,48,1
25.39,40.62,29.32,0,33,1
20.0,91.0,40.0,1,92,0
24.48,45.15,33.32,0,34,0
29.0,70.0,36.0,0,31,0
20.0,50.0,64.0,0,51,0
36.0,56.0,20.0,0,39,1
25.0,66.0,43.0,0,34,0
39.0,62.0,39.0,0,44,0
22.0,78.0,47.0,0,52,0
38.0,68.0,11.0,0,38,1
22.0,47.0,61.0,0,53,0
39.0,57.0,36.0,0,37,0
27.0,82.0,29.0,0,45,0
27.0,65.0,15.0,0,35,1
35.0,80.0,41.0,0,46,0
24.0,41.0,61.0,0,77,0
29.0,77.0,56.0,0,65,0
32.0,87.0,63.0,0,51,0
31.0,46.0,26.0,0,20,0
22.0,58.0,21.0,0,35,1
38.0,81.0,10.0,0,54,1
39.0,54.0,45.0,0,64,0
23.0,51.0,18.0,0,32,0
25.0,63.0,29.0,0,45,1
32.0,68.0,41.0,0,43,0
28.0,95.0,12.0,1,90,0
25.0,80.0,54.0,0,62,0
21.0,74.0,47.0,0,52,0
26.0,53.0,59.0,0,50,0
39.0,62.0,43.0,0,30,0
29.0,58.0,70.0,0,64,0
39.0,68.0,54.0,0,64,0
24.0,51.0,66.0,0,61,0
26.0,49.0,10.0,0,29,0
23.0,64.0,21.0,0,45,1
38.0,58.0,15.0,0,32,1
36.0,83.0,48.0,0,63,0
21.0,80.0,33.0,1,99,0
24.0,54.0,53.0,0,53,0
27.94,46.89,35.64,0,44,0
26.0,59.0,42.0,0,33,0
25.0,82.0,62.0,1,87,0
28.0,45.0,25.0,0,48,1
20.0,71.0,66.0,0,64,0
35.0,91.0,58.0,0,69,0
34.0,64.0,27.0,0,45,1
29.0,42.0,14.0,0,22,0
35.0,60.0,28.0,0,44,0
35.0,53.0,19.0,0,26,0
26.0,42.0,26.0,0,20,0
31.0,75.0,14.0,0,32,0
23.0,61.0,61.0,0,69,0
33.0,52.0,36.0,0,25,0
34.0,60.0,40.0,0,41,0
30.0,61.0,24.0,0,29,0
34.0,86.0,56.0,0,65,0
24.0,72.0,33.0,0,30,0
38.0,82.0,11.0,0,29,0
34.0,53.0,29.0,0,41,0
33.85,73.71,29.68,0,48,1
20.0,61.0,35.0,0,43,0
36.0,41.0,11.0,0,47,1
31.0,58.0,68.0,0,57,0
25.0,42.0,46.0,0,61,0
34.0,42.0,19.0,0,34,1
37.0,92.0,45.0,0,77,0
32.0,44.0,13.0,0,47,1
21.0,41.0,51.0,0,52,0
38.0,78.0,64.0,0,58,0
23.0,89.0,12.0,1,70,0
24.0,44.0,38.0,0,47,0
28.12,46.45,42.09,0,47,0
30.0,49.0,24.0,0,36,1
29.0,82.0,68.0,1,81,0
32.0,63.0,39.0,0,21,0
20.0,86.0,37.0,1,95,0
31.0,64.0,26.0,0,47,1
27.0,52.0,59.0,0,54,0
21.0,76.0,54.0,0,65,0
29.0,63.0,27.0,0,36,1
33.0,61.0,50.0,0,73,0
37.0,53.0,34.0,0,34,0
25.0,40.0,56.0,0,72,0
31.0,91.0,27.0,0,21,0
27.0,72.0,54.0,0,78,0
22.0,52.0,19.0,0,30,0
32.0,94.0,61.0,0,66,0
29.0,89.0,67.0,1,82,0
29.0,49.0,45.0,0,57,0
30.0,88.0,58.0,1,75,0
31.0,63.0,14.0,0,39,1
40.0,42.0,63.0,0,75,0
30.0,49.0,12.0,0,41,1
23.0,65.0,20.0,0,21,0
33.0,77.0,55.0,0,73,0
34.0,59.0,18.0,0,51,1
36.0,84.0,20.0,0,49,1
21.0,54.0,43.0,0,25,0
29.0,74.0,67.0,0,79,0
23.0,89.0,33.0,1,88,0
29.0,89.0,21.0,1,78,0
25.0,45.0,64.0,0,65,0
28.0,61.0,67.0,0,51,0
29.0,86.0,14.0,1,94,0
30.0,74.0,32.0,0,36,0
35.0,79.0,26.0,0,27,0
30.84,64.7,17.85,0,21,0
36.0,63.0,30.0,0,21,0
35.0,85.0,21.0,0,36,1
38.0,53.0,30.0,0,34,0
27.05,72.78,15.13,0,45,1
28.0,58.0,30.0,0,40,0
24.0,72.0,65.0,0,52,0
38.0,75.0,19.0,0,52,1
24.0,56.0,27.0,0,40,1
35.0,58.0,43.0,0,31,0
37.0,84.0,13.0,0,36,1
29.0,53.0,55.0,0,76,0
24.0,83.0,59.0,0,73,0
27.0,42.0,67.0,0,74,0
34.0,60.0,25.0,0,40,1
35.0,54.0,35.0,0,34,0
40.0,57.0,22.0,0,35,0
22.25,58.37,25.56,0,38,1
34.0,85.0,38.0,0,37,0
37.0,52.0,60.0,0,54,0
37.0,52.0,55.0,0,54,0
24.0,85.0,51.0,1,84,0
31.0,68.0,68.0,0,56,0
37.0,74.0,29.0,0,34,1
34.0,73.0,64.0,0,69,0
39.0,59.0,57.0,0,73,0
22.0,50.0,70.0,0,61,0
30.0,79.0,20.0,0,23,0
39.0,92.0,36.0,0,37,0
29.0,86.0,39.0,1,83,0
20.0,74.0,44.0,0,47,0
37.0,76.0,54.0,0,53,0
39.0,54.0,33.0,0,40,0
20.0,81.0,27.0,1,85,0
37.0,58.0,47.0,0,71,0
29.0,43.0,12.0,0,53,1
24.0,86.0,17.0,1,79,0
24.0,53.0,46.0,0,58,0
36.0,75.0,22.0,0,26,0
30.0,81.0,26.0,0,23,0
37.0,49.0,16.0,0,33,0
29.0,42.0,12.0,0,39,1
35.0,69.0,48.0,0,64,0
21.0,50.0,60.0,0,56,0
35.0,83.0,46.0,0,73,0
36.0,93.0,61.0,0,59,0
34.0,62.0,53.0,0,75,0
34.0,79.0,60.0,0,67,0
38.0,61.0,37.0,0,21,0
20.0,80.0,52.0,0,75,0
26.0,65.0,24.0,0,22,0
26.0,42.0,67.0,0,67,0
22.0,45.0,70.0,0,75,0
31.0,46.0,48.0,0,66,0
34.0,76.0,57.0,0,79,0
36.0,69.0,23.0,0,51,1
31.0,86.0,11.0,0,48,1
36.0,83.0,28.0,0,29,0
34.0,82.0,53.0,0,64,0
39.0,87.0,51.0,0,76,0
37.0,86.0,26.0,0,48,1
29.0,55.0,64.0,0,73,0
38.0,62.0,54.0,0,62,0
40.0,82.0,62.0,1,75,0
28.0,53.0,13.0,0,48,1
25.0,61.0,20.0,0,35,0
28.0,62.0,49.0,0,60,0
31.0,52.0,31.0,0,30,0
35.0,84.0,44.0,0,22,0
35.0,77.0,57.0,0,65,0
38.0,75.0,38.0,0,37,0
24.83,74.32,13.99,0,36,1
24.0,41.0,31.0,0,21,0
22.0,54.0,52.0,0,60,0
29.0,83.0,30.0,0,42,1
20.0,50.0,52.0,0,55,0
29.2,80.73,36.73,1,92,0
34.0,79.0,26.0,0,33,0
36.0,60.0,60.0,0,51,0
38.0,78.0,60.0,0,72,0
22.0,50.0,59.0,0,76,0
32.56,55.87,27.63,0,39,1
34.0,85.0,62.0,0,78,0
40.0,40.0,12.0,0,22,0
33.0,89.0,24.0,0,34,1
24.0,53.0,59.0,0,75,0
21.0,68.0,28.0,0,42,1
30.0,67.0,55.0,0,61,0
34.0,51.0,18.0,0,50,1
32.0,71.0,37.0,0,40,0
36.0,74.0,57.0,0,54,0
29.0,47.0,29.0,0,27,0
31.0,67.0,56.0,0,64,0
32.0,71.0,15.0,0,20,0
30.0,59.0,27.0,0,40,1
23.0,66.0,45.0,0,54,0
23.0,89.0,42.0,1,81,0
31.0,86.0,11.0,0,37,1
31.0,51.0,12.0,0,49,1
36.0,48.0,44.0,0,39,0
30.0,84.0,12.0,1,81,0
26.0,93.0,51.0,1,79,0
27.51,55.06,30.89,0,46,0
22.0,40.0,67.0,0,70,0
25.0,43.0,27.0,0,28,0
40.0,85.0,14.0,0,25,0
28.0,65.0,18.0,0,34,1
34.0,67.0,46.0,0,72,0
29.0,71.0,51.0,0,75,0
38.0,93.0,42.0,0,49,0
22.0,94.0,32.0,1,78,0
35.0,87.0,36.0,0,40,0
24.0,49.0,61.0,0,78,0
31.0,74.0,52.0,0,50,0
29.0,64.0,22.0,0,25,0
38.0,72.0,24.0,0,50,1
36.0,69.0,30.0,0,50,0
29.0,75.0,18.0,0,41,1
37.0,53.0,28.0,0,33,0
20.0,49.0,25.0,0,23,0
26.0,75.0,54.0,0,69,0
35.0,40.0,21.0,0,43,1
34.0,79.0,21.0,1,88,0
24.0,83.0,68.0,1,96,0
24.0,83.0,37.0,1,88,0
24.0,58.0,38.0,0,44,0
24.0,64.0,58.0,0,77,0
22.0,69.0,26.0,0,29,0
37.0,65.0,17.0,0,25,0
21.0,74.0,67.0,0,61,0
27.0,61.0,13.0,0,30,0
30.0,72.0,67.0,0,78,0
36.0,63.0,61.0,0,72,0
24.0,57.0,37.0,0,29,0
37.0,77.0,46.0,0,62,0
38.0,60.0,61.0,0,67,0
35.0,45.0,17.0,0,44,1
38.0,65.0,39.0,0,20,0
26.0,68.0,41.0,0,51,0
37.0,70.0,61.0,0,59,0
25.0,47.0,10.0,0,41,1
33.0,45.0,30.0,0,34,0
37.0,49.0,30.0,0,31,0
25.0,50.0,53.0,0,75,0
33.0,44.0,63.0,0,73,0
26.0,69.0,52.0,0,75,0
39.0,65.0,52.0,0,71,0
32.0,78.0,46.0,1,96,0
40.0,49.0,31.0,0,48,1
35.0,87.0,60.0,0,78,0
36.0,77.0,11.0,0,23,0
26.0,82.0,44.0,1,80,0
24.0,56.0,30.0,0,38,0
28.0,49.0,19.0,0,26,0
23.0,51.0,31.0,0,39,0
35.0,45.0,57.0,0,60,0
32.0,85.0,51.0,0,55,0
23.0,71.0,41.0,0,23,0
36.0,64.0,65.0,0,50,0
20.0,82.0,37.0,1,94,0
30.0,51.0,22.0,0,53,1
29.0,90.0,12.0,1,86,0
24.0,55.0,10.0,0,38,1
23.0,95.0,47.0,1,81,0
24.0,87.0,52.0,1,90,0
25.0,61.0,24.0,0,34,0
35.0,79.0,37.0,1,90,0
32.0,58.0,41.0,0,46,0
33.0,85.0,10.0,0,45,1
20.0,75.0,30.0,0,47,0
20.0,82.0,49.0,0,68,0
26.0,49.0,54.0,0,66,0
34.0,75.0,56.0,0,71,0
34.0,94.0,25.0,0,29,0
35.0,79.0,48.0,1,96,0
33.0,79.0,13.0,1,93,0
29.67,76.37,41.2,0,25,0
37.0,67.0,60.0,0,64,0
38.0,45.0,66.0,0,50,0
32.0,89.0,48.0,0,51,0
28.0,47.0,46.0,0,68,0
20.0,94.0,28.0,1,87,1
23.0,45.0,52.0,0,63,0
27.0,77.0,61.0,0,72,0
35.0,90.0,48.0,0,71,0
34.0,56.0,53.0,0,52,0
27.0,71.0,52.0,0,78,0
21.0,68.0,28.0,0,42,0
29.0,94.0,54.0,1,98,0
33.0,63.0,12.0,0,49,1
40.0,86.0,25.0,0,39,1
26.0,67.0,37.0,0,23,0
20.0,53.0,43.0,0,23,0
37.0,43.0,26.0,0,34,0
31.0,69.0,14.0,0,53,1
25.0,52.0,32.0,0,41,0
38.0,94.0,58.0,0,58,0
33.0,91.0,45.0,0,77,0
30.0,51.0,20.0,0,25,0
21.0,81.0,25.0,1,94,0
29.0,74.0,16.0,0,47,1
39.0,72.0,35.0,0,26,0
25.0,54.0,30.0,0,29,0
26.0,77.0,41.0,0,22,0
30.0,76.0,70.0,0,50,0
25.0,55.0,38.0,0,22,0
25.0,55.0,43.0,0,42,0
31.0,90.0,53.0,0,65,0
30.0,77.0,51.0,0,77,0
31.0,48.0,45.0,0,58,0
38.0,44.0,43.0,0,22,0
31.0,45.0,37.0,0,45,0
30.0,43.0,65.0,0,78,0
39.0,91.0,38.0,0,31,0
34.0,93.0,52.0,0,77,0
26.0,70.0,41.0,0,31,0
29.0,86.0,62.0,1,96,0
29.0,90.0,59.0,1,75,0
23.0,66.0,37.0,0,48,0
28.0,80.0,44.0,1,90,0
24.0,48.0,37.0,0,38,0
29.0,52.0,56.0,0,72,0
33.19,85.45,34.1,0,22,0
25.0,42.0,29.0,0,25,0
23.0,72.0,32.0,0,24,0
27.0,72.0,41.0,0,26,0
27.0,40.0,46.0,0,71,0
21.0,59.0,56.0,0,67,0
38.0,70.0,40.0,0,28,0
22.0,91.0,67.0,1,96,0
29.0,87.0,17.0,1,83,0
35.0,80.0,60.0,0,71,0
24.0,87.0,41.0,1,72,0
21.0,82.0,48.0,1,91,0
33.42,41.83,19.39,0,49,1
25.0,80.0,54.0,0,63,0
34.0,58.0,36.0,0,28,0
32.0,57.0,50.0,0,75,0
34.0,72.0,46.0,0,51,0
31.0,48.0,19.0,0,45,1
29.0,49.0,28.0,0,53,0
23.0,54.0,26.0,0,22,0
25.0,69.0,18.0,0,21,0
26.0,54.0,32.0,0,33,0
29.0,76.0,58.0,0,71,0
37.0,86.0,26.0,0,49,1
26.0,83.0,56.0,1,94,0
28.0,68.0,35.0,0,42,0
25.0,53.0,46.0,0,65,0
22.0,74.0,31.0,0,24,0
31.0,53.0,65.0,0,67,0
38.0,93.0,33.0,0,44,0
22.0,86.0,57.0,1,87,0
30.0,47.0,64.0,0,55,0
36.0,64.0,66.0,0,77,0
20.0,68.0,59.0,0,64,0
40.0,95.0,61.0,0,60,0
32.0,72.0,41.0,0,43,0
27.0,79.0,60.0,0,56,0
37.0,62.0,59.0,0,62,0
22.0,65.0,35.0,0,37,0
39.0,64.0,11.0,0,28,0
23.0,78.0,48.0,0,67,0
36.0,52.0,65.0,0,67,0
21.0,91.0,19.0,1,71,0
36.0,56.0,52.0,0,74,0
36.0,45.0,42.0,0,24,0
36.0,44.0,53.0,0,60,0
36.0,84.0,10.0,0,29,0
26.0,62.0,53.0,0,60,0
20.0,86.0,49.0,1,85,0
29.0,46.0,57.0,0,78,0
36.0,62.0,18.0,0,36,1
29.0,89.0,32.0,1,81,0
27.0,63.0,25.0,0,39,1
28.0,46.0,21.0,0,23,0
23.0,93.0,52.0,1,88,0
26.61,57.86,18.77,0,44,1
21.0,52.0,32.0,0,44,0
21.0,79.0,62.0,1,97,0
30.0,58.0,17.0,0,39,1
21.0,72.0,48.0,0,78,0
37.0,40.0,60.0,0,65,0
32.0,69.0,34.0,0,40,0
28.0,75.0,64.0,0,77,0
36.0,87.0,20.0,0,32,1
40.0,45.0,37.0,0,47,0
38.0,52.0,33.0,0,30,0
21.0,93.0,50.0,1,81,0
21.0,83.0,15.0,0,40,1
34.0,82.0,38.0,0,51,0
32.0,76.0,11.0,0,28,0
37.0,87.0,18.0,0,20,0
28.0,93.0,69.0,1,89,0
36.0,60.0,60.0,0,65,0
20.0,69.0,46.0,0,72,0
25.0,89.0,28.0,1,98,1
37.0,63.0,28.0,0,29,1
20.0,75.0,40.0,0,33,0
31.0,40.0,12.0,0,22,0
28.0,40.0,45.0,0,52,0
22.0,88.0,38.0,1,76,0
24.0,75.0,63.0,0,68,0
35.0,61.0,13.0,0,24,0
32.0,60.0,58.0,0,57,0
40.0,48.0,37.0,0,26,0
21.0,82.0,17.0,1,82,0
30.0,83.0,56.0,1,87,0
29.0,56.0,18.0,0,25,0
25.0,79.0,22.0,1,77,0
30.0,80.0,38.0,1,84,0
36.0,60.0,24.0,0,33,0
34.0,65.0,17.0,0,38,1
22.0,65.0,66.0,0,78,0
20.0,73.0,53.0,0,64,0
25.0,63.0,70.0,0,71,0
30.0,52.0,36.0,0,27,0
21.0,94.0,31.0,1,79,0
35.0,80.0,22.0,1,96,0
22.0,73.0,32.0,0,49,0
38.0,69.0,32.0,0,34,0
25.0,44.0,14.0,0,41,1
22.0,83.0,47.0,0,52,0
23.0,47.0,18.0,0,45,1
36.0,90.0,63.0,0,64,0
37.0,81.0,27.0,1,81,0
27.0,58.0,64.0,0,72,0
35.0,83.0,56.0,0,76,0
38.0,58.0,47.0,0,55,0
40.0,91.0,44.0,0,52,0
27.0,59.0,51.0,0,51,0
24.0,48.0,30.0,0,30,0
24.0,47.0,51.0,0,66,0
33.0,83.0,64.0,0,59,0
30.0,88.0,14.0,1,81,0
31.0,56.0,47.0,0,56,0
35.0,77.0,69.0,0,70,0
39.0,84.0,16.0,0,33,1
21.0,92.0,66.0,1,89,0
32.0,66.0,61.0,0,67,0
25.0,66.0,24.0,0,37,1
28.0,67.0,16.0,0,37,1
21.0,60.0,29.0,0,42,0
24.0,41.0,61.0,0,65,0
24.0,43.0,21.0,0,45,1
23.0,42.0,18.0,0,27,0
22.0,47.0,53.0,0,50,0
26.0,53.0,64.0,0,61,0
37.0,42.0,19.0,0,20,0
36.0,40.0,48.0,0,78,0
25.0,63.0,60.0,0,59,0
33.0,86.0,12.0,0,20,0
29.0,76.0,38.0,0,37,0
30.0,40.0,52.0,0,68,0
34.0,67.0,18.0,0,21,0
32.0,54.0,52.0,0,61,0
39.0,42.0,21.0,0,31,0
37.0,51.0,28.0,0,41,1
20.0,63.0,23.0,0,24,0
29.0,57.0,67.0,0,69,0
25.0,86.0,14.0,1,85,0
36.0,45.0,35.0,0,27,0
36.0,67.0,34.0,0,48,0
38.0,72.0,45.0,0,63,0
35.0,57.0,60.0,0,61,0
27.0,58.0,69.0,0,59,0
32.0,64.0,11.0,0,54,1
21.0,68.0,13.0,0,20,0
34.0,55.0,46.0,0,76,0
37.0,74.0,22.0,0,31,0
31.0,46.0,48.0,0,66,0
30.0,81.0,26.0,1,83,0
31.0,79.0,12.0,1,80,0
40.0,55.0,15.0,0,22,0
36.0,48.0,20.0,0,34,0
36.0,44.0,67.0,0,55,0
31.0,44.0,43.0,0,34,0
20.0,75.0,34.0,0,24,0
33.73,70.46,17.33,0,34,1
36.0,48.0,26.0,0,24,0
36.0,80.0,26.0,0,34,1
32.0,82.0,43.0,0,28,0
26.0,45.0,17.0,0,46,1
35.0,91.0,28.0,0,29,0
27.0,45.0,25.0,0,43,1
39.0,48.0,26.0,0,46,1
32.0,54.0,27.0,0,38,1
27.0,64.0,55.0,0,53,0
27.0,72.0,58.0,0,61,0
28.0,92.0,54.0,1,99,0
34.0,61.0,60.0,0,65,0
34.0,65.0,17.0,0,43,1
40.0,67.0,20.0,0,53,1
28.0,69.0,29.0,0,40,1
37.0,68.0,10.0,0,27,0
39.0,69.0,29.0,0,40,1
29.0,42.0,12.0,0,39,1
21.0,59.0,29.0,0,22,0
31.0,76.0,19.0,0,28,0
21.0,49.0,31.0,0,32,0
37.0,84.0,11.0,0,21,0
34.0,56.0,26.0,0,41,1
27.0,42.0,38.0,0,48,0
36.0,82.0,52.0,0,51,0
21.0,47.0,58.0,0,62,0
40.0,65.0,17.0,0,21,0
27.0,50.0,22.0,0,36,1
30.81,43.92,23.43,0,47,1
32.0,95.0,55.0,0,52,0
29.0,80.0,22.0,0,29,0
25.0,58.0,52.0,0,58,0
36.0,48.0,50.0,0,50,0
23.0,59.0,50.0,0,62,0
35.0,51.0,45.0,0,50,0
30.0,81.0,47.0,1,73,0
24.0,87.0,49.0,1,88,0
27.0,58.0,15.0,0,31,1
39.0,75.0,11.0,0,45,1
32.0,84.0,33.0,1,86,0
24.51,43.09,32.81,0,21,0
39.0,79.0,65.0,0,61,0
33.0,62.0,28.0,0,33,1
40.0,57.0,56.0,0,55,0
22.0,40.0,45.0,0,74,0
32.0,54.0,35.0,0,40,0
29.0,85.0,18.0,1,94,0
37.0,41.0,29.0,0,23,1
27.0,56.0,64.0,0,51,0
34.0,58.0,38.0,0,39,0
26.0,94.0,43.0,1,80,0
35.0,40.0,21.0,0,43,1
33.0,58.0,62.0,0,70,0
37.0,51.0,45.0,0,71,0
40.0,47.0,24.0,0,46,1
40.0,85.0,41.0,0,50,0
35.0,47.0,33.0,0,32,0
20.0,64.0,36.0,0,26,0
21.0,83.0,35.0,1,90,0
31.3,72.88,34.21,0,34,0
27.0,72.0,11.0,0,49,1
39.0,52.0,65.0,0,69,0
20.51,77.75,24.82,0,42,1
21.25,87.68,35.54,1,87,0
32.0,88.0,40.0,0,40,0
22.0,72.0,29.0,0,48,1
37.0,74.0,32.0,0,36,1
26.0,91.0,16.0,1,77,0
35.0,94.0,32.0,0,49,0
31.0,51.0,27.0,0,28,0
28.0,95.0,65.0,1,89,0
31.0,50.0,38.0,0,49,0
35.0,89.0,41.0,0,41,0
33.0,83.0,51.0,1,94,0
37.0,83.0,36.0,0,37,0
38.0,83.0,40.0,0,32,0
31.0,74.0,23.0,0,41,1
35.0,78.0,56.0,0,79,0
33.0,95.0,27.0,0,48,1
30.0,73.0,34.0,0,35,0
31.0,67.0,38.0,0,40,0
24.0,78.0,43.0,0,20,0
39.0,49.0,46.0,0,76,0
29.0,56.0,58.0,0,66,0
24.0,80.0,67.0,0,58,0
22.0,69.0,15.0,0,45,1
40.0,69.0,37.0,0,45,0
33.0,70.0,41.0,0,28,0
32.0,58.0,14.0,0,31,1
21.0,58.0,37.0,0,42,0
29.0,89.0,12.0,1,82,0
38.0,92.0,25.0,0,43,1
36.0,64.0,41.0,0,31,0
31.0,71.0,60.0,0,63,0
31.0,50.0,33.0,0,27,0
33.0,74.0,46.0,0,56,0
24.0,86.0,36.0,1,87,0
28.0,78.0,40.0,0,45,0
31.0,87.0,51.0,0,76,0
35.0,58.0,13.0,0,22,0
27.0,51.0,11.0,0,30,0
20.0,46.0,67.0,0,76,0
32.0,70.0,23.0,0,39,1
34.0,79.0,18.0,1,76,0
35.0,85.0,15.0,0,21,0
25.0,50.0,21.0,0,29,0
22.0,55.0,49.0,0,79,0
39.0,77.0,33.0,0,48,0
29.0,55.0,21.0,0,39,1
34.0,64.0,68.0,0,68,0
36.0,46.0,57.0,0,79,0
37.0,71.0,31.0,0,25,0
33.0,76.0,30.0,0,33,0
27.0,77.0,31.0,0,33,0
24.0,52.0,56.0,0,63,0
30.0,43.0,68.0,0,67,0
33.0,77.0,59.0,0,74,0
26.0,78.0,40.0,1,92,0
32.0,93.0,36.0,0,44,0
27.19,87.38,20.69,1,96,0
32.0,82.0,38.0,1,84,0
20.0,76.0,36.0,0,42,0
24.0,57.0,25.0,0,27,0
30.0,46.0,26.0,0,51,1
25.0,45.0,68.0,0,67,0
36.0,94.0,32.0,0,51,0
29.0,46.0,31.0,0,36,1
20.0,55.0,31.0,0,37,0
31.0,68.0,57.0,0,66,0
21.51,62.26,14.0,0,23,0
37.0,70.0,13.0,0,20,0
30.0,46.0,50.0,0,50,0
34.0,72.0,14.0,0,47,1
32.0,62.0,38.0,0,25,0
25.0,54.0,25.0,0,43,1
24.0,48.0,55.0,0,57,0
32.61,63.85,43.11,0,21,0
29.0,67.0,32.0,0,32,0
22.0,91.0,54.0,1,91,0
24.0,74.0,11.0,0,54,1
25.0,43.0,33.0,0,46,0
34.0,50.0,31.0,0,43,0
39.0,58.0,51.0,0,66,0
24.0,44.0,28.0,0,33,1
29.0,91.0,22.0,1,83,0
35.0,44.0,11.0,0,35,0
26.0,78.0,37.0,0,33,0
40.0,57.0,69.0,0,67,0
33.0,50.0,69.0,0,50,0
25.0,82.0,68.0,1,77,0
25.0,66.0,49.0,0,51,0
29.0,82.0,30.0,1,93,0
38.0,79.0,63.0,0,54,0
24.0,86.0,46.0,1,86,0
20.0,60.0,25.0,0,34,0
21.0,70.0,21.0,0,38,1
32.0,68.0,47.0,0,76,0
39.0,87.0,17.0,0,23,0
29.0,65.0,36.0,0,27,0
29.0,53.0,36.0,0,33,0
21.0,68.0,52.0,0,79,0
28.0,55.0,43.0,0,51,0
29.0,78.0,25.0,0,20,0
24.96,73.84,42.64,0,41,0
20.77,44.11,27.35,0,26,0
39.0,73.0,41.0,0,44,0
28.0,78.0,51.0,1,97,0
36.0,91.0,41.0,0,23,0
27.0,93.0,66.0,1,89,0
26.0,81.0,26.0,1,81,0
28.0,53.0,14.0,0,30,0
29.0,62.0,67.0,0,55,0
20.0,84.0,64.0,0,79,0
28.0,62.0,56.0,0,77,0
24.0,94.0,49.0,1,93,0
25.0,95.0,28.0,1,79,0
23.0,92.0,17.0,1,99,0
27.0,54.0,58.0,0,54,0
36.0,79.0,40.0,0,21,0
27.0,84.0,31.0,1,96,0
22.0,91.0,68.0,1,95,0
34.0,58.0,11.0,0,31,1
32.0,88.0,69.0,0,51,0
31.0,55.0,28.0,0,53,1
26.0,88.0,51.0,1,81,0
34.0,68.0,54.0,0,60,0
20.0,88.0,49.0,1,71,0
21.0,45.0,17.0,0,30,0
24.0,65.0,20.0,0,49,1
21.0,94.0,46.0,1,74,0
20.0,58.0,12.0,0,29,0
36.0,84.0,18.0,1,75,0
32.0,94.0,68.0,0,54,0
25.0,92.0,30.0,1,93,1
39.0,49.0,53.0,0,70,0
24.0,52.0,10.0,0,42,1
37.0,74.0,10.0,0,24,0
20.0,93.0,37.0,1,90,0
24.0,85.0,58.0,1,72,0
24.0,81.0,31.0,1,90,0
28.0,70.0,23.0,0,36,1
36.0,53.0,51.0,0,62,0
38.0,84.0,44.0,0,26,0
20.0,58.0,37.0,0,46,0
29.0,59.0,34.0,0,40,0
35.0,52.0,35.0,0,39,0
29.0,92.0,41.0,1,84,0
23.0,91.0,40.0,1,70,0
25.0,93.0,51.0,1,73,0
32.0,62.0,66.0,0,79,0
28.0,58.0,25.0,0,41,1
20.0,41.0,28.0,0,39,1
37.0,49.0,14.0,0,42,1
38.0,51.0,17.0,0,27,0
28.0,51.0,23.0,0,33,1
34.0,70.0,49.0,0,64,0
36.0,95.0,18.0,0,20,0
31.0,64.0,21.0,0,36,1
35.0,65.0,27.0,0,25,0
34.0,75.0,22.0,0,46,1
22.0,66.0,61.0,0,58,0
24.89,64.38,33.39,0,41,0
39.0,57.0,55.0,0,67,0
21.0,49.0,14.0,0,40,1
26.0,79.0,48.0,0,78,0
21.0,56.0,46.0,0,63,0
27.0,61.0,17.0,0,34,0
21.0,43.0,26.0,0,23,0
30.0,93.0,35.0,1,73,0
26.0,52.0,14.0,0,45,1
22.0,43.0,14.0,0,45,1
24.0,52.0,37.0,0,30,0
24.0,45.0,58.0,0,60,0
33.0,53.0,66.0,0,73,0
36.0,80.0,60.0,1,97,0
23.0,72.0,40.0,0,40,0
35.0,86.0,63.0,0,53,0
22.0,57.0,62.0,0,68,0
24.0,45.0,14.0,0,46,1
39.0,71.0,69.0,0,61,0
30.0,52.0,17.0,0,46,1
25.0,40.0,29.0,0,42,1
25.0,40.0,17.0,0,52,1
33.0,66.0,18.0,0,52,1
36.0,79.0,49.0,0,70,0
34.0,49.0,24.0,0,29,0
29.0,69.0,31.0,0,25,0
33.0,88.0,66.0,0,76,0
21.0,44.0,38.0,0,24,0
20.0,71.0,57.0,0,55,0
32.0,41.0,40.0,0,22,0
37.0,93.0,55.0,0,57,0
29.0,55.0,16.0,0,23,0
32.0,82.0,26.0,0,36,1
20.0,91.0,70.0,1,95,0
31.0,69.0,26.0,0,29,0
40.0,47.0,19.0,0,29,0
28.0,82.0,30.0,0,43,1
23.0,61.0,16.0,0,43,1
20.0,68.0,57.0,0,54,0
34.0,94.0,11.0,0,33,1
23.0,40.0,59.0,0,50,0
38.0,70.0,18.0,0,23,0
31.0,89.0,48.0,0,69,0
30.0,71.0,49.0,0,69,0
34.0,64.0,45.0,0,60,0
29.0,78.0,62.0,1,78,0
36.0,91.0,54.0,0,54,0
21.0,69.0,12.0,0,45,1
22.0,62.0,60.0,0,67,0
39.0,44.0,10.0,0,49,1
24.83,57.0,21.22,0,23,0
38.0,92.0,39.0,0,22,0
28.0,49.0,26.0,0,31,0
28.0,70.0,64.0,0,78,0
23.0,66.0,53.0,0,57,0
21.0,69.0,56.0,0,56,0
32.0,89.0,46.0,0,55,0
39.0,64.0,57.0,0,61,0
40.0,80.0,32.0,0,50,1
26.0,54.0,35.0,0,20,0
29.0,85.0,47.0,1,83,0
23.99,46.04,13.81,0,20,0
28.0,79.0,38.0,0,35,0
35.0,93.0,65.0,0,57,0
34.0,63.0,34.0,0,20,0
26.0,42.0,17.0,0,42,1
27.0,88.0,24.0,1,86,0
20.0,70.0,57.0,0,64,0
28.0,58.0,38.0,0,50,0
32.0,43.0,64.0,0,63,0
31.0,83.0,29.0,1,85,0
30.0,43.0,23.0,0,36,1
33.0,65.0,67.0,0,59,0
35.0,64.0,50.0,0,53,0
26.0,58.0,40.0,0,32,0
27.0,91.0,63.0,1,89,0
38.0,59.0,57.0,0,71,0
21.0,85.0,31.0,1,85,1
26.0,84.0,44.0,1,85,0
40.0,52.0,40.0,0,30,0
23.0,64.0,29.0,0,21,0
21.0,68.0,13.0,0,45,1
27.0,80.0,57.0,0,56,0
29.0,77.0,36.0,0,40,0
24.72,47.11,44.69,0,22,0
26.0,88.0,60.0,1,97,0
27.81,52.72,38.21,0,24,0
24.0,52.0,28.0,0,49,1
35.0,58.0,43.0,0,25,0
25.0,73.0,27.0,0,32,0
30.0,78.0,26.0,0,43,1
27.0,84.0,58.0,1,81,0
27.0,58.0,47.0,0,52,0
32.0,47.0,47.0,0,78,0
26.0,74.0,64.0,0,77,0
27.0,75.0,24.0,0,47,1
39.0,88.0,22.0,0,20,0
28.1,63.65,40.73,0,22,0
23.0,73.0,25.0,0,52,1
34.0,76.0,63.0,0,65,0
37.0,73.0,34.0,0,25,0
25.0,40.0,69.0,0,74,0
20.0,83.0,68.0,1,95,0
22.0,54.0,65.0,0,55,0
22.0,80.0,69.0,1,79,0
22.0,65.0,27.0,0,48,1
37.0,81.0,60.0,0,69,0
22.0,54.0,65.0,0,55,0
28.0,52.0,67.0,0,52,0
25.0,85.0,53.0,1,73,0
38.0,78.0,13.0,0,49,1
27.0,54.0,40.0,0,49,0
22.0,51.0,16.0,0,45,1
25.0,67.0,62.0,0,79,0
38.0,61.0,40.0,0,26,0
20.0,51.0,48.0,0,53,0
25.0,94.0,60.0,1,94,0
34.84,46.28,43.38,0,38,0
28.0,66.0,35.0,0,38,0
30.0,57.0,43.0,0,53,0
21.0,51.0,36.0,0,24,0
30.0,52.0,57.0,0,67,0
32.0,47.0,70.0,0,78,0
21.0,64.0,61.0,0,61,0
20.0,70.0,64.0,0,78,0
32.0,88.0,40.0,0,54,0
29.0,74.0,55.0,0,75,0
37.0,58.0,32.0,0,42,0
34.0,86.0,65.0,0,55,0
24.0,43.0,31.0,0,37,0
38.0,77.0,38.0,0,42,0
24.0,76.0,40.0,0,47,0
38.0,64.0,30.0,0,31,0
38.0,47.0,37.0,0,27,0
30.0,42.0,51.0,0,79,0
33.0,48.0,39.0,0,43,0
39.0,58.0,67.0,0,64,0
27.0,52.0,51.0,0,57,0
38.0,92.0,23.0,0,46,1
31.0,58.0,68.0,0,57,0
35.0,71.0,67.0,0,76,0
25.0,51.0,56.0,0,74,0
38.0,50.0,66.0,0,61,0
37.0,59.0,65.0,0,73,0
38.0,76.0,48.0,0,70,0
21.0,47.0,28.0,0,45,1
34.4,87.54,30.8,0,20,0
28.0,73.0,64.0,0,54,0
36.0,72.0,20.0,0,47,1
30.0,66.0,10.0,0,21,0
34.0,74.0,28.0,0,37,1
29.0,84.0,28.0,0,27,1
31.0,49.0,43.0,0,30,0
39.0,81.0,50.0,0,59,0
22.0,50.0,12.0,0,47,1
31.0,41.0,35.0,0,34,0
26.0,64.0,54.0,0,53,0
20.0,56.0,33.0,0,53,0
23.0,49.0,39.0,0,40,0
27.0,41.0,29.0,0,20,0
22.0,93.0,17.0,1,83,0
21.0,88.0,25.0,1,71,0
25.0,91.0,32.0,1,89,0
32.0,88.0,26.0,0,33,0
20.0,44.0,51.0,0,56,0
32.0,80.0,16.0,0,31,1
32.0,57.0,42.0,0,35,0
40.0,90.0,49.0,0,56,0
32.0,43.0,31.0,0,26,0
36.0,81.0,52.0,0,71,0
34.0,62.0,30.0,0,40,1
25.0,72.0,33.0,0,34,0
20.0,79.0,26.0,1,79,0
35.0,90.0,42.0,0,22,0
32.0,91.0,11.0,0,47,1
36.0,85.0,68.0,0,67,0
22.0,48.0,31.0,0,42,1
39.0,56.0,44.0,0,38,0
34.0,70.0,49.0,0,64,0
32.0,91.0,25.0,0,27,0
33.0,90.0,16.0,0,35,1
32.0,50.0,63.0,0,65,0
22.0,48.0,20.0,0,30,0
35.0,66.0,24.0,0,53,1
37.0,44.0,12.0,0,42,1
22.0,77.0,63.0,0,63,0
38.0,77.0,10.0,0,50,1
35.0,93.0,31.0,0,47,1
34.0,51.0,70.0,0,66,0
21.0,93.0,39.0,1,94,0
24.0,53.0,12.0,0,42,1
24.0,55.0,24.0,0,36,1
37.0,88.0,61.0,0,78,0
22.0,44.0,47.0,0,71,0
38.0,82.0,64.0,1,98,0
24.0,57.0,29.0,0,21,0
22.0,61.0,47.0,0,63,0
33.0,48.0,68.0,0,77,0
23.0,60.0,49.0,0,68,0
28.58,71.54,23.56,0,39,1
38.0,61.0,40.0,0,26,0
30.0,75.0,60.0,0,78,0
24.0,74.0,36.0,0,36,0
29.0,57.0,56.0,0,66,0
31.0,71.0,34.0,0,26,0
39.0,67.0,66.0,0,60,0
27.0,41.0,26.0,0,28,0
39.0,55.0,60.0,0,58,0
26.0,48.0,60.0,0,65,0
24.0,47.0,22.0,0,27,0
32.0,81.0,59.0,1,75,0
34.0,67.0,33.0,0,27,0
29.0,82.0,35.0,0,30,0
32.0,89.0,24.0,0,51,1
32.0,46.0,24.0,0,46,1
27.0,52.0,38.0,0,24,0
38.0,40.0,38.0,0,50,0
26.0,41.0,51.0,0,73,0
30.0,93.0,42.0,1,87,0
21.0,92.0,66.0,1,94,0
25.0,41.0,29.0,0,47,1
35.0,78.0,50.0,1,96,0
21.0,40.0,40.0,0,31,0
35.0,64.0,63.0,0,77,0
24.2,40.59,44.18,0,49,0
24.0,91.0,21.0,1,93,0
22.0,87.0,24.0,1,81,0
30.0,86.0,22.0,1,98,0
24.0,42.0,67.0,0,76,0
33.0,42.0,33.0,0,35,0
39.0,55.0,62.0,0,57,0
28.0,48.0,47.0,0,60,0
39.0,61.0,24.0,0,43,1
38.0,64.0,30.0,0,31,0
32.0,52.0,14.0,0,44,1
36.0,91.0,24.0,0,20,0
25.0,75.0,54.0,0,53,0
39.0,58.0,54.0,0,67,0
40.0,59.0,57.0,0,57,0
25.0,40.0,69.0,0,74,0
24.0,48.0,34.0,0,44,0
25.0,80.0,54.0,1,93,0
23.0,62.0,57.0,0,72,0
22.0,76.0,35.0,0,34,0
32.17,89.14,13.57,0,22,0
34.0,91.0,23.0,0,46,1
31.0,74.0,58.0,0,70,0
36.0,91.0,51.0,0,55,0
28.0,74.0,10.0,0,40,1
39.0,51.0,44.0,0,36,0
35.0,74.0,26.0,0,37,1
37.0,92.0,68.0,0,71,0
30.0,49.0,39.0,0,37,0
38.0,67.0,67.0,0,72,0
26.0,63.0,35.0,0,36,0
28.0,47.0,42.0,0,46,0
24.0,92.0,46.0,1,79,0
32.0,82.0,52.0,0,68,0
34.0,75.0,36.0,0,25,0
33.0,62.0,21.0,0,48,1
30.0,84.0,52.0,0,56,0
31.0,56.0,16.0,0,23,0
25.0,71.0,64.0,0,53,0
30.0,62.0,10.0,0,33,1
27.0,50.0,55.0,0,57,0
28.0,92.0,50.0,1,79,0
24.0,87.0,24.0,1,84,0
38.0,76.0,11.0,0,34,1
25.0,80.0,37.0,1,81,0
30.0,65.0,64.0,0,67,0
22.0,55.0,49.0,0,79,0
23.0,75.0,37.0,0,32,0
24.0,63.0,58.0,0,68,0
29.0,89.0,67.0,1,97,0
27.0,54.0,15.0,0,46,1
31.0,95.0,51.0,0,53,0
29.0,42.0,47.0,0,78,0
35.0,86.0,63.0,0,53,0
24.0,93.0,69.0,1,75,0
28.0,68.0,67.0,0,63,0
20.0,43.0,68.0,0,53,0
29.0,88.0,31.0,1,91,1
24.0,84.0,47.0,1,98,0
37.0,57.0,14.0,0,39,1
27.0,85.0,49.0,1,83,0
36.0,82.0,26.0,0,35,1
39.0,78.0,37.0,0,51,0
23.0,84.0,26.0,1,93,0
26.0,91.0,38.0,1,84,0
40.0,86.0,10.0,0,36,1
35.0,62.0,15.0,0,38,1
32.0,55.0,53.0,0,56,0
22.0,86.0,22.0,1,78,0
33.0,40.0,70.0,0,62,0
27.0,84.0,68.0,1,71,0
36.0,88.0,34.0,0,30,0
20.0,91.0,12.0,1,92,0
38.0,94.0,22.0,0,28,0
28.0,80.0,44.0,1,88,0
35.0,68.0,36.0,0,37,0
23.0,45.0,23.0,0,23,0
20.0,64.0,41.0,0,27,0
36.0,42.0,16.0,0,20,0
31.0,57.0,58.0,0,68,0
27.0,51.0,63.0,0,61,0
37.0,41.0,10.0,0,34,1
37.0,43.0,34.0,0,47,0
24.0,88.0,58.0,1,93,0
33.0,89.0,57.0,0,55,0
37.0,83.0,23.0,0,34,1
40.0,82.0,65.0,1,82,0
40.0,85.0,28.0,0,40,1
25.0,57.0,49.0,0,70,0
28.01,85.98,16.16,1,95,0
34.0,59.0,43.0,0,38,0
23.0,87.0,62.0,1,94,0
38.0,93.0,24.0,0,49,1
37.0,59.0,34.0,0,49,0
35.0,92.0,28.0,0,21,0
40.0,88.0,51.0,0,60,0
37.0,75.0,70.0,0,64,0
27.0,94.0,10.0,1,95,0
31.0,90.0,67.0,0,61,0
39.0,62.0,20.0,0,41,1
20.0,91.0,56.0,1,92,0
31.0,76.0,10.0,0,34,0
30.0,71.0,42.0,0,47,0
26.0,68.0,61.0,0,55,0
26.0,62.0,30.0,0,21,0
28.0,56.0,32.0,0,21,1
30.0,81.0,22.0,1,94,0
35.0,64.0,64.0,0,72,0
33.0,50.0,23.0,0,40,1
27.0,83.0,31.0,1,93,0
27.0,86.0,42.0,1,76,0
31.0,67.0,27.0,0,32,0
24.0,59.0,42.0,0,48,0
23.85,48.84,25.75,0,44,1
38.0,58.0,65.0,0,53,0
26.0,80.0,58.0,0,53,0
29.0,44.0,20.0,0,20,0
40.0,53.0,53.0,0,72,0
28.0,74.0,10.0,0,40,1
39.0,62.0,58.0,0,55,0
30.0,68.0,59.0,0,51,0
36.0,42.0,25.0,0,49,1
25.0,71.0,17.0,0,40,1
31.0,94.0,24.0,0,38,1
37.0,48.0,47.0,0,72,0
33.0,52.0,16.0,0,34,0
21.0,43.0,12.0,0,26,0
35.0,94.0,48.0,0,53,0
22.0,90.0,41.0,1,79,0
28.0,66.0,64.0,0,54,0
21.0,87.0,28.0,1,82,1
32.0,83.0,51.0,0,52,0
40.0,67.0,42.0,0,25,0
27.0,81.0,63.0,1,82,0
30.0,52.0,17.0,0,20,0
31.0,64.0,12.0,0,45,1
32.0,68.0,18.0,0,45,1
32.0,67.0,10.0,0,38,1
35.0,70.0,28.0,0,28,1
33.0,82.0,21.0,0,45,1
27.0,73.0,49.0,0,50,0
26.0,73.0,52.0,0,79,0
34.0,46.0,37.0,0,22,0
33.55,85.69,25.2,0,38,1
20.0,57.0,41.0,0,30,0
21.0,49.0,59.0,0,78,0
31.0,71.0,19.0,0,34,0
29.0,42.0,65.0,0,75,0
36.0,65.0,65.0,0,74,0
24.0,47.0,10.0,0,47,1
23.0,92.0,32.0,1,90,1
28.0,45.0,14.0,0,48,1
29.0,81.0,70.0,1,80,0
39.0,69.0,23.0,0,41,1
32.0,57.0,53.0,0,72,0
28.0,84.0,44.0,0,40,0
24.0,94.0,37.0,1,90,0
25.0,40.0,14.0,0,28,0
28.0,88.0,26.0,1,86,0
35.0,92.0,14.0,0,22,0
20.0,59.0,22.0,0,20,0
31.0,72.0,62.0,0,78,0
28.0,65.0,37.0,0,21,0
38.0,71.0,20.0,0,43,1
31.0,59.0,25.0,0,33,1
38.0,46.0,56.0,0,57,0
28.45,84.76,26.68,1,85,0
36.0,69.0,30.0,0,45,0
23.0,57.0,18.0,0,49,1
26.0,93.0,49.0,1,76,0
34.0,95.0,39.0,0,36,0
21.0,69.0,62.0,0,51,0
28.0,71.0,24.0,0,24,0
32.0,90.0,27.0,0,48,1
31.0,59.0,61.0,0,70,0
31.0,49.0,59.0,0,67,0
22.0,61.0,15.0,0,21,0
32.0,45.0,37.0,0,24,0
23.0,82.0,53.0,0,59,0
28.0,84.0,35.0,0,29,0
38.0,52.0,10.0,0,39,1
36.0,54.0,47.0,0,63,0
30.0,83.0,35.0,1,97,0
34.0,69.0,53.0,0,75,0
28.0,44.0,32.0,0,52,0
31.0,58.0,57.0,0,71,0
29.0,73.0,52.0,0,74,0
25.0,61.0,54.0,0,58,0
33.0,79.0,50.0,0,71,0
25.0,84.0,51.0,1,94,0
25.0,54.0,30.0,0,29,1
30.0,80.0,38.0,1,77,0
29.0,67.0,69.0,0,65,0
32.0,85.0,12.0,0,29,0
33.0,44.0,33.0,0,47,0
39.0,55.0,43.0,0,21,0
25.0,67.0,30.0,0,37,0
34.0,67.0,70.0,0,63,0
28.0,78.0,11.0,1,83,0
24.0,65.0,22.0,0,46,1
28.96,73.68,29.77,0,49,1
37.0,83.0,36.0,0,22,0
21.0,47.0,68.0,0,58,0
32.0,71.0,43.0,0,38,0
28.0,46.0,24.0,0,38,1
30.0,44.0,59.0,0,73,0
21.0,63.0,65.0,0,66,0
23.0,40.0,17.0,0,54,1
28.97,55.52,13.25,0,45,1
22.0,94.0,19.0,1,93,0
21.0,62.0,67.0,0,79,0
35.0,66.0,49.0,0,59,0
31.0,70.0,33.0,0,33,0
30.0,47.0,70.0,0,70,0
29.0,75.0,50.0,0,55,0
39.0,94.0,60.0,0,66,0
35.0,93.0,25.0,0,22,0
32.0,80.0,38.0,1,75,0
33.0,53.0,23.0,0,44,1
38.0,82.0,56.0,1,91,0
34.0,85.0,17.0,0,29,0
30.0,49.0,66.0,0,70,0
24.0,60.0,13.0,0,21,0
38.0,87.0,30.0,0,41,1
38.0,86.0,14.0,0,34,1
37.0,53.0,24.0,0,45,1
28.0,75.0,35.0,0,31,0
25.0,62.0,55.0,0,72,0
21.0,89.0,59.0,1,80,0
27.0,43.0,40.0,0,46,0
21.0,44.0,53.0,0,76,0
23.0,61.0,60.0,0,72,0
28.0,53.0,39.0,0,23,0
22.0,75.0,61.0,0,71,0
39.0,63.0,37.0,0,37,0
35.0,59.0,24.0,0,51,1
24.0,62.0,48.0,0,62,0
22.0,50.0,66.0,0,79,0
40.0,47.0,31.0,0,26,0
39.0,90.0,26.0,0,53,1
35.0,44.0,28.0,0,23,1
33.0,69.0,44.0,0,40,0
28.0,61.0,22.0,0,44,1
38.0,45.0,66.0,0,50,0
40.0,69.0,59.0,0,60,0
24.0,80.0,51.0,1,82,0
32.0,67.0,23.0,0,41,1
24.0,42.0,44.0,0,39,0
36.0,77.0,26.0,0,33,0
33.0,53.0,68.0,0,50,0
37.0,89.0,24.0,0,41,1
33.0,72.0,27.0,0,36,1
32.0,60.0,42.0,0,39,0
29.0,83.0,25.0,0,23,0
20.0,62.0,46.0,0,57,0
33.0,92.0,15.0,0,54,1
36.0,40.0,23.0,0,48,1
38.0,93.0,18.0,0,47,1
38.0,84.0,22.0,0,20,0
25.0,58.0,69.0,0,61,0
21.0,79.0,24.0,0,26,0
26.0,44.0,52.0,0,62,0
33.0,74.0,39.0,0,47,0
21.0,75.0,11.0,0,37,1
37.0,80.0,54.0,0,56,0
29.0,85.0,35.0,1,96,0
37.0,94.0,15.0,0,54,1
30.0,48.0,59.0,0,79,0
32.0,51.0,44.0,0,37,0
24.0,61.0,21.0,0,21,0
35.0,64.0,31.0,0,32,1
29.0,85.0,66.0,1,89,0
22.0,62.0,29.0,0,27,1
31.0,65.0,42.0,0,45,0
26.53,79.26,17.33,0,45,1
36.0,80.0,28.0,0,50,0
26.0,81.0,22.0,1,73,0
31.0,41.0,52.0,0,63,0
33.0,61.0,62.0,0,75,0
21.0,47.0,42.0,0,47,0
36.0,74.0,26.0,0,21,0
20.0,81.0,28.0,0,35,0
30.0,41.0,58.0,0,58,0
29.0,47.0,29.0,0,27,0
37.0,67.0,69.0,0,76,0
33.0,42.0,57.0,0,50,0
36.0,77.0,23.0,0,42,1
29.0,67.0,20.0,0,20,0
28.0,43.0,24.0,0,44,1
23.0,72.0,22.0,0,38,1
25.0,77.0,59.0,0,79,0
27.0,44.0,38.0,0,30,0
39.0,59.0,65.0,0,63,0
20.0,91.0,43.0,1,73,0
37.0,84.0,13.0,1,90,0
33.0,69.0,19.0,0,45,1
39.0,43.0,65.0,0,79,0
21.0,54.0,23.0,0,38,1
29.0,69.0,41.0,0,29,0
38.0,65.0,61.0,0,78,0
33.0,55.0,19.0,0,48,1
37.0,83.0,47.0,0,54,0
22.0,41.0,36.0,0,21,0
23.0,57.0,35.0,0,26,0
38.0,43.0,67.0,0,55,0
36.0,80.0,33.0,0,34,0
35.0,78.0,45.0,0,79,0
20.0,63.0,10.0,0,34,0
40.0,74.0,42.0,0,43,0
31.0,83.0,47.0,0,68,0
39.0,87.0,12.0,0,33,1
40.0,70.0,44.0,0,36,0
29.16,82.82,43.27,1,80,0
22.0,42.0,53.0,0,71,0
36.0,66.0,11.0,0,52,1
40.0,65.0,34.0,0,41,0
37.0,42.0,58.0,0,53,0
22.6,55.54,14.46,0,43,1
34.0,45.0,63.0,0,66,0
40.0,72.0,16.0,0,20,0
34.0,74.0,34.0,0,28,0
28.0,48.0,18.0,0,46,1
40.0,69.0,48.0,0,67,0
22.0,85.0,49.0,1,93,0
39.0,88.0,23.0,0,54,1
21.0,87.0,38.0,1,70,0
32.0,75.0,44.0,0,31,0
35.0,76.0,30.0,0,34,1
27.0,65.0,39.0,0,36,0
27.0,76.0,41.0,0,47,0
27.0,81.0,63.0,0,57,0
28.0,76.0,29.0,0,21,0
33.0,69.0,42.0,0,34,0
30.0,57.0,45.0,0,52,0
36.0,91.0,70.0,0,53,0
27.0,71.0,35.0,0,46,0
38.0,70.0,60.0,0,54,0
33.0,91.0,66.0,0,53,0
34.0,73.0,54.0,0,71,0
36.0,73.0,50.0,0,61,0
36.0,91.0,47.0,0,50,0
22.0,91.0,54.0,1,96,0
20.0,62.0,49.0,0,52,0
38.0,87.0,48.0,0,59,0
34.0,80.0,65.0,0,74,0
32.0,91.0,25.0,0,37,1
32.0,94.0,44.0,0,34,0
37.0,60.0,31.0,0,40,0
34.0,80.0,14.0,0,32,1
27.0,50.0,30.0,0,40,0
26.0,75.0,34.0,0,30,0
27.0,59.0,60.0,0,63,0
27.48,84.27,33.03,1,74,0
38.0,52.0,33.0,0,30,0
34.0,74.0,46.0,0,50,0
37.0,89.0,39.0,0,49,0
35.0,54.0,66.0,0,51,0
36.0,63.0,30.0,0,21,0
31.0,44.0,33.0,0,25,0
36.0,46.0,57.0,0,79,0
25.0,81.0,38.0,1,84,0
29.0,75.0,34.0,0,29,0
29.0,90.0,50.0,1,94,0
32.0,94.0,30.0,0,32,0
37.0,46.0,30.0,0,50,0
32.0,47.0,63.0,0,77,0
33.0,69.0,27.0,0,32,1
35.0,94.0,11.0,0,36,1
27.0,64.0,13.0,0,29,0
38.0,89.0,30.0,0,31,0
37.0,54.0,41.0,0,25,0
39.0,88.0,17.0,0,30,0
35.0,90.0,49.0,0,55,0
38.0,48.0,39.0,0,40,0
26.0,75.0,56.0,0,68,0
23.0,73.0,51.0,0,71,0
21.0,72.0,59.0,0,73,0
20.0,66.0,34.0,0,29,0
27.0,65.0,25.0,0,47,1
29.0,42.0,54.0,0,76,0
39.0,53.0,49.0,0,74,0
31.0,94.0,44.0,0,42,0
22.0,67.0,53.0,0,64,0
30.0,52.0,60.0,0,78,0
29.0,43.0,14.0,0,24,0
38.0,76.0,27.0,0,35,0
35.0,55.0,67.0,0,57,0
21.0,42.0,16.0,0,42,1
32.0,44.0,34.0,0,39,0
29.0,64.0,22.0,0,35,0
26.0,87.0,50.0,1,90,0
29.0,90.0,25.0,1,98,0
38.0,82.0,46.0,0,61,0
22.0,94.0,16.0,1,84,0
26.0,52.0,41.0,0,48,0
25.0,84.0,32.0,1,83,0
33.0,87.0,32.0,0,49,0
24.0,62.0,37.0,0,53,0
35.0,72.0,37.0,0,28,0
23.0,48.0,16.0,0,37,1
26.0,57.0,20.0,0,30,0
26.0,47.0,59.0,0,56,0
36.0,85.0,68.0,0,67,0
30.0,55.0,60.0,0,72,0
28.0,59.0,10.0,0,25,0
39.0,50.0,67.0,0,59,0
26.0,85.0,14.0,1,86,0
37.0,42.0,67.0,0,77,0
37.0,41.0,64.0,0,57,0
25.0,64.0,14.0,0,49,1
28.0,67.0,67.0,0,66,0
35.0,89.0,13.0,0,25,0
27.0,48.0,24.0,0,26,0
27.0,47.0,42.0,0,40,0
24.0,67.0,23.0,0,24,0
20.0,47.0,32.0,0,25,1
35.0,49.0,63.0,0,58,0
28.0,51.0,28.0,0,44,1
31.0,81.0,38.0,0,38,0
39.0,43.0,30.0,0,37,0
36.0,77.0,32.0,0,41,0
37.0,52.0,52.0,0,63,0
21.0,53.0,65.0,0,55,0
40.0,56.0,32.0,0,36,0
29.0,84.0,26.0,0,47,1
32.0,54.0,36.0,0,34,0
23.0,75.0,15.0,0,47,1
32.0,86.0,57.0,0,65,0
27.0,53.0,48.0,0,77,0
20.0,50.0,19.0,0,44,1
34.0,81.0,60.0,0,61,0
33.0,83.0,30.0,1,81,1
32.0,61.0,25.0,0,51,1
32.0,60.0,67.0,0,70,0
37.0,46.0,53.0,0,75,0
32.0,79.0,68.0,1,96,0
29.0,74.0,55.0,0,75,0
40.0,40.0,25.0,0,24,0
29.0,89.0,42.0,1,85,0
32.0,48.0,66.0,0,66,0
32.0,62.0,34.0,0,54,0
26.45,77.27,10.81,0,20,0
24.0,56.0,67.0,0,59,0
26.0,78.0,28.0,1,85,0
33.0,89.0,57.0,0,55,0
29.0,63.0,70.0,0,52,0
39.0,62.0,43.0,0,27,0
23.0,46.0,32.0,0,21,0
26.0,73.0,53.0,0,70,0
36.0,66.0,11.0,0,32,1
20.44,44.0,25.69,0,23,0
20.0,49.0,25.0,0,49,1
32.0,57.0,26.0,0,28,0
34.0,87.0,45.0,0,70,0
36.0,87.0,20.0,0,32,0
35.0,49.0,28.0,0,43,1
34.0,69.0,60.0,0,76,0
35.0,92.0,44.0,0,41,0
27.7,46.26,39.61,0,25,0
35.0,69.0,48.0,0,64,0
27.0,83.0,61.0,1,71,0
27.0,52.0,46.0,0,51,0
30.0,89.0,34.0,1,94,0
29.0,83.0,55.0,1,70,0
22.0,76.0,25.0,0,36,1
33.0,65.0,40.0,0,27,0
34.0,51.0,45.0,0,79,0
29.0,71.0,19.0,0,30,0
27.0,80.0,57.0,0,71,0
31.0,60.0,51.0,0,78,0
33.0,73.0,57.0,0,60,0
35.0,83.0,53.0,1,80,0
33.0,75.0,14.0,0,42,1
26.0,63.0,57.0,0,69,0
24.0,42.0,46.0,0,54,0
26.0,90.0,67.0,1,91,0
31.0,51.0,66.0,0,60,0
27.0,95.0,46.0,1,76,0
32.0,82.0,27.0,0,52,1
29.0,70.0,63.0,0,75,0
36.0,79.0,42.0,0,28,0
22.0,86.0,47.0,1,86,0
22.0,61.0,62.0,0,51,0
38.0,75.0,60.0,0,58,0
37.0,55.0,26.0,0,26,0
30.0,47.0,64.0,0,55,0
32.0,85.0,14.0,0,45,1
32.0,82.0,10.0,0,34,0
24.93,66.03,19.66,0,39,1
26.0,49.0,33.0,0,20,0
32.0,90.0,62.0,0,68,0
25.0,59.0,32.0,0,49,0
39.0,43.0,65.0,0,79,0
20.0,92.0,48.0,1,84,0
33.0,51.0,60.0,0,72,0
35.0,66.0,33.0,0,22,0
37.0,53.0,47.0,0,57,0
24.0,78.0,27.0,1,95,0
39.0,92.0,35.0,0,28,0
21.0,54.0,57.0,0,74,0
30.0,74.0,17.0,0,33,1
26.0,57.0,24.0,0,51,1
29.0,60.0,55.0,0,56,0
36.0,94.0,49.0,0,70,0
32.0,78.0,37.0,0,29,0
24.0,88.0,58.0,1,98,0
27.0,44.0,51.0,0,77,0
30.0,45.0,65.0,0,74,0
29.0,86.0,48.0,1,92,0
29.0,86.0,32.0,1,90,0
34.0,87.0,48.0,0,66,0
33.0,55.0,23.0,0,28,0
25.0,48.0,29.0,0,47,1
38.0,74.0,38.0,0,41,0
32.0,53.0,69.0,0,57,0
22.0,53.0,31.0,0,38,0
30.0,66.0,39.0,0,38,0
37.0,68.0,57.0,0,58,0
39.0,67.0,34.0,0,30,0
29.0,41.0,39.0,0,28,0
21.0,92.0,24.0,1,95,0
24.0,64.0,25.0,0,44,1
26.29,78.26,18.52,0,26,0
26.0,68.0,68.0,0,64,0
37.0,53.0,63.0,0,59,0
34.0,87.0,32.0,0,36,1
27.0,73.0,41.0,0,34,0
24.0,50.0,24.0,0,27,0
28.0,76.0,29.0,0,45,1
30.83,51.63,32.56,0,29,0
21.0,73.0,63.0,0,73,0
31.0,91.0,31.0,0,49,0
35.0,50.0,60.0,0,64,0
27.0,88.0,34.0,1,87,0
39.0,91.0,53.0,0,62,0
30.0,78.0,37.0,0,24,0
37.0,42.0,48.0,0,79,0
28.0,40.0,38.0,0,44,0
30.0,49.0,49.0,0,55,0
27.0,52.0,54.0,0,66,0
26.0,46.0,51.0,0,71,0
25.0,42.0,46.0,0,61,0
35.0,65.0,22.0,0,43,1
20.19,47.31,35.65,0,44,0
27.0,60.0,65.0,0,55,0
32.0,74.0,10.0,0,44,1
28.0,60.0,21.0,0,48,1
36.0,60.0,70.0,0,58,0
26.0,68.0,57.0,0,78,0
28.0,94.0,18.0,1,81,0
25.0,64.0,23.0,0,30,0
35.0,83.0,56.0,0,72,0
27.0,84.0,13.0,1,75,0
28.0,47.0,12.0,0,35,1
32.0,53.0,33.0,0,49,0
31.0,66.0,62.0,0,79,0
32.0,79.0,53.0,1,93,0
28.0,75.0,46.0,0,70,0
21.0,48.0,56.0,0,51,0
25.0,66.0,65.0,0,74,0
24.0,82.0,45.0,1,96,0
26.0,44.0,10.0,0,32,1
20.0,51.0,43.0,0,26,0
32.39,41.84,28.7,0,44,1
25.0,42.0,25.0,0,49,1
25.0,44.0,56.0,0,71,0
22.0,44.0,18.0,0,48,1
20.0,73.0,26.0,0,45,1
29.0,78.0,37.0,0,36,0
29.0,57.0,28.0,0,26,0
24.0,87.0,66.0,1,90,0
26.0,54.0,16.0,0,48,1
38.0,93.0,18.0,0,44,1
39.0,52.0,37.0,0,35,0
21.0,64.0,70.0,0,71,0
28.0,73.0,48.0,0,58,0
36.0,94.0,55.0,0,78,0
21.0,53.0,57.0,0,72,0
37.0,48.0,42.0,0,48,0
29.0,86.0,62.0,1,91,0
32.0,83.0,20.0,1,89,0
28.0,75.0,35.0,0,50,0
29.0,52.0,43.0,0,29,0
39.0,60.0,62.0,0,71,0
29.0,83.0,23.0,1,83,0
36.0,78.0,18.0,0,22,0
30.0,70.0,15.0,0,30,0
37.0,86.0,66.0,0,72,0
35.0,42.0,48.0,0,78,0
36.0,44.0,40.0,0,24,0
25.0,48.0,21.0,0,34,1
40.0,65.0,49.0,0,65,0
32.0,73.0,60.0,0,75,0
37.0,69.0,31.0,0,41,0
39.0,64.0,24.0,0,47,1
30.0,52.0,70.0,0,58,0
31.0,95.0,37.0,0,34,0
28.0,75.0,46.0,0,70,0
33.0,48.0,54.0,0,72,0
36.0,58.0,36.0,0,25,0
38.0,41.0,19.0,0,36,1
31.0,84.0,39.0,1,84,0
20.0,85.0,26.0,1,82,0
23.0,70.0,34.0,0,28,0
31.0,93.0,48.0,0,76,0
26.0,65.0,16.0,0,26,0
34.0,75.0,54.0,0,73,0
22.0,55.0,32.0,0,44,0
24.0,68.0,28.0,0,41,1
21.0,47.0,22.0,0,42,1
21.0,63.0,26.0,0,35,1
36.0,63.0,49.0,0,72,0
28.0,61.0,21.0,0,36,1
21.0,64.0,61.0,0,61,0
35.0,64.0,40.0,0,46,0
37.0,93.0,23.0,0,27,0
22.0,94.0,28.0,1,94,0
35.0,40.0,26.0,0,49,1
27.0,86.0,42.0,1,81,0
20.0,72.0,48.0,0,67,0
33.0,83.0,25.0,0,20,0
31.0,76.0,15.0,0,38,1
40.0,93.0,68.0,0,56,0
37.0,72.0,17.0,0,38,1
37.0,44.0,56.0,0,66,0
32.0,55.0,33.0,0,32,0
34.0,66.0,20.0,0,44,1
38.0,48.0,41.0,0,25,0
34.0,56.0,36.0,0,37,0
29.0,61.0,28.0,0,49,1
29.0,65.0,17.0,0,41,1
38.0,49.0,48.0,0,61,0
31.0,78.0,11.0,0,32,1
27.41,86.49,40.94,1,93,0
37.0,88.0,60.0,0,58,0
21.0,95.0,46.0,1,91,0
39.0,52.0,50.0,0,52,0
25.0,57.0,60.0,0,54,0
28.0,54.0,53.0,0,52,0
34.0,75.0,48.0,0,79,0
33.0,62.0,39.0,0,32,0
36.0,81.0,21.0,0,21,0
38.0,78.0,47.0,1,76,0
23.0,78.0,63.0,0,76,0
27.0,87.0,12.0,1,76,0
38.0,52.0,10.0,0,39,1
38.0,50.0,26.0,0,21,0
35.0,77.0,68.0,0,55,0
36.0,58.0,63.0,0,65,0
28.0,68.0,25.0,0,41,1
38.0,67.0,26.0,0,29,0
37.0,41.0,39.0,0,21,0
38.0,90.0,58.0,0,55,0
22.0,48.0,44.0,0,30,0
39.0,89.0,40.0,0,42,0
26.0,61.0,66.0,0,67,0
28.0,86.0,27.0,1,95,0
29.38,66.02,28.81,0,37,1
29.0,77.0,41.0,0,50,0
33.95,55.64,20.68,0,29,0
36.0,56.0,23.0,0,43,1
38.0,84.0,55.0,0,51,0
34.0,84.0,61.0,0,77,0
21.0,51.0,49.0,0,58,0
30.0,60.0,60.0,0,71,0
38.0,71.0,59.0,0,58,0
33.0,41.0,69.0,0,71,0
29.0,76.0,35.0,0,36,0
29.0,67.0,66.0,0,68,0
25.0,71.0,64.0,0,53,0
24.0,52.0,56.0,0,63,0
28.27,56.26,39.35,0,25,0
33.0,81.0,54.0,0,60,0
23.0,89.0,46.0,1,85,0
22.0,69.0,66.0,0,71,0
22.0,40.0,44.0,0,24,0
37.0,48.0,42.0,0,51,0
25.0,74.0,24.0,0,48,1
34.0,42.0,11.0,0,23,0
32.0,44.0,13.0,0,47,1
21.0,93.0,63.0,1,72,0
30.0,74.0,22.0,0,44,1
32.0,52.0,16.0,0,46,1
33.0,70.0,41.0,0,51,0
34.0,45.0,68.0,0,75,0
31.0,62.0,15.0,0,21,0
26.0,85.0,22.0,1,84,0
38.0,87.0,41.0,0,34,0
27.0,73.0,68.0,0,67,0
24.0,59.0,57.0,0,77,0
22.0,58.0,54.0,0,61,0
34.0,85.0,48.0,0,74,0
39.0,68.0,60.0,0,53,0
30.0,44.0,39.0,0,27,0
22.0,49.0,57.0,0,71,0
33.0,47.0,53.0,0,72,0
35.0,52.0,12.0,0,35,1
36.0,89.0,54.0,0,50,0
39.0,86.0,68.0,0,56,0
23.0,75.0,37.0,0,44,0
30.0,65.0,31.0,0,34,0
20.0,52.0,46.0,0,69,0
27.0,80.0,57.0,1,88,0
27.0,73.0,66.0,0,64,0
39.0,54.0,46.0,0,69,0
20.0,88.0,34.0,1,84,0
35.0,44.0,14.0,0,45,1
26.0,56.0,43.0,0,48,0
27.0,47.0,36.0,0,49,0
27.0,49.0,55.0,0,54,0
29.0,46.0,55.0,0,72,0
29.0,81.0,12.0,0,48,1
28.0,60.0,40.0,0,25,0
23.0,89.0,12.0,1,75,0
27.0,51.0,50.0,0,55,0
25.0,66.0,65.0,0,61,0
33.0,57.0,52.0,0,65,0
36.0,55.0,32.0,0,22,0
28.0,72.0,23.0,0,48,1
28.0,66.0,37.0,0,45,0
36.0,65.0,42.0,0,24,0
28.0,71.0,29.0,0,44,1
38.0,44.0,39.0,0,41,0
30.0,90.0,55.0,1,96,0
38.0,88.0,55.0,0,68,0
26.0,58.0,32.0,0,30,0
27.0,65.0,45.0,0,65,0
21.0,43.0,19.0,0,43,1
27.0,83.0,28.0,0,27,1
20.0,91.0,30.0,1,81,1
35.0,47.0,10.0,0,24,0
26.0,69.0,22.0,0,46,1
34.0,44.0,35.0,0,39,0
26.43,62.29,13.62,0,35,1
33.0,60.0,24.0,0,22,0
32.0,88.0,32.0,0,28,0
38.0,55.0,63.0,0,74,0
20.0,92.0,26.0,1,83,0
23.0,79.0,12.0,0,48,1
26.0,83.0,56.0,1,79,0
33.0,44.0,59.0,0,60,0
39.0,57.0,27.0,0,21,0
32.0,81.0,58.0,0,64,0
33.0,75.0,45.0,0,69,0
22.0,65.0,17.0,0,49,1
32.0,75.0,31.0,0,37,0
32.0,58.0,37.0,0,47,0
21.0,58.0,33.0,0,23,0
24.43,76.37,27.56,0,21,0
39.0,88.0,58.0,0,59,0
32.0,94.0,26.0,0,28,0
39.0,68.0,25.0,0,31,0
38.0,63.0,35.0,0,47,0
21.0,45.0,17.0,0,48,1
23.0,81.0,44.0,0,54,0
39.0,64.0,13.0,0,29,0
32.0,86.0,32.0,0,37,0
24.0,50.0,24.0,0,48,1
25.0,89.0,31.0,1,83,0
26.0,87.0,12.0,1,98,0
30.0,61.0,24.0,0,29,0
32.0,67.0,42.0,0,49,0
39.0,65.0,34.0,0,45,0
26.0,79.0,42.0,1,92,0
31.0,84.0,12.0,1,76,0
25.0,83.0,53.0,0,57,0
30.0,48.0,32.0,0,21,0
26.0,65.0,49.0,0,63,0
23.86,70.35,11.74,0,33,1
23.0,41.0,23.0,0,32,0
27.0,89.0,32.0,1,92,1
37.0,70.0,53.0,0,65,0
24.0,57.0,64.0,0,79,0
21.0,40.0,49.0,0,77,0
20.0,87.0,48.0,1,72,0
29.0,56.0,21.0,0,25,0
39.0,51.0,47.0,0,50,0
39.0,64.0,50.0,0,79,0
33.0,95.0,18.0,0,42,1
33.0,75.0,42.0,0,42,0
29.0,67.0,69.0,0,65,0
26.0,40.0,34.0,0,30,0
29.09,81.18,25.98,1,95,0
25.0,72.0,51.0,0,78,0
26.0,49.0,16.0,0,45,1
39.0,51.0,16.0,0,48,1
33.0,62.0,41.0,0,36,0
36.0,75.0,32.0,0,29,0
30.0,58.0,44.0,0,26,0
22.0,80.0,49.0,1,72,0
24.0,94.0,28.0,1,95,0
25.0,79.0,41.0,0,39,0
31.0,42.0,54.0,0,67,0
39.0,63.0,45.0,0,51,0
32.0,56.0,49.0,0,62,0
25.0,56.0,60.0,0,67,0
27.0,48.0,50.0,0,51,0
30.0,47.0,51.0,0,61,0
34.0,48.0,32.0,0,38,0
23.72,66.19,32.05,0,29,0
38.0,68.0,24.0,0,22,0
30.0,57.0,36.0,0,37,0
26.0,64.0,30.0,0,34,1
32.0,51.0,39.0,0,45,0
27.0,41.0,15.0,0,50,1
39.0,45.0,47.0,0,75,0
32.0,42.0,11.0,0,35,1
32.0,68.0,28.0,0,34,1
33.0,42.0,48.0,0,56,0
36.0,72.0,19.0,0,38,1
28.0,83.0,32.0,1,77,0
32.0,94.0,31.0,0,41,0
39.0,51.0,44.0,0,36,0
23.0,75.0,54.0,0,51,0
29.0,56.0,24.0,0,37,1
40.0,68.0,48.0,0,77,0
39.0,93.0,23.0,0,24,0
22.0,92.0,12.0,1,92,0
28.0,54.0,37.0,0,43,0
31.0,60.0,45.0,0,57,0
29.0,40.0,41.0,0,49,0
26.0,91.0,13.0,1,96,0
25.0,56.0,26.0,0,33,0
33.0,53.0,25.0,0,26,0
28.0,86.0,25.0,1,98,0
26.0,84.0,62.0,1,79,0
35.0,59.0,36.0,0,25,0
21.0,46.0,45.0,0,67,0
36.0,60.0,53.0,0,77,0
27.0,41.0,50.0,0,78,0
30.0,76.0,21.0,0,22,0
32.0,66.0,61.0,0,72,0
39.0,82.0,26.0,0,49,1
27.0,88.0,16.0,1,70,0
20.0,68.0,38.0,0,38,0
21.0,56.0,41.0,0,30,0
24.0,68.0,42.0,0,39,0
40.0,92.0,11.0,0,43,1
23.0,41.0,49.0,0,67,0
35.0,43.0,15.0,0,45,1
35.0,75.0,47.0,0,57,0
20.0,60.0,35.0,0,24,0
23.0,84.0,32.0,1,84,0
31.0,63.0,50.0,0,50,0
21.0,71.0,58.0,0,65,0
36.0,68.0,17.0,0,24,0
23.0,44.0,22.0,0,48,1
35.0,48.0,17.0,0,36,1
27.0,75.0,43.0,0,48,0
21.0,75.0,36.0,0,38,0
26.0,68.0,41.0,0,40,0
32.0,55.0,48.0,0,65,0
28.0,89.0,36.0,1,76,0
20.0,76.0,56.0,0,52,0
29.0,47.0,70.0,0,55,0
39.0,42.0,37.0,0,22,0
31.0,78.0,56.0,0,71,0
37.0,55.0,32.0,0,30,0
29.0,68.0,34.0,0,40,0
38.0,60.0,69.0,0,68,0
24.0,40.0,39.0,0,22,0
39.0,67.0,10.0,0,36,1
35.0,82.0,46.0,0,55,0
23.0,57.0,56.0,0,58,0
30.0,59.0,33.0,0,34,0
25.0,53.0,17.0,0,46,1
28.0,49.0,70.0,0,63,0
35.0,67.0,31.0,0,37,1
25.0,45.0,54.0,0,60,0
27.0,92.0,65.0,1,86,0
29.0,83.0,66.0,1,75,0
20.0,92.0,61.0,1,82,0
23.0,64.0,24.0,0,23,0
29.0,89.0,48.0,1,81,0
27.0,42.0,11.0,0,44,1
23.9,74.1,25.82,0,23,0
39.0,44.0,46.0,0,55,0
25.0,48.0,29.0,0,20,1
27.0,68.0,49.0,0,75,0
34.0,57.0,68.0,0,50,0
26.0,59.0,43.0,0,22,0
40.0,85.0,59.0,0,64,0
25.0,85.0,59.0,1,81,0
23.0,90.0,53.0,1,89,0
33.0,45.0,34.0,0,42,0
20.0,89.0,57.0,1,78,0
31.0,83.0,58.0,0,75,0
30.0,60.0,39.0,0,40,0
21.0,61.0,26.0,0,33,0
21.0,78.0,29.0,0,40,0
25.0,67.0,17.0,0,27,0
37.0,63.0,68.0,0,60,0
33.0,69.0,39.0,0,37,0
28.0,95.0,32.0,1,77,1
23.0,75.0,57.0,0,73,0
26.0,62.0,67.0,0,79,0
24.0,43.0,45.0,0,76,0
28.0,40.0,14.0,0,39,1
32.0,73.0,13.0,0,47,1
22.0,93.0,64.0,1,88,0
25.0,53.0,37.0,0,45,0
34.0,80.0,58.0,0,63,0
22.0,55.0,70.0,0,58,0
34.0,71.0,19.0,0,46,1
22.0,64.0,43.0,0,31,0
39.0,86.0,23.0,0,53,1
26.0,40.0,69.0,0,75,0
21.0,74.0,47.0,0,52,0
21.0,46.0,56.0,0,67,0
37.0,68.0,10.0,0,27,0
32.0,62.0,14.0,0,49,1
38.0,75.0,62.0,0,71,0
27.0,60.0,30.0,0,41,0
34.0,52.0,32.0,0,36,1
40.0,65.0,60.0,0,76,0
39.0,48.0,41.0,0,23,0
36.0,40.0,62.0,0,69,0
38.0,50.0,65.0,0,61,0
25.0,69.0,50.0,0,79,0
32.0,52.0,11.0,0,24,0
21.0,72.0,64.0,0,70,0
25.0,53.0,13.0,0,41,1
35.0,85.0,25.0,0,43,1
20.0,69.0,26.0,0,51,1
31.0,71.0,20.0,0,41,1
36.0,78.0,18.0,1,87,0
26.0,45.0,17.0,0,46,1
26.0,65.0,58.0,0,79,0
36.0,55.0,69.0,0,68,0
31.31,71.34,11.54,0,20,0
28.0,89.0,34.0,1,77,0
23.0,79.0,60.0,0,76,0
32.0,53.0,65.0,0,50,0
21.0,85.0,54.0,1,78,0
24.0,46.0,55.0,0,52,0
25.0,71.0,57.0,0,60,0
24.0,76.0,51.0,0,77,0
34.0,78.0,39.0,1,93,0
36.0,71.0,62.0,0,65,0
22.0,58.0,29.0,0,54,0
30.0,75.0,28.0,0,25,0
32.0,57.0,32.0,0,49,0
25.0,87.0,36.0,1,89,0
29.0,52.0,58.0,0,58,0
29.0,55.0,13.0,0,41,1
23.24,52.21,24.99,0,47,1
33.0,53.0,46.0,0,67,0
20.0,53.0,17.0,0,21,0
33.0,76.0,43.0,0,30,0
24.0,64.0,57.0,0,50,0
20.0,93.0,46.0,1,83,0
40.0,74.0,14.0,0,46,1
33.0,57.0,11.0,0,41,1
27.0,75.0,57.0,0,79,0
25.0,58.0,46.0,0,75,0
27.0,63.0,24.0,0,50,1
27.0,46.0,45.0,0,67,0
33.0,47.0,17.0,0,45,1
28.0,66.0,43.0,0,23,0
24.0,81.0,26.0,0,47,1
29.0,49.0,41.0,0,53,0
30.15,82.81,37.68,0,34,0
39.0,60.0,70.0,0,70,0
28.0,54.0,11.0,0,30,0
32.35,81.52,25.72,0,49,1
38.0,64.0,66.0,0,61,0
21.0,85.0,38.0,1,76,0
28.0,93.0,60.0,1,98,0
24.0,62.0,24.0,0,37,1
34.0,90.0,45.0,0,51,0
39.0,53.0,69.0,0,75,0
38.0,66.0,17.0,0,42,1
28.0,78.0,40.0,1,98,0
36.0,74.0,60.0,0,60,0
24.0,89.0,51.0,1,92,0
39.0,47.0,67.0,0,63,0
31.16,44.9,40.61,0,42,0
27.0,60.0,31.0,0,37,0
40.0,83.0,41.0,0,51,0
39.0,89.0,12.0,0,30,0
27.0,76.0,60.0,0,59,0
28.0,52.0,15.0,0,25,0
32.0,58.0,32.0,0,53,0
36.0,74.0,28.0,0,39,1
38.0,45.0,64.0,0,50,0
24.0,72.0,67.0,0,53,0
26.54,78.35,11.59,0,41,1
29.0,55.0,16.0,0,36,1
40.0,85.0,12.0,0,37,1
35.0,58.0,15.0,0,39,1
29.0,51.0,49.0,0,68,0
23.0,61.0,61.0,0,69,0
32.0,64.0,11.0,0,21,0
22.0,90.0,35.0,1,78,0
36.0,90.0,14.0,0,49,1
37.0,51.0,22.0,0,21,0
20.0,44.0,18.0,0,38,1
36.0,87.0,17.0,0,20,0
27.0,87.0,22.0,1,98,0
24.0,62.0,48.0,0,62,0
21.0,68.0,24.0,0,31,0
22.0,66.0,34.0,0,37,0
35.0,57.0,53.0,0,76,0
30.0,56.0,47.0,0,73,0
22.44,72.23,14.58,0,42,1
22.0,43.0,53.0,0,54,0
40.0,91.0,23.0,0,48,1
25.0,80.0,48.0,1,82,0
38.0,60.0,33.0,0,37,0
32.0,45.0,33.0,0,20,0
34.0,51.0,42.0,0,33,0
34.0,57.0,37.0,0,49,0
39.0,45.0,70.0,0,60,0
30.0,86.0,53.0,1,72,0
28.0,54.0,12.0,0,48,1
22.0,66.0,63.0,0,66,0
25.0,88.0,51.0,1,97,0
37.0,79.0,31.0,0,26,1
33.0,60.0,57.0,0,69,0
30.0,76.0,11.0,0,32,0
26.0,58.0,34.0,0,40,0
31.0,74.0,15.0,0,27,0
36.0,54.0,59.0,0,78,0
29.0,83.0,23.0,1,97,0
21.0,81.0,10.0,0,31,0
21.0,91.0,14.0,1,93,0
36.0,65.0,17.0,0,31,0
38.0,61.0,37.0,0,28,0
38.0,57.0,54.0,0,63,0
29.0,47.0,33.0,0,35,0
36.0,46.0,55.0,0,75,0
34.0,71.0,17.0,0,20,0
31.0,66.0,63.0,0,70,0
39.0,88.0,58.0,0,59,0
22.0,85.0,51.0,1,96,0
29.0,86.0,51.0,1,98,0
25.0,56.0,60.0,0,67,0
29.0,49.0,41.0,0,46,0
26.0,48.0,33.0,0,20,0
23.0,79.0,10.0,1,92,0
23.0,61.0,59.0,0,55,0
33.0,80.0,10.0,0,43,1
34.0,94.0,28.0,0,32,1
22.0,84.0,63.0,1,96,0
23.0,64.0,19.0,0,54,1
32.34,65.76,35.93,0,24,0
37.0,67.0,60.0,0,73,0
23.0,79.0,10.0,0,46,1
37.0,54.0,27.0,0,43,1
26.0,94.0,56.0,1,91,0
32.0,93.0,14.0,0,51,1
25.0,54.0,43.0,0,48,0
39.0,78.0,33.0,1,97,0
24.0,47.0,34.0,0,46,0
24.0,91.0,43.0,1,75,0
29.0,48.0,31.0,0,34,0
37.0,81.0,39.0,0,38,0
31.0,48.0,50.0,0,67,0
36.0,52.0,39.0,0,44,0
33.0,77.0,46.0,0,79,0
36.0,71.0,16.0,0,49,1
38.0,86.0,61.0,0,63,0
40.0,54.0,41.0,0,45,0
36.0,62.0,62.0,0,73,0
38.0,82.0,67.0,0,79,0
39.0,49.0,22.0,0,48,1
22.0,55.0,50.0,0,53,0
21.0,81.0,69.0,1,76,0
37.0,73.0,48.0,0,58,0
35.0,89.0,47.0,0,76,0
30.0,84.0,61.0,1,74,0
23.0,65.0,14.0,0,35,0
22.0,82.0,12.0,1,88,0
35.0,93.0,55.0,0,71,0
37.0,53.0,67.0,0,65,0
24.0,67.0,29.0,0,48,1
29.0,50.0,50.0,0,58,0
20.0,86.0,25.0,1,97,0
33.0,47.0,60.0,0,63,0
37.0,77.0,32.0,0,45,1
31.0,72.0,29.0,0,49,1
36.0,55.0,47.0,0,57,0
21.0,69.0,27.0,0,38,1
32.0,51.0,28.0,0,28,1
29.0,73.0,45.0,0,74,0
21.0,91.0,14.0,1,80,0
21.0,60.0,65.0,0,72,0
38.0,58.0,66.0,0,65,0
25.0,45.0,53.0,0,74,0
25.0,67.0,37.0,0,31,0
35.0,94.0,35.0,0,40,0
21.0,87.0,70.0,1,91,0
21.0,54.0,31.0,0,47,0
26.0,59.0,27.0,0,37,1
22.0,46.0,52.0,0,67,0
33.0,41.0,48.0,0,66,0
34.0,65.0,68.0,0,73,0
33.0,40.0,26.0,0,44,1
38.0,83.0,53.0,0,56,0
24.0,68.0,69.0,0,61,0
28.0,93.0,31.0,1,85,0
33.0,63.0,11.0,0,45,1
34.0,75.0,18.0,0,26,0
37.0,55.0,64.0,0,68,0
33.0,49.0,11.0,0,33,1
26.0,91.0,38.0,1,89,0
20.0,55.0,32.0,0,35,1
39.0,93.0,20.0,0,25,0
31.0,79.0,15.0,0,31,1
20.0,49.0,43.0,0,31,0
34.0,69.0,46.0,0,78,0
34.0,41.0,33.0,0,33,0
21.0,94.0,65.0,1,99,0
37.0,87.0,14.0,0,45,1
24.15,57.93,16.23,0,46,1
38.0,52.0,51.0,0,70,0
28.0,66.0,10.0,0,36,1
21.0,89.0,25.0,1,94,0
32.0,80.0,38.0,0,34,0
27.0,95.0,13.0,1,99,0
26.0,52.0,40.0,0,26,0
20.0,88.0,38.0,1,85,0
38.0,69.0,20.0,0,47,1
35.0,63.0,70.0,0,71,0
20.0,56.0,21.0,0,23,0
36.0,66.0,48.0,0,57,0
34.0,88.0,10.0,0,41,1
26.0,80.0,22.0,1,87,0
28.0,67.0,15.0,0,48,1
22.0,57.0,23.0,0,39,1
27.0,77.0,47.0,0,70,0
32.0,55.0,33.0,0,32,0
25.0,55.0,61.0,0,64,0
22.0,44.0,43.0,0,33,0
26.0,48.0,52.0,0,52,0
25.0,56.0,60.0,0,68,0
22.0,80.0,33.0,0,33,0
31.0,81.0,22.0,0,31,1
39.0,82.0,46.0,0,73,0
33.0,57.0,37.0,0,43,0
22.0,56.0,59.0,0,75,0
35.0,70.0,35.0,0,54,0
32.0,62.0,68.0,0,65,0
39.0,60.0,27.0,0,44,1
33.0,48.0,39.0,0,40,0
26.0,67.0,15.0,0,35,0
39.0,58.0,54.0,0,61,0
28.0,78.0,31.0,0,36,0
29.0,61.0,28.0,0,20,1
39.0,78.0,34.0,1,82,0
30.0,92.0,34.0,1,94,0
30.0,41.0,53.0,0,61,0
22.0,43.0,67.0,0,74,0
34.0,44.0,35.0,0,39,0
30.0,41.0,69.0,0,72,0
37.0,42.0,52.0,0,74,0
30.0,48.0,23.0,0,28,0
31.0,94.0,38.0,0,52,0
28.0,65.0,44.0,0,46,0
32.0,85.0,44.0,0,48,0
28.0,75.0,28.0,0,20,0
35.0,70.0,23.0,0,47,1
21.0,95.0,20.0,1,77,0
30.0,95.0,68.0,1,91,0
27.0,70.0,20.0,0,32,1
34.0,75.0,64.0,0,61,0
34.52,67.61,23.56,0,32,1
29.0,87.0,64.0,1,80,0
25.21,82.63,30.4,1,80,0
22.0,79.0,63.0,0,51,0
22.0,86.0,35.0,1,95,0
32.0,74.0,57.0,0,55,0
30.0,73.0,34.0,0,35,0
36.0,76.0,15.0,0,38,1
31.0,57.0,65.0,0,63,0
26.0,72.0,53.0,0,78,0
27.0,85.0,14.0,1,98,0
36.0,94.0,59.0,0,73,0
23.0,76.0,37.0,0,47,0
23.69,78.1,19.19,0,36,1
37.0,70.0,61.0,0,59,0
28.0,88.0,42.0,1,93,0
28.0,52.0,11.0,0,26,0
23.0,65.0,17.0,0,47,1
30.0,93.0,49.0,1,75,0
21.0,71.0,17.0,0,41,1
25.0,67.0,30.0,0,41,0
35.0,94.0,28.0,0,38,1
37.0,59.0,11.0,0,34,0
35.0,75.0,29.0,0,41,1
33.0,54.0,18.0,0,34,1
29.0,42.0,14.0,0,22,0
25.0,87.0,19.0,1,87,0
25.0,92.0,45.0,1,77,0
38.0,59.0,41.0,0,26,0
25.0,88.0,31.0,1,91,1
37.0,84.0,67.0,0,64,0
33.0,78.0,38.0,0,39,0
20.0,69.0,68.0,0,61,0
33.0,53.0,63.0,0,62,0
40.0,48.0,70.0,0,58,0
29.0,59.0,28.0,0,35,1
24.0,84.0,25.0,1,77,0
22.0,58.0,12.0,0,33,0
31.0,75.0,61.0,0,78,0
40.0,95.0,35.0,0,40,0
36.0,62.0,46.0,0,71,0
31.0,60.0,12.0,0,34,0
25.0,64.0,28.0,0,35,1
22.0,85.0,41.0,1,85,0
21.0,84.0,14.0,0,44,1
38.0,69.0,62.0,0,77,0
38.0,73.0,37.0,0,22,0
39.0,90.0,27.0,0,35,0
29.0,78.0,21.0,0,26,0
28.0,49.0,69.0,0,51,0
25.0,61.0,59.0,0,55,0
36.0,89.0,46.0,0,67,0
32.0,56.0,40.0,0,35,0
27.0,67.0,54.0,0,60,0
26.0,75.0,23.0,0,43,1
33.55,74.91,17.12,0,35,1
39.0,77.0,33.0,0,50,0
28.0,46.0,23.0,0,47,1
33.0,81.0,41.0,0,25,0
38.0,50.0,22.0,0,33,1
32.0,84.0,51.0,1,88,0
37.0,40.0,44.0,0,40,0
27.0,73.0,66.0,0,64,0
30.0,48.0,21.0,0,54,1
20.0,40.0,21.0,0,25,0
25.0,89.0,43.0,1,92,0
36.0,87.0,29.0,0,45,1
24.0,74.0,32.0,0,25,0
32.0,49.0,46.0,0,75,0
22.0,40.0,67.0,0,77,0
37.0,66.0,54.0,0,72,0
32.9,72.09,37.47,0,22,0
30.0,87.0,29.0,1,78,1
34.0,82.0,70.0,0,79,0
25.0,56.0,35.0,0,40,0
28.0,49.0,19.0,0,47,1
27.0,85.0,68.0,1,76,0
40.0,94.0,61.0,0,78,0
21.0,62.0,34.0,0,26,0
30.0,54.0,31.0,0,31,1
36.0,71.0,50.0,0,55,0
23.0,79.0,54.0,0,58,0
31.0,74.0,70.0,0,57,0
22.0,46.0,53.0,0,57,0
27.0,89.0,37.0,1,97,0
23.0,68.0,51.0,0,61,0
25.0,61.0,53.0,0,78,0
38.0,81.0,27.0,1,95,0
23.0,47.0,46.0,0,54,0
26.0,44.0,53.0,0,65,0
32.0,77.0,38.0,0,24,0
37.0,73.0,32.0,0,20,1
25.0,61.0,43.0,0,38,0
24.0,74.0,32.0,0,48,0
39.0,62.0,58.0,0,55,0
32.0,60.0,42.0,0,51,0
33.0,45.0,34.0,0,42,0
22.0,89.0,46.0,1,86,0
36.0,43.0,56.0,0,74,0
22.0,45.0,69.0,0,62,0
28.0,56.0,55.0,0,66,0
38.0,62.0,60.0,0,67,0
23.0,86.0,18.0,1,76,0
29.0,62.0,67.0,0,55,0
28.0,66.0,55.0,0,69,0
23.0,42.0,67.0,0,73,0
32.0,82.0,21.0,0,40,1
27.0,50.0,12.0,0,46,1
37.0,51.0,10.0,0,41,1
25.0,52.0,51.0,0,68,0
26.0,75.0,38.0,0,43,0
22.0,67.0,12.0,0,32,1
38.0,42.0,65.0,0,57,0
24.0,51.0,10.0,0,31,1
38.0,61.0,14.0,0,46,1
37.0,80.0,28.0,0,20,0
31.0,62.0,42.0,0,35,0
35.0,93.0,14.0,0,24,0
26.0,62.0,16.0,0,33,1
27.0,67.0,32.0,0,23,0
27.0,62.0,68.0,0,79,0
39.0,79.0,47.0,0,68,0
35.0,57.0,16.0,0,29,0
33.0,69.0,47.0,0,55,0
39.0,88.0,34.0,0,43,0
25.0,94.0,62.0,1,90,0
20.0,46.0,40.0,0,33,0
23.0,44.0,14.0,0,30,0
35.0,94.0,35.0,0,52,0
31.0,79.0,49.0,0,55,0
28.0,46.0,41.0,0,27,0
36.0,62.0,66.0,0,60,0
30.0,44.0,66.0,0,66,0
26.0,89.0,63.0,1,83,0
20.0,52.0,60.0,0,71,0
29.0,49.0,47.0,0,76,0
30.0,79.0,46.0,1,76,0
36.0,87.0,54.0,0,71,0
21.0,56.0,41.0,0,27,0
34.0,41.0,45.0,0,68,0
21.63,79.79,10.66,0,20,0
25.0,42.0,62.0,0,72,0
34.0,71.0,19.0,0,46,1
29.0,42.0,46.0,0,73,0
23.0,60.0,17.0,0,24,0
21.0,44.0,27.0,0,30,0
33.0,62.0,62.0,0,65,0
40.0,45.0,52.0,0,77,0
30.0,51.0,10.0,0,44,1
36.0,89.0,39.0,0,25,0
36.0,56.0,57.0,0,71,0
39.0,48.0,17.0,0,38,1
27.0,56.0,49.0,0,70,0
27.0,43.0,11.0,0,25,0
26.0,54.0,61.0,0,59,0
29.0,68.0,50.0,0,69,0
28.31,47.4,17.18,0,27,0
25.0,66.0,18.0,0,40,1
26.0,61.0,27.0,0,51,1
30.0,59.0,33.0,0,34,0
35.0,51.0,62.0,0,70,0
22.0,45.0,14.0,0,41,1
24.0,50.0,45.0,0,62,0
20.0,77.0,47.0,0,70,0
37.0,74.0,62.0,0,76,0
27.0,50.0,57.0,0,75,0
32.0,59.0,30.0,0,42,0
21.0,64.0,65.0,0,79,0
25.0,41.0,70.0,0,63,0
35.0,89.0,41.0,0,41,0
36.0,91.0,15.0,0,38,1
24.0,66.0,47.0,0,65,0
20.0,57.0,61.0,0,66,0
38.0,67.0,17.0,0,33,1
40.0,92.0,27.0,0,51,1
32.0,53.0,46.0,0,71,0
24.0,87.0,34.0,1,73,0
24.0,81.0,56.0,1,97,0
40.0,59.0,48.0,0,71,0
28.0,88.0,19.0,1,92,0
23.0,66.0,27.0,0,40,1
20.0,64.0,11.0,0,51,1
30.0,55.0,60.0,0,72,0
29.0,40.0,15.0,0,30,0
23.0,60.0,40.0,0,40,0
36.0,71.0,16.0,0,40,1
32.0,71.0,54.0,0,78,0
22.0,57.0,49.0,0,71,0
24.0,41.0,68.0,0,53,0
32.0,52.0,69.0,0,58,0
37.0,89.0,39.0,0,21,0
29.0,69.0,23.0,0,25,0
28.0,70.0,60.0,0,77,0
23.0,78.0,63.0,0,51,0
36.0,49.0,18.0,0,50,1
24.0,47.0,57.0,0,79,0
35.0,91.0,69.0,0,66,0
36.0,47.0,44.0,0,22,0
24.0,77.0,21.0,0,30,0
32.0,56.0,68.0,0,57,0
22.0,88.0,45.0,1,99,0
34.0,47.0,16.0,0,21,0
21.0,63.0,69.0,0,64,0
34.0,66.0,61.0,0,73,0
30.0,87.0,53.0,1,82,0
22.0,81.0,28.0,1,78,0
29.0,57.0,37.0,0,22,0
31.0,87.0,69.0,0,79,0
39.0,93.0,67.0,0,63,0
25.0,57.0,28.0,0,41,0
33.0,74.0,58.0,0,60,0
21.0,52.0,32.0,0,44,0
37.0,95.0,53.0,0,58,0
37.0,59.0,25.0,0,36,1
38.0,65.0,34.0,0,29,0
25.0,76.0,66.0,0,50,0
21.0,66.0,51.0,0,51,0
25.0,54.0,43.0,0,54,0
28.0,87.0,54.0,1,79,0
36.0,79.0,41.0,0,50,0
38.0,41.0,24.0,0,30,0
37.0,72.0,24.0,0,41,1
21.0,90.0,10.0,1,94,0
34.0,47.0,70.0,0,64,0
25.0,88.0,49.0,1,95,0
32.0,78.0,49.0,0,71,0
24.0,42.0,60.0,0,50,0
22.0,68.0,68.0,0,50,0
32.0,51.0,46.0,0,59,0
27.0,93.0,13.0,1,72,0
30.0,78.0,52.0,1,75,0
28.0,44.0,22.0,0,42,1
21.0,52.0,63.0,0,64,0
23.0,70.0,42.0,0,42,0
24.0,80.0,11.0,1,96,0
23.0,91.0,19.0,1,97,0
27.0,76.0,41.0,0,45,0
21.0,64.0,59.0,0,78,0
28.0,50.0,51.0,0,70,0
27.0,77.0,21.0,0,43,1
35.0,51.0,61.0,0,54,0
37.0,84.0,22.0,0,37,1
27.0,54.0,36.0,0,33,0
35.0,86.0,41.0,0,34,0
35.0,40.0,22.0,0,30,0
28.0,62.0,13.0,0,40,1
33.0,83.0,30.0,0,31,0
25.0,76.0,10.0,0,38,1
22.0,82.0,11.0,1,87,0
32.0,91.0,19.0,0,43,1
29.0,52.0,60.0,0,56,0
21.1,77.22,11.39,0,26,0
37.0,84.0,45.0,0,66,0
30.0,94.0,23.0,1,87,0
38.0,62.0,57.0,0,56,0
31.11,70.0,36.79,0,46,0
34.0,73.0,64.0,0,69,0
21.59,59.5,14.28,0,24,0
21.0,50.0,50.0,0,52,0
28.0,60.0,25.0,0,39,1
29.0,84.0,11.0,0,25,0
39.0,70.0,20.0,0,35,0
26.0,55.0,67.0,0,55,0
25.0,91.0,30.0,1,87,1
22.0,45.0,67.0,0,55,0
22.0,78.0,17.0,0,38,1
29.0,46.0,49.0,0,55,0
37.0,58.0,47.0,0,71,0
24.0,65.0,31.0,0,23,0
29.0,44.0,32.0,0,29,1
38.0,84.0,69.0,0,56,0
29.0,75.0,36.0,0,25,0
21.0,50.0,63.0,0,62,0
36.0,43.0,16.0,0,49,1
30.0,49.0,33.0,0,23,0
29.0,58.0,26.0,0,40,1
32.0,83.0,56.0,0,51,0
28.0,51.0,62.0,0,50,0
30.0,55.0,27.0,0,49,1
37.0,57.0,13.0,0,28,0
37.0,86.0,26.0,0,48,1
25.0,73.0,49.0,0,64,0
23.0,49.0,34.0,0,50,0
35.0,55.0,30.0,0,45,0
31.0,48.0,22.0,0,35,1
28.0,93.0,35.0,1,91,0
34.0,55.0,26.0,0,45,1
26.0,88.0,18.0,1,78,0
26.0,42.0,11.0,0,25,0
33.0,90.0,53.0,0,67,0
37.0,51.0,22.0,0,28,0
31.0,52.0,33.0,0,31,0
36.0,46.0,52.0,0,67,0
20.0,63.0,62.0,0,61,0
30.0,88.0,64.0,1,77,0
32.0,90.0,27.0,0,48,1
33.0,72.0,48.0,0,57,0
34.0,73.0,10.0,0,45,1
29.0,65.0,43.0,0,26,0
20.55,57.61,15.09,0,29,0
37.0,77.0,51.0,0,73,0
37.0,84.0,20.0,0,48,1
32.0,57.0,58.0,0,74,0
20.0,86.0,29.0,1,93,0
40.0,70.0,57.0,0,64,0
21.0,51.0,49.0,0,58,0
36.0,40.0,18.0,0,39,1
29.0,68.0,12.0,0,38,1
36.0,79.0,19.0,0,42,1
38.0,79.0,16.0,0,35,1
21.0,53.0,13.0,0,32,0
22.0,63.0,63.0,0,59,0
25.0,89.0,60.0,1,80,0
38.0,46.0,66.0,0,68,0
28.0,45.0,34.0,0,32,0
20.0,47.0,13.0,0,40,1
32.0,54.0,15.0,0,34,0
34.33,58.01,30.03,0,47,0
36.0,95.0,43.0,0,22,0
31.0,58.69,22.43,0,26,0
23.0,86.0,39.0,1,75,0
29.0,70.0,69.0,0,55,0
23.0,57.0,60.0,0,53,0
21.0,95.0,10.0,1,93,0
24.59,56.65,35.35,0,37,0
39.0,64.0,50.0,0,79,0
36.0,52.0,29.0,0,44,1
36.0,70.0,16.0,0,36,1
24.0,91.0,33.0,1,97,0
34.0,55.0,11.0,0,49,1
33.0,58.0,52.0,0,79,0
23.0,76.0,35.0,0,41,0
23.0,57.0,24.0,0,32,0
26.0,53.0,40.0,0,24,0
34.0,53.0,60.0,0,61,0
39.0,60.0,49.0,0,75,0
28.0,92.0,22.0,1,78,0
32.08,50.72,10.96,0,42,1
23.0,76.0,13.0,0,32,1
40.0,93.0,25.0,0,38,1
36.0,52.0,28.0,0,31,1
32.0,55.0,34.0,0,33,0
27.0,52.0,68.0,0,69,0
35.0,48.0,37.0,0,32,0
20.0,88.0,20.0,1,88,0
29.0,64.0,22.0,0,35,1
31.0,48.0,30.0,0,43,0
27.0,80.0,48.0,1,87,0
36.0,48.0,54.0,0,50,0
26.0,54.0,30.0,0,38,0
28.0,69.0,26.0,0,36,1
25.0,50.0,12.0,0,34,1
28.64,48.75,18.55,0,38,1
20.0,62.0,64.0,0,77,0
40.0,78.0,32.0,0,37,0
38.0,43.0,10.0,0,27,0
22.0,76.0,35.0,0,34,0
38.0,45.0,29.0,0,43,0
23.0,86.0,39.0,1,70,0
37.0,63.0,69.0,0,71,0
29.0,44.0,18.0,0,21,0
29.0,74.0,33.0,0,47,0
20.0,72.0,13.0,0,26,0
22.0,82.0,20.0,1,86,0
40.0,86.0,39.0,0,23,0
33.0,56.0,66.0,0,68,0
30.0,67.0,63.0,0,58,0
38.0,73.0,53.0,0,64,0
31.0,40.0,64.0,0,71,0
36.0,73.0,50.0,0,61,0
28.0,76.0,19.0,0,39,1
24.0,45.0,54.0,0,51,0
26.0,93.0,34.0,1,98,0
29.0,50.0,52.0,0,66,0
29.0,82.0,66.0,0,56,0
29.0,52.0,27.0,0,49,1
22.0,86.0,33.0,1,82,0
30.0,87.0,53.0,1,87,0
37.0,82.0,35.0,0,39,0
31.0,58.0,27.0,0,43,1
22.0,67.0,48.0,0,78,0
36.0,76.0,36.0,0,44,0
32.0,40.0,49.0,0,61,0
29.0,73.0,16.0,0,50,1
34.0,43.0,69.0,0,78,0
30.32,40.78,38.33,0,27,0
33.0,41.0,48.0,0,66,0
24.0,95.0,42.0,1,78,0
31.0,56.0,46.0,0,76,0
38.0,54.0,45.0,0,70,0
35.0,68.0,45.0,0,55,0
31.0,93.0,61.0,0,73,0
23.0,51.0,38.0,0,26,0
24.0,44.0,28.0,0,46,1
21.0,47.0,54.0,0,72,0
40.0,82.0,57.0,1,79,0
35.0,81.0,70.0,0,74,0
32.31,80.59,40.18,0,38,0
31.0,73.0,41.0,0,22,0
27.0,46.0,55.0,0,56,0
25.0,42.0,67.0,0,52,0
25.0,53.0,17.0,0,46,1
35.0,40.0,54.0,0,72,0
35.0,48.0,18.0,0,25,0
35.0,86.0,53.0,0,58,0
35.0,57.0,25.0,0,23,0
20.0,89.0,33.0,1,78,0
40.0,83.0,56.0,1,88,0
22.0,58.0,15.0,0,38,1
33.0,65.0,47.0,0,72,0
23.0,58.0,11.0,0,26,0
27.0,53.0,24.0,0,30,0
30.0,49.0,68.0,0,79,0
33.82,73.98,27.17,0,32,1
28.0,65.0,29.0,0,27,0
37.0,84.0,11.0,0,28,0
31.0,41.0,47.0,0,54,0
30.0,60.0,61.0,0,72,0
27.0,56.0,10.0,0,44,1
31.0,73.0,35.0,0,42,0
20.43,67.01,12.71,0,25,0
25.38,53.91,36.71,0,47,0
22.0,44.0,21.0,0,44,1
25.0,85.0,21.0,1,85,0
40.0,40.0,24.0,0,36,1
21.0,64.0,54.0,0,55,0
35.0,46.0,49.0,0,67,0
26.0,87.0,19.0,1,98,0
37.0,68.0,21.0,0,22,0
25.0,71.0,38.0,0,21,0
37.0,44.0,29.0,0,30,0
37.0,90.0,26.0,0,33,1
21.0,77.59,23.85,0,43,1
36.0,81.0,51.0,0,73,0
21.0,50.0,54.0,0,72,0
38.0,83.0,13.0,0,35,1
35.0,86.0,17.0,0,45,1
32.0,52.0,69.0,0,58,0
20.0,58.0,63.0,0,78,0
24.57,69.01,18.35,0,39,1
34.0,66.0,14.0,0,50,1
25.0,42.0,67.0,0,74,0
23.0,88.0,43.0,1,90,0
23.0,86.0,55.0,1,89,0
25.0,85.0,34.0,1,85,0
23.0,80.0,46.0,1,82,0
21.0,45.0,37.0,0,22,0
30.0,57.0,49.0,0,64,0
24.0,56.0,39.0,0,28,0
31.0,41.0,33.0,0,21,0
23.0,81.0,54.0,1,83,0
40.0,54.0,58.0,0,78,0
25.56,54.41,29.21,0,27,0
23.0,72.0,11.0,0,32,0
35.0,74.0,39.0,0,29,0
32.0,80.0,63.0,0,59,0
23.0,61.0,22.0,0,26,0
37.0,44.0,15.0,0,49,1
33.0,68.0,33.0,0,34,0
35.0,87.0,55.0,0,55,0
23.0,56.0,13.0,0,45,1
28.0,76.0,33.0,0,48,0
30.0,60.0,22.0,0,37,1
29.0,90.0,12.0,1,98,0
23.0,52.0,54.0,0,59,0
22.0,68.0,53.0,0,70,0
28.0,93.0,36.0,1,78,0
28.92,89.29,41.55,1,86,0
33.0,58.0,37.0,0,45,0
26.0,65.0,20.0,0,43,1
27.0,56.0,24.0,0,29,0
24.0,76.0,52.0,0,77,0
25.0,93.0,36.0,1,80,0
20.0,53.0,43.0,0,48,0
38.0,63.0,28.0,0,36,1
34.0,51.0,51.0,0,68,0
29.0,93.0,48.0,1,78,0
37.0,60.0,10.0,0,27,0
32.0,73.0,32.0,0,30,1
33.0,42.0,59.0,0,78,0
24.0,89.0,13.0,1,71,0
30.0,74.0,58.0,0,63,0
29.0,81.0,48.0,0,56,0
32.0,62.0,28.0,0,29,0
36.0,60.0,60.0,0,67,0
34.0,41.0,58.0,0,57,0
35.0,63.0,63.0,0,79,0
29.0,43.0,24.0,0,25,0
24.0,41.0,42.0,0,26,0
34.0,89.0,14.0,0,26,0
30.0,51.0,20.0,0,25,0
24.0,79.0,20.0,1,84,0
32.0,62.0,39.0,0,37,0
37.0,43.0,27.0,0,49,1
30.0,45.0,40.0,0,34,0
26.0,80.0,49.0,1,76,0
32.0,82.0,63.0,0,78,0
29.0,83.0,20.0,0,36,1
33.0,53.0,63.0,0,62,0
24.0,42.0,20.0,0,44,1
21.0,76.0,15.0,0,31,1
30.0,94.0,12.0,1,72,0
36.0,70.0,16.0,0,36,1
35.0,89.0,67.0,0,67,0
23.0,93.0,35.0,1,85,0
32.0,88.0,69.0,0,79,0
29.0,81.0,55.0,1,76,0
40.0,64.0,37.0,0,37,0
24.0,87.0,52.0,1,95,0
39.0,44.0,47.0,0,79,0
29.0,47.0,53.0,0,74,0
33.14,75.92,18.75,0,46,1
36.0,78.0,16.0,0,49,1
26.0,67.0,63.0,0,56,0
38.0,69.0,54.0,0,67,0
34.0,91.0,11.0,0,44,1
37.0,54.0,32.0,0,29,0
23.0,91.0,19.0,1,99,0
37.0,82.0,66.0,0,53,0
31.0,52.0,31.0,0,34,1
33.0,54.0,61.0,0,66,0
29.0,92.0,56.0,1,82,0
26.0,63.0,43.0,0,44,0
39.0,59.0,69.0,0,53,0
33.0,43.0,42.0,0,43,0
38.0,57.0,15.0,0,32,1
20.0,61.0,59.0,0,73,0
36.0,74.0,69.0,0,67,0
37.0,42.0,67.0,0,77,0
33.0,47.0,18.0,0,54,1
21.0,68.0,64.0,0,57,0
34.0,89.0,48.0,0,71,0
21.0,85.0,12.0,1,87,0
35.0,40.0,45.0,0,67,0
20.0,46.0,67.0,0,73,0
25.0,77.0,65.0,0,77,0
30.0,92.0,24.0,1,71,0
22.0,82.0,38.0,1,74,0
25.0,47.0,32.0,0,34,0
20.0,75.0,40.0,0,33,0
37.0,60.0,37.0,0,54,0
28.0,88.0,50.0,1,72,0
33.0,64.0,57.0,0,50,0
39.0,78.0,67.0,0,57,0
40.0,92.0,25.0,0,45,1
27.0,57.0,60.0,0,65,0
30.0,86.0,66.0,1,95,0
31.0,76.0,10.0,0,41,1
40.0,76.0,47.0,0,66,0
35.0,41.0,29.0,0,39,1
21.17,53.49,13.73,0,28,0
35.0,90.0,64.0,0,76,0
25.0,81.0,46.0,0,67,0
30.0,43.0,37.0,0,26,0
40.0,85.0,18.0,0,36,1
38.0,52.0,63.0,0,50,0
24.0,64.0,20.0,0,29,0
40.0,49.0,47.0,0,63,0
40.0,69.0,30.0,0,40,1
32.0,86.0,32.0,0,39,1
36.0,87.0,56.0,0,71,0
26.0,62.0,36.0,0,32,0
33.0,73.0,42.0,0,47,0
36.0,88.0,42.0,0,51,0
29.0,89.0,29.0,1,82,0
35.0,66.0,60.0,0,63,0
26.0,81.0,57.0,1,95,0
26.0,57.0,11.0,0,29,0
32.0,80.0,11.0,1,75,0
26.0,70.0,27.0,0,23,0
28.0,45.0,22.0,0,41,1
36.0,44.0,48.0,0,67,0
31.0,66.0,49.0,0,51,0
40.0,73.0,12.0,0,23,0
25.0,72.0,19.0,0,52,1
25.0,84.0,32.0,0,40,0
31.0,56.0,68.0,0,62,0
30.0,76.0,50.0,0,78,0
32.0,57.0,70.0,0,76,0
26.0,69.0,68.0,0,57,0
36.0,78.0,31.0,0,45,0
20.0,75.0,54.0,0,72,0
25.0,44.0,31.0,0,42,1
21.0,46.0,54.0,0,52,0
25.0,70.0,23.0,0,43,1
25.0,51.0,32.0,0,40,0
22.0,47.0,25.0,0,49,1
36.0,57.0,54.0,0,69,0
20.0,91.0,70.0,1,96,0
29.0,85.0,66.0,1,94,0
31.0,64.0,65.0,0,66,0
25.0,47.0,45.0,0,74,0
31.0,49.0,55.0,0,59,0
33.0,94.0,62.0,0,65,0
28.0,61.0,33.0,0,20,0
26.0,56.0,70.0,0,78,0
29.0,94.0,54.0,1,88,0
36.0,82.0,68.0,0,61,0
32.0,69.0,32.0,0,38,0
34.0,76.0,64.0,0,61,0
23.0,81.0,45.0,1,84,0
29.0,65.0,13.0,0,43,1
40.0,41.0,46.0,0,55,0
28.0,86.0,48.0,1,89,0
40.0,45.0,41.0,0,50,0
39.0,89.0,34.0,0,22,0
36.0,84.0,33.0,0,40,0
29.0,58.0,14.0,0,24,0
30.0,73.0,25.0,0,28,0
40.0,78.0,43.0,1,91,0
27.0,57.0,37.0,0,35,0
24.0,89.0,43.0,1,80,0
28.0,54.0,61.0,0,51,0
34.0,50.0,66.0,0,77,0
27.0,82.0,13.0,1,84,0
35.0,88.0,50.0,0,76,0
37.0,74.0,67.0,0,64,0
35.0,68.0,18.0,0,52,1
36.0,59.0,67.0,0,72,0
37.0,60.0,63.0,0,59,0
23.0,57.0,64.0,0,55,0
24.0,48.0,12.0,0,49,1
24.0,59.0,50.0,0,72,0
36.0,89.0,41.0,0,26,0
26.0,67.0,12.0,0,39,1
20.0,72.0,10.0,0,43,1
28.07,72.67,29.05,0,31,1
25.0,68.0,28.0,0,20,0
32.0,94.0,59.0,0,78,0
23.0,85.0,23.0,1,87,0
22.0,40.0,13.0,0,54,1
26.9,46.14,44.13,0,35,0
30.0,42.0,63.0,0,59,0
38.0,70.0,35.0,0,42,0
29.0,74.0,67.0,0,79,0
30.0,53.0,31.0,0,50,0
29.0,44.0,20.0,0,20,0
23.0,64.0,33.0,0,36,0
34.0,51.0,46.0,0,79,0
38.0,49.0,21.0,0,41,1
22.0,61.0,15.0,0,21,0
22.0,63.0,46.0,0,65,0
26.0,75.0,21.0,0,42,1
28.0,47.0,20.0,0,41,1
30.0,84.0,34.0,1,90,0
28.0,65.0,66.0,0,64,0
28.0,42.0,34.0,0,21,0
30.0,53.0,47.0,0,61,0
27.0,46.0,12.0,0,36,1
39.0,86.0,13.0,0,38,1
39.0,79.0,65.0,0,74,0
40.0,47.0,67.0,0,77,0
29.0,52.0,45.0,0,73,0
35.0,95.0,53.0,0,64,0
31.0,40.0,48.0,0,68,0
22.0,70.0,54.0,0,70,0
26.0,48.0,63.0,0,70,0
21.0,66.0,69.0,0,71,0
30.0,77.0,43.0,0,38,0
35.0,56.0,16.0,0,32,0
36.0,56.0,57.0,0,71,0
20.0,61.0,57.0,0,52,0
24.0,71.0,53.0,0,50,0
29.0,71.0,26.0,0,33,0
26.0,68.0,62.0,0,54,0
32.0,75.0,65.0,0,62,0
39.0,54.0,10.0,0,41,1
36.0,93.0,37.0,0,38,0
25.0,57.0,54.0,0,56,0
28.0,42.0,41.0,0,24,0
39.0,68.0,54.0,0,64,0
36.0,76.0,43.0,0,28,0
24.0,47.0,36.0,0,54,0
27.0,54.0,40.0,0,40,0
33.0,82.0,35.0,0,45,0
32.0,76.0,47.0,0,73,0
36.0,94.0,55.0,0,78,0
39.0,53.0,45.0,0,61,0
32.0,92.0,49.0,0,79,0
28.0,74.0,12.0,0,21,0
27.0,87.0,36.0,1,91,0
26.0,81.0,57.0,1,79,0
33.0,55.0,16.0,0,38,1
32.93,87.33,29.3,0,37,1
35.0,81.0,45.0,0,59,0
21.0,81.0,20.0,0,54,1
26.0,81.0,22.0,1,85,0
29.0,56.0,11.0,0,25,0
31.0,77.0,20.0,0,31,0
40.0,93.0,19.0,0,43,1
28.0,73.0,54.0,0,62,0
38.0,91.0,63.0,0,79,0
27.0,44.0,16.0,0,35,0
39.0,69.0,28.0,0,32,1
36.0,66.0,58.0,0,61,0
28.0,81.0,13.0,0,37,1
37.0,53.0,15.0,0,31,1
22.0,59.0,27.0,0,46,1
22.0,79.0,65.0,0,56,0
29.0,49.0,47.0,0,76,0
20.0,67.0,61.0,0,54,0
39.0,77.0,28.0,0,46,1
31.0,55.0,47.0,0,52,0
35.0,51.0,20.0,0,39,1
33.0,88.0,44.0,0,23,0
29.0,72.0,19.0,0,31,0
38.0,90.0,45.0,0,53,0
21.0,80.0,50.0,1,74,0
22.0,44.0,36.0,0,31,0
28.0,92.0,18.0,1,79,0
39.0,86.0,40.0,0,32,0
33.0,53.0,13.0,0,49,1
27.0,89.0,25.0,1,80,0
34.0,54.0,54.0,0,75,0
33.0,70.0,43.0,0,48,0
26.0,40.0,34.0,0,39,0
40.0,68.0,17.0,0,52,1
35.0,91.0,66.0,0,68,0
21.0,57.0,39.0,0,34,0
39.0,60.0,53.0,0,68,0
36.0,43.0,60.0,0,71,0
29.0,59.0,59.0,0,53,0
37.0,66.0,63.0,0,67,0
21.0,65.0,22.0,0,50,1
35.0,86.0,16.0,0,35,0
40.0,86.0,45.0,0,56,0
38.0,68.0,62.0,0,59,0
21.0,79.0,10.0,1,91,0
28.0,90.0,60.0,1,91,0
21.0,75.0,59.0,0,56,0
24.0,59.0,70.0,0,78,0
28.0,62.0,28.0,0,30,0
37.0,51.0,32.0,0,44,0
29.0,84.0,53.0,0,77,0
32.0,42.0,60.0,0,64,0
23.0,83.0,13.0,1,98,0
34.0,58.0,57.0,0,71,0
28.0,46.0,24.0,0,47,1
39.0,62.0,39.0,0,49,0
25.0,72.0,30.0,0,35,0
23.0,48.0,45.0,0,78,0
25.0,92.0,70.0,1,78,0
20.0,88.0,34.0,1,79,0
39.0,62.0,54.0,0,54,0
39.0,92.0,33.0,0,34,0
39.0,80.0,42.0,0,27,0
39.0,43.0,63.0,0,56,0
34.0,94.0,26.0,0,45,1
37.0,44.0,63.0,0,53,0
30.0,65.0,64.0,0,67,0
29.0,59.0,39.0,0,29,0
25.0,69.0,40.0,0,36,0
37.0,63.0,69.0,0,71,0
22.0,68.0,28.0,0,51,0
35.0,55.0,49.0,0,56,0
35.0,51.0,41.0,0,44,0
37.0,54.0,53.0,0,65,0
30.67,43.2,23.78,0,39,1
21.0,41.0,14.0,0,50,1
36.0,53.0,37.0,0,46,0
37.0,88.0,50.0,0,59,0
32.32,86.73,21.32,0,40,1
38.0,64.0,25.0,0,41,1
22.0,45.0,24.0,0,46,1
23.0,88.0,23.0,1,92,0
33.0,45.0,56.0,0,63,0
21.0,53.0,24.0,0,39,1
23.0,59.0,70.0,0,65,0
37.0,65.0,58.0,0,67,0
24.0,89.0,33.0,1,89,0
34.0,47.0,16.0,0,21,0
28.0,71.0,20.0,0,27,0
31.0,50.0,33.0,0,27,0
25.0,88.0,20.0,1,89,0
28.0,85.0,17.0,1,93,0
37.0,42.0,67.0,0,50,0
33.0,74.0,32.0,0,29,0
39.0,55.0,62.0,0,57,0
22.0,76.0,43.0,0,39,0
23.0,76.0,35.0,0,40,0
27.0,93.0,18.0,1,77,0
38.0,84.0,13.0,0,42,1
22.0,58.0,39.0,0,33,0
24.0,60.0,27.0,0,34,1
31.0,67.0,22.0,0,44,1
29.54,72.95,17.75,0,28,0
37.0,81.0,20.0,0,48,1
30.0,71.0,36.0,0,49,0
32.0,57.0,30.0,0,35,0
32.0,52.0,41.0,0,27,0
27.74,69.59,30.33,0,21,0
21.0,74.0,58.0,0,65,0
33.0,54.0,11.0,0,48,1
30.0,49.0,49.0,0,55,0
21.0,57.0,32.0,0,21,0
34.0,52.0,24.0,0,46,1
37.0,77.0,51.0,0,73,0
31.0,87.0,34.0,0,54,0
29.0,82.0,25.0,1,98,0
34.0,48.0,32.0,0,38,0
38.0,74.0,21.0,0,24,0
21.0,47.0,38.0,0,30,0
22.0,81.0,28.0,1,77,0
38.0,58.0,64.0,0,72,0
39.0,57.0,42.0,0,23,0
24.0,59.0,24.0,0,37,1
32.0,81.0,53.0,0,72,0
28.0,72.0,29.0,0,52,0
27.0,88.0,54.0,1,98,0
37.0,55.0,11.0,0,39,1
37.0,82.0,49.0,0,55,0
25.0,95.0,63.0,1,99,0
33.0,94.0,23.0,0,29,0
29.0,77.0,23.0,0,36,1
39.0,74.0,62.0,0,64,0
35.0,92.0,58.0,0,79,0
36.0,48.0,61.0,0,51,0
26.0,82.0,39.0,0,37,0
31.0,87.0,24.0,0,48,1
26.0,52.0,66.0,0,64,0
39.0,81.0,37.0,0,30,0
24.0,54.0,32.0,0,33,0
20.0,80.0,34.0,1,83,0
37.0,67.0,31.0,0,24,0
29.0,79.0,56.0,0,59,0
39.0,57.0,55.0,0,67,0
32.0,82.0,58.0,0,70,0
20.04,53.76,12.69,0,24,0
31.0,55.0,32.0,0,28,0
23.0,74.0,60.0,0,64,0
28.0,93.0,39.0,1,73,0
40.0,75.0,55.0,0,62,0
20.0,47.0,21.0,0,29,0
35.0,63.0,58.0,0,70,0
23.0,83.0,32.0,1,71,0
30.0,88.0,45.0,1,95,0
29.0,46.0,51.0,0,53,0
33.0,42.0,58.0,0,70,0
31.0,69.0,55.0,0,68,0
27.0,50.0,16.0,0,45,1
28.0,94.0,45.0,1,83,0
39.0,84.0,66.0,0,69,0
27.0,87.0,54.0,1,82,0
39.0,49.0,32.0,0,53,1
22.0,61.0,52.0,0,64,0
36.0,58.0,20.0,0,24,0
35.0,41.0,47.0,0,71,0
24.0,44.0,27.0,0,47,1
33.0,90.0,16.0,0,22,0
28.0,60.0,25.0,0,39,1
39.0,68.0,47.0,0,59,0
27.23,88.51,37.63,1,73,0
40.0,61.0,24.0,0,51,1
36.0,44.0,40.0,0,24,0
34.0,72.0,16.0,0,31,0
25.47,47.16,42.33,0,49,0
27.0,46.0,15.0,0,30,0
38.0,64.0,67.0,0,79,0
40.0,82.0,46.0,1,79,0
27.0,60.0,25.0,0,32,1
23.44,53.03,19.71,0,42,1
30.0,47.0,10.0,0,26,0
23.0,88.0,18.0,1,99,0
23.0,56.0,25.0,0,34,0
30.0,92.0,45.0,1,84,0
20.0,43.0,55.0,0,74,0
36.0,64.0,65.0,0,50,0
33.0,70.0,19.0,0,43,1
37.0,53.0,15.0,0,31,0
37.0,91.0,15.0,0,23,0
27.0,54.0,12.0,0,32,0
31.99,76.03,27.49,0,39,1
24.0,65.0,22.0,0,46,1
20.0,60.0,28.0,0,40,1
24.46,78.55,13.34,0,26,0
37.0,49.0,34.0,0,21,0
29.0,41.0,60.0,0,60,0
25.0,71.0,20.0,0,20,0
30.0,85.0,13.0,1,95,0
28.0,68.0,18.0,0,32,1
22.83,88.54,39.9,1,89,0
39.0,42.0,46.0,0,68,0
21.0,53.0,59.0,0,79,0
32.0,69.0,50.0,0,64,0
23.0,90.0,28.0,1,97,0
27.0,93.0,46.0,1,82,0
20.0,59.0,51.0,0,61,0
32.0,95.0,27.0,0,32,0
37.0,87.0,14.0,0,45,1
30.0,49.0,59.0,0,53,0
29.0,90.0,25.0,1,93,0
36.0,42.0,16.0,0,45,1
33.0,40.0,25.0,0,37,1
23.0,49.0,65.0,0,66,0
31.0,70.0,34.0,0,35,0
33.0,93.0,28.0,0,51,0
37.0,71.0,40.0,0,42,0
24.0,57.0,40.0,0,49,0
30.0,51.0,19.0,0,44,1
23.0,89.0,42.0,1,87,0
34.0,69.0,52.0,0,65,0
36.0,75.0,32.0,0,51,1
32.0,56.0,33.0,0,27,0
27.0,82.0,21.0,1,96,0
29.0,91.0,66.0,1,95,0
35.0,68.0,11.0,0,27,0
39.0,77.0,42.0,0,43,0
23.0,73.0,65.0,0,55,0
34.0,93.0,41.0,0,51,0
28.0,93.0,51.0,1,89,0
38.0,41.0,53.0,0,54,0
32.0,44.0,20.0,0,29,0
35.0,90.0,11.0,0,34,0
21.0,46.0,47.0,0,54,0
26.0,83.0,44.0,1,83,0
32.0,88.0,44.0,0,39,0
29.0,42.0,10.0,0,34,0
31.0,45.0,26.0,0,38,1
28.0,79.0,54.0,0,66,0
31.0,61.0,53.0,0,59,0
40.0,87.0,30.0,0,23,0
24.0,87.0,49.0,1,93,0
36.0,49.0,11.0,0,43,1
31.0,57.0,26.0,0,49,1
22.0,78.0,37.0,1,99,0
20.0,76.0,15.0,0,53,1
23.0,62.0,51.0,0,69,0
24.0,40.0,26.0,0,41,1
33.0,52.0,36.0,0,23,0
23.0,41.0,35.0,0,40,0
32.0,80.0,18.0,0,20,0
27.0,93.0,25.0,1,87,0
38.0,42.0,17.0,0,27,0
25.0,90.0,66.0,1,76,0
20.0,67.0,61.0,0,54,0
31.0,72.0,54.0,0,63,0
27.0,94.0,24.0,1,91,0
30.0,52.0,57.0,0,67,0
40.0,66.0,28.0,0,42,0
31.0,86.0,11.0,0,49,1
25.0,79.0,45.0,0,67,0
32.0,79.0,11.0,0,28,0
30.32,41.12,41.12,0,21,0
32.0,55.0,48.0,0,65,0
21.0,85.0,23.0,1,73,0
38.0,72.0,37.0,0,40,0
27.0,94.0,10.0,1,94,0
22.0,67.0,65.0,0,75,0
23.0,77.0,48.0,0,67,0
39.0,84.0,30.0,0,39,1
37.0,73.0,48.0,0,58,0
25.0,56.0,28.0,0,23,1
28.0,83.0,31.0,1,77,0
35.0,81.0,30.0,0,44,0
30.0,54.0,21.0,0,27,0
23.0,74.0,43.0,0,46,0
23.0,86.0,52.0,1,75,0
40.0,44.0,19.0,0,25,0
33.0,66.0,13.0,0,45,1
23.0,52.0,41.0,0,23,0
35.0,77.0,69.0,0,70,0
40.0,56.0,44.0,0,20,0
23.0,57.0,69.0,0,58,0
22.0,52.0,44.0,0,30,0
25.0,83.0,12.0,0,49,1
36.0,78.0,62.0,0,50,0
37.0,78.0,52.0,0,74,0
40.0,40.0,68.0,0,68,0
29.97,75.07,24.45,0,30,0
26.0,48.0,34.0,0,20,0
31.0,85.0,41.0,0,34,0
33.25,41.08,20.47,0,33,1
27.0,43.0,39.0,0,38,0
32.04,83.21,23.6,0,49,1
38.0,59.0,57.0,0,71,0
32.0,54.0,15.0,0,20,0
30.0,45.0,29.0,0,54,1
24.0,73.0,15.0,0,21,0
37.0,65.0,24.0,0,52,1
23.0,45.0,35.0,0,23,0
35.0,42.0,20.0,0,44,1
40.0,90.0,21.0,0,46,1
25.0,85.0,34.0,1,80,0
26.0,43.0,15.0,0,51,1
32.0,59.0,58.0,0,67,0
38.0,60.0,69.0,0,68,0
28.0,79.0,43.0,0,26,0
39.0,41.0,66.0,0,74,0
32.0,53.0,46.0,0,71,0
30.0,44.0,42.0,0,39,0
25.0,69.0,69.0,0,61,0
26.0,80.0,42.0,1,88,0
36.0,73.0,26.0,0,23,0
38.0,78.0,27.0,0,42,1
26.0,69.0,59.0,0,62,0
36.0,40.0,64.0,0,59,0
38.0,65.0,34.0,0,29,0
35.0,43.0,39.0,0,30,0
23.0,80.0,39.0,1,79,0
28.0,46.0,50.0,0,69,0
29.0,93.0,29.0,1,89,0
24.0,46.0,35.0,0,45,0
40.0,93.0,25.0,0,30,0
40.0,91.0,53.0,0,67,0
28.0,78.0,54.0,0,51,0
21.0,65.0,40.0,0,45,0
34.0,70.0,69.0,0,51,0
24.0,64.0,12.0,0,52,1
30.0,92.0,24.0,1,76,0
39.0,54.0,18.0,0,29,0
29.0,70.0,36.0,0,31,0
27.0,43.0,36.0,0,23,0
20.0,58.0,37.0,0,45,0
26.0,48.0,54.0,0,50,0
21.0,79.0,29.0,0,45,0
39.0,62.0,52.0,0,76,0
21.0,61.0,29.0,0,52,1
34.0,91.0,19.0,0,40,1
32.0,93.0,62.0,0,66,0
23.3,67.67,14.23,0,35,1
39.0,61.0,57.0,0,72,0
30.0,62.0,43.0,0,44,0
23.0,57.0,59.0,0,74,0
36.0,67.0,42.0,0,41,0
27.0,47.0,42.0,0,26,0
36.0,48.0,42.0,0,39,0
31.0,74.0,20.0,0,33,1
36.0,62.0,62.0,0,73,0
34.0,94.0,48.0,0,62,0
27.0,83.0,62.0,1,70,0
32.0,58.0,32.0,0,21,0
28.0,68.0,67.0,0,63,0
26.58,47.62,19.13,0,40,1
38.0,49.0,10.0,0,36,1
25.0,59.0,14.0,0,42,1
29.0,64.0,22.0,0,25,0
26.0,52.0,22.0,0,47,1
39.0,90.0,23.0,0,26,0
33.0,52.0,46.0,0,55,0
22.0,59.0,69.0,0,76,0
37.0,53.0,34.0,0,34,0
37.0,95.0,68.0,0,70,0
35.0,64.0,48.0,0,51,0
36.0,42.0,35.0,0,34,0
29.0,91.0,40.0,1,80,0
21.0,72.0,50.0,0,58,0
34.0,54.0,13.0,0,48,1
34.0,90.0,29.0,0,21,0
39.0,68.0,31.0,0,37,0
21.0,57.0,63.0,0,56,0
27.0,80.0,36.0,1,81,0
27.0,46.0,15.0,0,44,1
25.0,53.0,41.0,0,54,0
40.0,90.0,57.0,0,64,0
24.0,40.0,24.0,0,32,0
23.0,81.0,66.0,1,97,0
24.93,86.66,20.34,1,76,0
25.93,76.27,42.39,0,46,0
24.0,62.0,42.0,0,27,0
20.0,69.0,30.0,0,39,0
20.0,50.0,64.0,0,70,0
38.0,92.0,51.0,0,72,0
30.0,78.0,43.0,0,40,0
27.0,44.0,68.0,0,56,0
37.0,41.0,58.0,0,62,0
23.0,47.0,26.0,0,24,0
31.0,51.0,35.0,0,24,0
38.0,63.0,16.0,0,53,1
32.0,55.0,61.0,0,79,0
33.0,88.0,17.0,0,30,0
27.0,94.0,10.0,1,95,0
23.0,56.0,27.0,0,42,1
25.0,70.0,68.0,0,72,0
32.0,54.0,35.0,0,24,0
29.0,78.0,26.0,0,33,1
36.0,77.0,24.0,0,34,0
24.0,42.0,10.0,0,23,0
30.0,72.0,15.0,0,34,1
30.0,62.0,59.0,0,60,0
28.0,70.0,24.0,0,23,0
36.0,55.0,47.0,0,57,0
21.0,68.0,29.0,0,25,1
30.78,50.97,15.68,0,38,1
30.0,74.0,32.0,0,36,1
32.0,91.0,11.0,0,39,1
22.0,72.0,27.0,0,32,0
30.0,86.0,27.0,1,96,0
23.0,60.0,56.0,0,61,0
25.69,43.88,13.52,0,47,1
31.0,81.0,29.0,0,40,1
36.0,80.0,60.0,0,67,0
21.0,87.0,38.0,1,75,0
37.0,86.0,21.0,0,32,0
22.57,45.07,40.96,0,46,0
25.0,56.0,69.0,0,74,0
28.0,50.0,34.0,0,45,0
26.0,57.0,49.0,0,50,0
36.0,76.0,52.0,0,56,0
39.0,87.0,43.0,0,29,0
38.0,89.0,63.0,0,67,0
40.0,52.0,66.0,0,75,0
29.0,62.0,12.0,0,39,1
36.0,90.0,63.0,0,64,0
34.0,77.0,24.0,0,40,1
26.0,42.0,19.0,0,53,1
40.0,62.0,33.0,0,28,0
39.0,86.0,40.0,0,32,0
34.0,46.0,23.0,0,25,0
29.82,44.59,33.01,0,47,0
21.0,76.0,39.0,0,26,0
36.0,79.0,27.0,0,42,1
26.0,76.0,62.0,0,67,0
33.0,91.0,28.0,0,49,1
22.39,54.23,15.18,0,27,0
37.0,74.0,22.0,0,31,1
31.0,44.0,15.0,0,45,1
22.0,51.0,44.0,0,34,0
34.0,82.0,53.0,0,58,0
36.0,62.0,63.0,0,53,0
31.0,40.0,12.0,0,22,0
30.0,71.0,69.0,0,76,0
20.0,47.0,60.0,0,66,0
20.0,71.0,51.0,0,59,0
25.0,65.0,20.0,0,43,1
38.0,78.0,15.0,0,46,1
20.0,88.0,45.0,1,95,0
23.79,56.95,25.29,0,36,1
36.0,58.0,63.0,0,65,0
38.0,46.0,47.0,0,57,0
36.0,83.0,66.0,0,62,0
20.0,75.0,38.0,0,45,0
30.0,83.0,27.0,1,88,0
32.0,42.0,60.0,0,64,0
23.0,90.0,52.0,1,75,0
22.0,83.0,40.0,1,84,0
34.0,94.0,16.0,0,45,1
26.0,91.0,13.0,1,82,0
21.0,75.0,27.0,0,24,0
20.0,72.0,17.0,0,39,1
38.0,73.0,53.0,0,64,0
34.0,68.0,15.0,0,47,1
32.0,54.0,34.0,0,42,0
34.0,83.0,43.0,0,24,0
28.0,93.0,29.0,1,86,0
25.0,48.0,14.0,0,39,1
33.0,75.0,19.0,0,42,1
30.45,50.31,24.57,0,48,1
20.0,47.0,55.0,0,65,0
27.0,49.0,67.0,0,59,0
20.0,46.0,10.0,0,28,0
21.0,80.0,16.0,0,39,1
36.0,41.0,34.0,0,43,0
29.0,85.0,37.0,1,70,0
37.0,80.0,11.0,0,35,0
36.0,68.0,40.0,0,23,0
31.0,67.0,27.0,0,32,1
35.0,43.0,54.0,0,75,0
29.0,77.0,69.0,0,61,0
31.0,68.0,53.0,0,65,0
26.0,45.0,10.0,0,42,1
27.0,57.0,60.0,0,65,0
25.0,41.0,12.0,0,27,0
36.0,70.0,38.0,0,24,0
37.0,60.0,64.0,0,72,0
30.71,72.04,15.9,0,40,1
35.0,84.0,54.0,0,66,0
31.0,56.0,23.0,0,33,1
32.0,91.0,67.0,0,66,0
33.0,53.0,23.0,0,44,1
37.0,67.0,28.0,0,23,0
37.0,53.0,56.0,0,78,0
26.0,52.0,14.0,0,45,1
40.0,75.0,10.0,0,23,0
30.0,57.0,49.0,0,64,0
35.0,48.0,66.0,0,70,0
30.0,59.0,27.0,0,45,1
38.0,52.0,56.0,0,72,0
36.0,67.0,28.0,0,24,0
29.0,45.0,40.0,0,24,0
37.0,80.0,60.0,0,71,0
37.0,77.0,36.0,0,39,0
20.0,89.0,45.0,1,79,0
21.0,43.0,23.0,0,51,1
30.0,82.0,49.0,1,93,0
33.0,55.0,29.0,0,43,1
35.0,60.0,63.0,0,73,0
34.0,40.0,12.0,0,46,1
36.0,60.0,60.0,0,51,0
23.0,59.0,33.0,0,34,0
22.0,75.0,52.0,0,64,0
36.0,61.0,57.0,0,54,0
39.0,88.0,11.0,0,20,0
37.0,61.0,61.0,0,79,0
38.0,51.0,25.0,0,29,0
24.0,48.0,32.0,0,27,0
31.0,51.0,48.0,0,75,0
39.0,55.0,16.0,0,41,1
28.0,48.0,32.0,0,29,0
21.0,91.0,40.0,1,79,0
35.0,85.0,32.0,0,39,0
22.0,92.0,62.0,1,88,0
20.0,56.0,37.0,0,45,0
35.0,74.0,69.0,0,62,0
32.0,67.0,57.0,0,78,0
29.0,68.0,57.0,0,51,0
30.0,89.0,32.0,1,81,0
29.0,56.0,10.0,0,48,1
38.0,65.0,57.0,0,70,0
37.0,62.0,49.0,0,75,0
38.0,93.0,50.0,0,56,0
22.0,79.0,23.0,0,22,0
36.0,51.0,64.0,0,70,0
26.0,52.0,20.0,0,33,1
30.0,76.0,45.0,0,52,0
38.0,90.0,58.0,0,55,0
40.0,91.0,64.0,0,70,0
32.0,61.0,25.0,0,21,0
38.0,82.0,64.0,0,71,0
31.0,65.0,18.0,0,29,0
27.72,81.08,22.14,1,91,0
27.0,71.0,38.0,0,26,0
33.0,92.0,39.0,0,40,0
29.0,46.0,31.0,0,36,0
22.0,71.0,39.0,0,31,0
24.49,49.26,42.22,0,22,0
37.0,92.0,68.0,0,71,0
27.46,74.75,36.26,0,31,0
35.0,92.0,49.0,0,65,0
32.0,62.0,34.0,0,22,0
22.0,46.0,53.0,0,57,0
27.0,89.0,68.0,1,92,0
32.0,47.0,28.0,0,25,0
34.0,74.0,15.0,0,31,0
25.0,69.0,35.0,0,32,0
26.28,73.64,14.62,0,47,1
32.0,95.0,24.0,0,25,0
35.0,51.0,32.0,0,34,1
25.0,69.0,66.0,0,57,0
32.0,44.0,50.0,0,62,0
26.0,72.0,10.0,0,46,1
30.0,79.0,51.0,0,52,0
30.0,55.0,25.0,0,46,1
28.0,75.0,62.0,0,76,0
22.11,73.86,13.19,0,35,1
26.0,75.0,54.0,0,69,0
35.0,74.0,11.0,0,30,0
33.0,92.0,15.0,0,22,0
32.0,45.0,44.0,0,33,0
26.0,42.0,19.0,0,21,0
40.0,57.0,41.0,0,42,0
31.0,44.0,18.0,0,39,1
27.0,53.0,19.0,0,22,0
33.0,50.0,41.0,0,30,0
23.0,90.0,50.0,1,84,0
34.0,73.0,32.0,0,37,0
40.0,63.0,53.0,0,61,0
32.0,42.0,35.0,0,43,0
38.0,59.0,11.0,0,38,1
23.0,74.0,58.0,0,66,0
30.0,88.0,14.0,1,76,0
31.0,66.0,61.0,0,56,0
34.0,58.0,16.0,0,38,1
36.0,62.0,46.0,0,71,0
27.0,60.0,27.0,0,49,1
37.0,88.0,52.0,0,51,0
33.0,72.0,22.0,0,39,1
28.0,77.0,59.0,0,67,0
31.0,91.0,41.0,0,25,0
24.0,43.0,45.0,0,55,0
36.0,84.0,52.0,0,75,0
36.0,61.0,34.0,0,21,0
20.0,86.0,49.0,1,97,0
30.0,75.0,48.0,0,78,0
31.0,78.0,56.0,0,52,0
26.0,46.0,14.0,0,20,0
36.0,51.0,32.0,0,35,0
34.0,56.0,52.0,0,54,0
22.0,62.0,38.0,0,30,0
37.0,62.0,69.0,0,71,0
35.0,91.0,33.0,0,27,0
37.0,54.0,48.0,0,59,0
37.0,62.0,22.0,0,28,0
30.0,74.0,66.0,0,72,0
34.0,70.0,50.0,0,63,0
28.0,94.0,45.0,1,78,0
22.0,67.0,15.0,0,25,0
36.0,49.0,40.0,0,47,0
24.0,71.0,19.0,0,28,0
34.0,71.0,48.0,0,77,0
32.0,87.0,67.0,0,63,0
33.0,77.0,43.0,0,27,0
32.0,43.0,18.0,0,28,0
29.0,67.0,20.0,0,52,1
21.0,86.0,17.0,1,77,0
34.0,53.0,42.0,0,35,0
24.0,77.0,43.0,0,45,0
32.0,50.0,63.0,0,65,0
24.0,73.0,16.0,0,27,0
38.0,58.0,21.0,0,43,1
20.0,91.0,47.0,1,98,0
32.54,81.47,19.5,0,38,1
32.0,66.0,35.0,0,26,0
27.0,88.0,53.0,1,93,0
31.0,44.0,46.0,0,76,0
22.0,50.0,62.0,0,63,0
21.0,63.0,17.0,0,30,0
22.0,78.0,51.0,0,65,0
36.0,82.0,68.0,0,68,0
24.0,66.0,64.0,0,69,0
22.0,78.0,55.0,0,79,0
27.0,81.0,67.0,1,87,0
26.0,77.0,37.0,0,24,0
35.0,57.0,61.0,0,65,0
39.0,54.0,56.0,0,73,0
32.0,79.0,63.0,0,56,0
33.0,56.0,45.0,0,67,0
30.0,86.0,27.0,1,80,0
30.0,83.0,55.0,1,98,0
31.0,79.0,64.0,0,67,0
29.0,51.0,49.0,0,68,0
34.0,75.0,41.0,0,23,0
35.0,90.0,57.0,0,60,0
34.0,63.0,24.0,0,33,1
31.0,49.0,46.0,0,79,0
34.0,73.0,45.0,0,54,0
38.0,48.0,41.0,0,46,0
20.0,64.0,43.0,0,29,0
34.0,73.0,15.0,0,36,1
28.0,50.0,65.0,0,72,0
23.0,94.0,17.0,1,84,0
20.0,72.0,17.0,0,39,1
22.0,78.0,67.0,0,64,0
23.0,50.0,38.0,0,21,0
30.0,79.0,51.0,0,74,0
31.0,93.0,15.0,0,48,1
28.0,76.0,70.0,0,51,0
30.0,51.0,19.0,0,35,1
26.0,90.0,10.0,1,78,0
34.0,47.0,16.0,0,31,0
29.0,91.0,33.0,1,90,0
29.0,55.0,51.0,0,78,0
28.0,66.0,67.0,0,63,0
31.0,92.0,37.0,0,25,0
30.0,71.0,35.0,0,47,0
24.0,45.0,58.0,0,60,0
22.0,56.0,53.0,0,73,0
22.0,82.0,16.0,0,28,0
23.0,58.0,57.0,0,62,0
32.0,65.0,66.0,0,78,0
26.0,59.0,59.0,0,72,0
29.0,66.0,66.0,0,51,0
40.0,55.0,18.0,0,32,0
25.0,54.0,12.0,0,30,0
22.0,50.0,20.0,0,40,1
25.0,67.0,54.0,0,75,0
38.0,63.0,54.0,0,73,0
25.0,51.0,35.0,0,46,0
39.0,55.0,22.0,0,37,1
35.0,66.0,60.0,0,63,0
40.0,85.0,18.0,0,30,0
28.0,52.0,27.0,0,40,1
40.0,51.0,20.0,0,21,0
37.0,69.0,46.0,0,74,0
39.0,93.0,33.0,0,44,0
27.0,52.0,68.0,0,69,0
23.0,67.0,27.0,0,45,1
34.0,60.0,55.0,0,75,0
20.0,66.0,44.0,0,35,0
21.0,83.0,62.0,1,83,0
35.0,70.0,15.0,0,40,1
27.0,50.0,50.0,0,54,0
27.0,87.0,11.0,1,75,0
38.0,43.0,32.0,0,47,0
35.0,91.0,58.0,0,69,0
38.0,89.0,51.0,0,78,0
39.0,78.0,44.0,0,27,0
20.0,41.0,22.0,0,49,1
36.0,83.0,53.0,0,79,0
20.0,60.0,44.0,0,39,0
32.0,56.0,13.0,0,33,0
36.0,79.0,19.0,0,21,0
27.0,91.0,16.0,1,86,0
20.0,72.0,24.0,0,35,1
28.0,64.0,65.0,0,65,0
37.0,56.0,39.0,0,40,0
31.0,59.0,39.0,0,49,0
27.0,84.0,64.0,0,54,0
37.0,89.0,55.0,0,65,0
35.0,46.0,45.0,0,67,0
29.0,52.0,35.0,0,37,0
20.0,91.0,59.0,1,99,0
22.0,42.0,63.0,0,62,0
33.0,82.0,62.0,0,74,0
25.0,44.0,66.0,0,62,0
35.0,89.0,61.0,0,61,0
36.0,83.0,48.0,0,65,0
37.0,65.0,58.0,0,71,0
24.0,88.0,48.0,1,75,0
31.0,77.0,68.0,0,50,0
20.0,87.0,50.0,1,82,0
33.0,72.0,48.0,0,57,0
33.0,90.0,53.0,0,67,0
26.0,55.0,25.0,0,26,0
33.0,76.0,43.0,0,30,0
20.0,94.0,69.0,1,75,0
34.0,54.0,39.0,0,43,0
27.0,72.0,21.0,0,27,0
27.0,61.0,66.0,0,73,0
32.0,85.0,45.0,0,57,0
24.0,50.0,33.0,0,47,0
31.0,67.0,39.0,0,48,0
28.22,64.61,31.81,0,35,0
33.0,67.0,58.0,0,67,0
27.0,52.0,54.0,0,66,0
23.0,85.0,58.0,1,89,0
23.0,46.0,19.0,0,31,0
29.0,54.0,31.0,0,46,0
20.0,51.0,15.0,0,24,0
31.0,80.0,28.0,0,31,1
27.0,88.0,25.0,1,96,0
28.0,55.0,65.0,0,62,0
22.0,92.0,29.0,1,79,0
29.0,75.0,17.0,0,39,1
28.0,74.0,12.0,0,53,1
33.0,93.0,52.0,0,76,0
27.0,88.0,54.0,1,81,0
24.0,62.0,55.0,0,69,0
37.0,58.0,12.0,0,28,0
37.0,79.0,48.0,1,86,0
26.83,43.71,32.1,0,40,0
23.0,90.0,46.0,1,79,0
22.0,76.0,70.0,0,59,0
21.0,40.0,56.0,0,54,0
28.0,42.0,42.0,0,20,0
29.0,74.0,33.0,0,47,0
21.0,43.0,34.0,0,34,0
33.0,83.0,42.0,0,20,0
28.0,92.0,26.0,1,98,0
37.0,49.0,18.0,0,47,1
33.0,84.0,12.0,0,23,0
23.0,78.0,33.0,0,53,0
22.0,84.0,25.0,1,77,0
20.0,88.0,26.0,1,88,0
22.0,62.0,36.0,0,45,0
32.0,79.0,27.0,0,44,1
24.0,84.0,15.0,1,97,0
27.0,58.0,15.0,0,40,1
33.0,75.0,67.0,0,61,0
39.0,50.0,42.0,0,30,0
33.0,42.0,32.0,0,26,0
29.0,41.0,18.0,0,30,0
21.0,94.0,38.0,1,80,0
22.0,52.0,19.0,0,30,0
30.0,91.0,41.0,1,71,0
20.0,50.0,37.0,0,20,0
38.0,40.0,18.0,0,37,1
37.0,84.0,38.0,0,20,0
32.0,48.0,47.0,0,55,0
25.0,81.0,61.0,0,78,0
21.0,69.0,39.0,0,31,0
38.0,76.0,31.0,0,44,0
29.0,84.0,26.0,1,87,0
28.0,91.0,18.0,1,84,0
28.0,91.0,47.0,1,92,0
22.0,88.0,44.0,1,90,0
30.0,69.0,69.0,0,65,0
38.0,60.0,17.0,0,20,0
39.0,88.0,54.0,0,67,0
40.0,82.0,25.0,0,45,1
34.0,89.0,59.0,0,74,0
33.0,48.0,26.0,0,34,1
23.0,67.0,24.0,0,20,0
24.0,84.0,66.0,0,62,0
38.0,41.0,33.0,0,42,0
29.0,82.0,66.0,1,82,0
25.0,64.0,28.0,0,35,1
35.0,59.0,63.0,0,54,0
23.0,57.0,56.0,0,58,0
38.0,64.0,13.0,0,48,1
24.0,45.0,35.0,0,21,0
30.54,56.63,15.67,0,35,1
40.0,76.0,18.0,0,34,0
38.0,92.0,48.0,0,73,0
20.0,74.0,49.0,0,57,0
39.0,49.0,38.0,0,53,0
34.0,86.0,68.0,0,55,0
22.0,42.0,46.0,0,66,0
32.0,91.0,23.0,0,28,0
24.0,67.0,50.0,0,54,0
26.0,68.0,57.0,0,78,0
39.0,54.0,22.0,0,47,1
35.0,49.0,42.0,0,22,0
30.0,92.0,15.0,1,78,0
31.0,71.0,37.0,0,42,0
23.0,56.0,50.0,0,68,0
32.0,84.0,43.0,0,27,0
34.0,51.0,58.0,0,74,0
29.0,81.0,46.0,0,61,0
24.0,74.0,45.0,0,50,0
21.0,74.0,35.0,0,24,0
28.0,46.0,39.0,0,32,0
35.0,84.0,29.0,0,43,1
37.0,59.0,60.0,0,79,0
40.0,83.0,51.0,1,83,0
24.0,81.0,32.0,1,97,0
38.0,59.0,53.0,0,56,0
29.0,86.0,51.0,1,93,0
24.0,91.0,31.0,1,74,0
27.0,44.0,21.0,0,20,0
39.0,88.0,22.0,0,20,0
22.0,62.0,19.0,0,38,1
23.0,41.0,55.0,0,52,0
21.0,75.0,59.0,0,56,0
22.0,95.0,46.0,1,76,0
35.0,68.0,58.0,0,65,0
33.0,83.0,39.0,1,88,0
35.0,40.0,36.0,0,43,0
31.0,59.0,69.0,0,73,0
27.0,94.0,33.0,1,92,0
38.0,54.0,13.0,0,40,1
32.0,62.0,38.0,0,39,0
37.0,52.0,33.0,0,33,0
38.0,84.0,55.0,0,59,0
28.0,94.0,60.0,1,94,0
39.0,74.0,49.0,0,63,0
24.0,56.0,65.0,0,69,0
28.0,61.0,43.0,0,20,0
21.0,71.0,38.0,0,44,0
22.0,41.0,15.0,0,40,1
32.0,81.0,61.0,0,66,0
34.0,45.0,36.0,0,25,0
39.0,58.0,28.0,0,31,1
35.0,88.0,66.0,0,69,0
27.0,75.0,34.0,0,42,0
23.0,61.0,35.0,0,43,0
39.0,68.0,33.0,0,37,0
36.0,48.0,40.0,0,26,0
20.0,94.0,17.0,1,98,0
26.0,83.0,62.0,1,73,0
25.0,79.0,41.0,0,45,0
20.0,54.0,66.0,0,50,0
28.0,65.0,30.0,0,37,1
25.0,53.0,31.0,0,25,0
23.0,73.0,61.0,0,65,0
24.0,50.0,24.0,0,22,0
23.0,68.0,47.0,0,74,0
28.0,50.0,54.0,0,62,0
26.48,51.42,18.93,0,26,0
32.0,66.0,69.0,0,52,0
31.0,40.0,51.0,0,58,0
38.0,91.0,24.0,0,28,0
37.0,69.0,46.0,0,74,0
34.0,66.0,13.0,0,35,0
38.0,88.0,43.0,0,30,0
21.0,58.0,13.0,0,45,1
32.0,73.0,32.0,0,24,0
25.0,85.0,63.0,1,88,0
35.0,47.0,13.0,0,27,0
30.0,64.0,31.0,0,47,0
27.0,73.0,11.0,0,46,1
21.0,86.0,10.0,1,78,0
37.0,73.0,60.0,0,62,0
33.0,94.0,12.0,0,37,1
30.0,68.0,52.0,0,56,0
31.0,69.0,47.0,0,51,0
39.0,46.0,11.0,0,42,1
36.0,72.0,40.0,0,45,0
33.0,46.0,46.0,0,78,0
20.0,49.0,46.0,0,61,0
27.42,88.69,24.03,1,92,0
29.0,56.0,69.0,0,69,0
22.0,51.0,60.0,0,74,0
24.0,70.0,20.0,0,41,1
23.14,72.87,40.35,0,24,0
25.0,92.0,56.0,1,70,0
22.0,76.0,31.0,0,36,0
34.0,45.0,53.0,0,57,0
32.0,54.0,34.0,0,42,0
24.0,69.0,65.0,0,73,0
25.0,60.0,41.0,0,22,0
24.0,56.0,17.0,0,53,1
25.0,42.0,67.0,0,74,0
34.0,56.0,49.0,0,77,0
24.9,58.84,26.74,0,36,1
33.0,42.0,64.0,0,61,0
20.0,68.0,14.0,0,25,0
34.0,90.0,32.0,0,43,0
39.0,62.0,19.0,0,46,1
24.0,84.0,60.0,0,58,0
25.0,49.0,11.0,0,43,1
37.0,55.0,13.0,0,31,1
30.0,46.0,62.0,0,59,0
39.0,52.0,50.0,0,70,0
32.0,46.0,56.0,0,72,0
21.36,64.11,32.24,0,47,0
31.0,74.0,20.0,0,40,1
26.0,89.0,67.0,1,99,0
34.0,72.0,14.0,0,38,1
28.0,56.0,44.0,0,24,0
20.0,79.0,21.0,0,42,1
36.0,71.0,16.0,0,49,1
25.0,58.0,45.0,0,76,0
27.0,61.0,34.0,0,29,0
36.0,76.0,70.0,0,77,0
27.0,71.0,10.0,0,36,1
38.0,48.0,37.0,0,22,0
27.83,51.11,13.24,0,37,1
36.0,75.0,65.0,0,64,0
33.0,75.0,15.0,0,28,0
39.0,54.0,51.0,0,73,0
20.0,82.0,37.0,0,37,0
38.0,72.0,64.0,0,55,0
38.0,45.0,15.0,0,22,0
29.0,61.0,66.0,0,66,0
24.0,51.0,15.0,0,41,1
21.0,49.0,65.0,0,79,0
34.0,95.0,62.0,0,53,0
24.0,62.0,62.0,0,54,0
25.0,82.0,69.0,1,95,0
27.0,76.0,68.0,0,67,0
32.0,62.0,39.0,0,47,0
30.0,52.0,36.0,0,27,0
20.28,80.66,25.99,1,86,0
33.0,88.0,17.0,0,27,0
34.0,52.0,37.0,0,20,0
33.0,69.0,42.0,0,32,0
29.0,69.0,17.0,0,26,0
29.0,48.0,35.0,0,39,0
30.0,40.0,58.0,0,64,0
33.0,53.0,59.0,0,69,0
36.0,59.0,50.0,0,66,0
38.0,60.0,36.0,0,45,0
22.0,93.0,53.0,1,98,0
31.0,82.0,61.0,0,52,0
33.0,87.0,63.0,0,67,0
33.0,74.0,53.0,0,58,0
36.0,81.0,37.0,1,82,0
40.0,77.0,57.0,0,69,0
38.0,66.0,69.0,0,50,0
39.0,94.0,35.0,0,35,0
22.0,86.0,64.0,1,93,0
32.0,45.0,33.0,0,38,0
37.0,77.0,54.0,0,75,0
23.0,57.0,58.0,0,56,0
35.0,45.0,29.0,0,50,0
36.0,69.0,40.0,0,47,0
33.0,75.0,20.0,0,39,1
20.0,84.0,45.0,1,80,0
26.0,88.0,21.0,1,78,0
34.0,59.0,17.0,0,50,1
36.0,41.0,33.0,0,50,0
22.0,84.0,22.0,1,87,0
20.0,87.0,64.0,1,97,0
27.0,63.0,28.0,0,46,1
36.0,56.0,52.0,0,74,0
23.0,75.0,13.0,0,23,0
35.0,64.0,41.0,0,25,0
22.0,94.0,10.0,1,92,0
33.0,83.0,69.0,0,74,0
31.0,55.0,32.0,0,27,0
25.0,48.0,15.0,0,28,0
24.0,41.0,26.0,0,27,0
22.0,40.0,33.0,0,44,0
40.0,71.0,69.0,0,69,0
36.0,65.0,25.0,0,44,1
32.0,74.0,62.0,0,78,0
32.0,56.0,25.0,0,22,0
20.0,88.0,43.0,1,82,0
34.0,71.0,62.0,0,52,0
24.0,65.0,62.0,0,79,0
23.0,73.0,38.0,0,43,0
33.0,65.0,67.0,0,59,0
23.0,56.0,57.0,0,52,0
32.0,88.0,69.0,0,79,0
39.0,51.0,25.0,0,35,0
36.0,73.0,33.0,0,20,0
32.0,73.0,13.0,0,47,1
37.0,82.0,45.0,0,58,0
29.0,86.0,39.0,1,78,0
37.0,44.0,12.0,0,42,1
23.0,91.0,15.0,1,80,0
25.0,76.0,40.0,0,21,0
27.0,80.0,52.0,0,75,0
31.0,76.0,41.0,0,30,0
26.0,94.0,41.0,1,78,0
35.0,90.0,13.0,0,42,1
37.0,53.0,12.0,0,21,0
25.0,51.0,56.0,0,74,0
34.0,57.0,60.0,0,50,0
25.0,59.0,12.0,0,38,1
25.29,47.51,25.4,0,31,1
32.0,51.0,29.0,0,20,0
25.0,61.0,23.0,0,22,0
23.0,45.0,54.0,0,69,0
32.0,55.0,68.0,0,54,0
38.0,45.0,29.0,0,43,1
29.0,62.0,34.0,0,40,0
28.0,64.0,49.0,0,76,0
24.0,63.0,36.0,0,49,0
28.0,89.0,36.0,1,95,0
28.0,55.0,45.0,0,65,0
37.0,43.0,26.0,0,33,0
21.0,48.0,13.0,0,42,1
29.0,57.0,31.0,0,46,1
40.0,80.0,66.0,0,77,0
35.0,58.0,67.0,0,64,0
36.0,85.0,33.0,0,30,0
38.0,45.0,43.0,0,37,0
39.0,55.0,60.0,0,58,0
29.0,69.0,34.0,0,39,0
25.0,40.0,13.0,0,30,0
30.0,70.0,38.0,0,49,0
33.0,52.0,49.0,0,59,0
22.0,88.0,34.0,1,93,0
38.0,41.0,33.0,0,42,0
32.0,65.0,48.0,0,77,0
32.0,65.0,53.0,0,61,0
38.0,70.0,32.0,0,29,1
38.0,86.0,61.0,0,63,0
30.0,58.0,14.0,0,30,0
30.0,72.0,41.0,0,40,0
25.0,81.0,41.0,0,52,0
32.0,92.0,49.0,0,79,0
37.0,56.0,40.0,0,31,0
35.0,60.0,37.0,0,45,0
34.0,40.0,12.0,0,46,1
36.0,44.0,67.0,0,55,0
30.0,94.0,37.0,1,94,0
24.0,69.0,63.0,0,57,0
20.0,66.0,34.0,0,43,0
25.93,53.82,20.31,0,25,0
23.0,63.0,32.0,0,35,0
21.0,83.0,13.0,1,73,0
26.0,41.0,38.0,0,28,0
20.0,43.0,41.0,0,20,0
34.0,64.0,19.0,0,33,1
36.0,75.0,21.0,0,38,1
25.0,68.0,17.0,0,52,1
30.0,58.0,44.0,0,45,0
25.0,50.0,12.0,0,34,0
32.0,50.0,15.0,0,42,1
33.0,66.0,15.0,0,46,1
25.0,61.0,24.0,0,24,0
31.0,57.0,24.0,0,31,1
34.0,40.0,64.0,0,52,0
29.0,87.0,19.0,1,92,0
23.0,44.0,10.0,0,46,1
36.0,45.0,35.0,0,27,0
36.0,58.0,12.0,0,37,1
30.0,59.0,38.0,0,38,0
37.0,82.0,21.0,0,26,0
39.0,64.0,15.0,0,21,0
21.0,58.0,62.0,0,61,0
31.0,76.0,16.0,0,27,0
40.0,94.0,41.0,0,37,0
39.0,63.0,38.0,0,44,0
29.0,94.0,53.0,1,86,0
28.0,71.0,43.0,0,47,0
26.0,52.0,65.0,0,51,0
33.0,45.0,51.0,0,57,0
24.0,88.0,63.0,1,73,0
30.0,48.0,43.0,0,31,0
21.91,71.95,15.53,0,31,1
36.0,83.0,10.0,0,45,1
38.0,75.0,16.0,0,23,0
29.0,74.0,32.0,0,36,0
20.0,61.0,53.0,0,54,0
28.0,42.0,41.0,0,24,0
31.0,73.0,67.0,0,65,0
24.0,88.0,65.0,1,86,0
38.0,41.0,62.0,0,61,0
31.0,50.0,15.0,0,22,0
31.0,60.0,49.0,0,68,0
39.0,78.0,57.0,0,78,0
29.0,63.0,63.0,0,52,0
27.0,80.0,31.0,1,75,0
37.0,79.0,13.0,0,21,0
39.0,53.0,23.0,0,45,1
24.0,73.0,15.0,0,40,1
26.0,55.0,65.0,0,71,0
25.0,45.0,29.0,0,39,1
21.0,47.0,45.0,0,59,0
39.0,42.0,37.0,0,34,0
24.38,49.2,14.69,0,24,0
22.0,94.0,65.0,1,84,0
40.0,72.0,66.0,0,58,0
22.0,79.0,59.0,0,59,0
22.0,77.0,25.0,0,21,0
22.0,61.0,36.0,0,38,0
36.0,59.0,61.0,0,72,0
36.0,47.0,26.0,0,28,0
23.0,72.0,10.0,0,34,0
32.0,56.0,13.0,0,44,1
29.0,80.0,66.0,1,77,0
40.0,51.0,70.0,0,75,0
25.0,64.0,40.0,0,41,0
40.0,44.0,70.0,0,52,0
26.0,86.0,63.0,1,93,0
30.0,49.0,34.0,0,39,0
34.0,74.0,37.0,0,26,0
21.0,77.0,40.0,0,29,0
32.0,67.0,18.0,0,39,1
31.0,74.0,39.0,0,25,0
21.0,73.0,37.0,0,32,0
35.0,88.0,66.0,0,69,0
27.0,44.0,15.0,0,42,1
27.0,94.0,54.0,1,89,0
20.85,87.62,15.89,1,86,0
34.0,59.0,28.0,0,54,1
21.0,89.0,10.0,1,92,0
24.0,49.0,29.0,0,25,0
32.0,92.0,41.0,0,35,0
31.0,83.0,14.0,0,26,0
21.0,86.0,53.0,1,81,0
23.0,59.0,28.0,0,29,0
24.0,82.0,31.0,1,88,0
28.0,79.0,38.0,0,47,0
22.0,68.0,15.0,0,36,1
26.0,44.0,10.0,0,32,0
21.0,67.0,11.0,0,49,1
31.0,59.0,62.0,0,64,0
39.0,64.0,47.0,0,55,0
29.0,93.0,62.0,1,72,0
22.0,85.0,70.0,1,81,0
22.0,44.0,47.0,0,71,0
32.0,71.0,38.0,0,22,0
20.0,65.0,37.0,0,38,0
25.0,82.0,58.0,1,95,0
40.0,42.0,11.0,0,52,1
31.0,43.0,33.0,0,48,0
29.0,57.0,35.0,0,32,0
30.56,45.32,28.81,0,27,0
28.0,78.0,54.0,1,81,0
28.0,91.0,47.0,1,87,0
35.0,42.0,10.0,0,28,0
26.0,49.0,18.0,0,50,1
39.0,88.0,54.0,0,67,0
26.9,51.76,12.8,0,30,0
36.0,67.0,34.0,0,35,0
31.0,46.0,26.0,0,20,0
29.0,41.0,11.0,0,46,1
33.0,83.0,25.0,0,31,0
32.0,52.0,11.0,0,21,0
26.36,85.69,44.2,1,77,0
28.95,86.92,24.72,1,80,0
21.0,77.0,70.0,0,72,0
26.0,92.0,40.0,1,92,0
20.0,94.0,17.0,1,79,0
34.0,55.0,53.0,0,75,0
22.0,58.0,39.0,0,33,0
35.0,46.0,49.0,0,55,0
35.0,62.0,15.0,0,32,0
31.0,91.0,33.0,0,28,0
23.0,47.0,26.0,0,50,1
36.0,59.0,61.0,0,62,0
27.0,84.0,64.0,0,54,0
38.0,82.0,58.0,1,86,0
23.0,90.0,70.0,1,91,0
33.0,95.0,34.0,0,42,0
34.0,91.0,26.0,0,32,1
30.0,85.0,17.0,1,98,0
33.0,74.0,39.0,0,47,0
38.0,71.0,10.0,0,24,0
20.0,72.0,70.0,0,68,0
32.0,43.0,64.0,0,63,0
27.0,51.0,11.0,0,30,0
33.0,65.0,13.0,0,44,1
20.0,79.0,21.0,0,43,1
32.0,53.0,58.0,0,62,0
26.0,65.0,52.0,0,53,0
38.0,88.0,39.0,0,22,0
23.0,43.0,56.0,0,64,0
36.0,63.0,39.0,0,49,0
37.0,56.0,70.0,0,61,0
27.0,76.0,63.0,0,77,0
36.0,55.0,49.0,0,56,0
28.0,76.0,33.0,0,48,0
20.61,72.91,42.35,0,47,0
29.11,64.12,42.64,0,34,0
23.0,64.0,21.0,0,45,1
27.0,76.0,45.0,0,73,0
39.0,41.0,28.0,0,51,1
22.0,42.0,65.0,0,54,0
23.0,69.0,21.0,0,54,1
33.0,59.0,69.0,0,62,0
32.0,53.0,64.0,0,77,0
27.0,83.0,43.0,1,81,0
21.0,82.0,54.0,1,80,0
25.0,60.0,17.0,0,40,1
38.0,69.0,67.0,0,51,0
34.0,67.0,44.0,0,42,0
22.0,72.0,61.0,0,50,0
40.0,55.0,21.0,0,53,1
37.0,40.0,65.0,0,52,0
35.0,86.0,15.0,0,27,0
36.0,75.0,65.0,0,64,0
21.0,51.0,26.0,0,29,0
30.94,49.43,37.93,0,46,0
37.0,67.0,66.0,0,69,0
24.0,51.0,58.0,0,72,0
21.0,60.0,45.0,0,61,0
30.0,45.0,29.0,0,22,0
38.0,46.0,40.0,0,37,0
40.0,62.0,22.0,0,29,0
35.0,57.0,58.0,0,67,0
40.0,59.0,12.0,0,41,1
40.0,54.0,68.0,0,71,0
34.0,70.0,64.0,0,74,0
34.0,57.0,27.0,0,43,1
27.0,71.0,29.0,0,29,0
38.0,82.0,30.0,0,43,0
33.0,71.0,14.0,0,29,0
30.0,47.0,30.0,0,26,0
31.0,41.0,22.0,0,49,1
36.0,76.0,15.0,0,38,1
34.0,41.0,33.0,0,33,0
20.0,45.0,50.0,0,56,0
31.0,61.0,47.0,0,68,0
24.0,74.0,37.0,0,48,0
28.0,56.0,68.0,0,75,0
34.0,62.0,58.0,0,58,0
32.0,94.0,52.0,0,77,0
38.0,63.0,50.0,0,66,0
37.0,48.0,10.0,0,32,1
35.0,40.0,63.0,0,74,0
33.0,61.0,34.0,0,48,0
35.0,64.0,66.0,0,55,0
24.0,65.0,62.0,0,79,0
28.0,52.0,57.0,0,52,0
34.0,93.0,13.0,0,49,1
30.0,87.0,25.0,1,70,0
22.0,56.0,59.0,0,67,0
25.0,82.0,34.0,1,76,0
38.0,76.0,31.0,0,48,0
32.0,72.0,43.0,0,52,0
39.0,55.0,16.0,0,28,0
20.0,54.0,41.0,0,47,0
31.0,84.0,35.0,0,43,0
28.0,71.0,29.0,0,53,0
30.0,95.0,16.0,1,84,0
40.0,94.0,21.0,0,36,1
34.0,72.0,70.0,0,60,0
21.0,60.0,65.0,0,72,0
22.0,48.0,62.0,0,67,0
37.0,56.0,35.0,0,27,0
25.0,92.0,11.0,1,92,0
33.0,51.0,60.0,0,72,0
31.0,92.0,33.0,0,47,0
32.0,42.0,68.0,0,67,0
21.0,66.0,66.0,0,58,0
22.0,84.0,17.0,0,32,0
33.0,65.0,47.0,0,72,0
36.0,93.0,25.0,0,27,0
38.0,94.0,48.0,0,53,0
34.0,81.0,62.0,0,75,0
32.0,72.0,15.0,0,43,1
33.0,57.0,31.0,0,28,0
30.0,78.0,40.0,0,29,0
37.0,80.0,23.0,1,82,0
34.0,53.0,57.0,0,72,0
27.0,40.0,65.0,0,71,0
21.0,66.0,51.0,0,51,0
24.0,93.0,14.0,1,82,0
35.0,49.0,63.0,0,78,0
28.0,88.0,20.0,1,81,0
26.0,81.0,18.0,0,41,1
25.0,65.0,20.0,0,43,1
30.0,91.0,18.0,1,82,0
23.0,78.0,29.0,0,44,1
37.0,61.0,38.0,0,41,0
39.0,48.0,40.0,0,34,0
26.0,81.0,57.0,0,58,0
28.0,51.0,20.0,0,33,1
20.0,54.0,49.0,0,61,0
33.0,91.0,39.0,0,24,0
36.0,58.0,36.0,0,25,0
27.0,46.0,32.0,0,40,1
37.0,66.0,50.0,0,57,0
31.0,50.0,46.0,0,74,0
31.0,69.0,37.0,0,46,0
21.0,46.0,47.0,0,54,0
38.0,52.0,38.0,0,48,0
36.0,80.0,26.0,0,43,1
20.0,58.0,16.0,0,31,0
38.0,65.0,62.0,0,68,0
32.0,44.0,39.0,0,20,0
20.0,80.0,29.0,0,30,1
24.0,91.0,50.0,1,77,0
21.0,90.0,65.0,1,94,0
40.0,88.0,56.0,0,55,0
21.04,40.57,36.38,0,27,0
26.0,59.0,42.0,0,33,0
25.0,86.0,39.0,1,86,0
38.0,53.0,57.0,0,71,0
25.0,87.0,33.0,1,77,0
26.0,66.0,10.0,0,46,1
35.0,94.0,11.0,0,47,1
30.0,92.0,52.0,1,94,0
23.0,93.0,67.0,1,99,0
28.0,75.0,62.0,0,56,0
23.0,77.0,20.0,0,20,0
20.0,44.0,36.0,0,35,0
35.0,53.0,38.0,0,45,0
22.19,87.4,22.0,1,97,0
39.0,45.0,28.0,0,44,1
38.0,48.0,40.0,0,33,0
31.0,48.0,54.0,0,53,0
26.0,49.0,56.0,0,74,0
24.0,56.0,39.0,0,28,0
22.0,63.0,37.0,0,29,0
36.0,75.0,26.0,0,37,1
21.0,82.0,34.0,1,79,0
36.0,80.0,26.0,0,50,1
36.0,81.0,67.0,1,75,0
39.0,50.0,51.0,0,51,0
26.0,48.0,34.0,0,52,0
21.0,77.0,40.0,0,45,0
29.0,61.0,66.0,0,66,0
24.0,83.0,36.0,1,90,0
22.0,58.0,19.0,0,47,1
29.0,47.0,53.0,0,74,0
39.0,55.0,16.0,0,26,0
22.0,86.0,46.0,1,97,0
26.0,62.0,13.0,0,39,1
24.0,59.0,12.0,0,24,0
40.0,45.0,10.0,0,23,0
37.0,49.0,63.0,0,67,0
34.0,47.0,16.0,0,34,1
28.0,85.0,60.0,1,79,0
33.0,86.0,67.0,0,54,0
22.0,71.0,56.0,0,63,0
27.0,40.0,20.0,0,47,1
31.0,66.0,42.0,0,47,0
30.0,62.0,66.0,0,51,0
21.0,80.0,27.0,1,89,0
32.0,51.0,63.0,0,51,0
26.0,66.0,34.0,0,43,0
31.0,47.0,29.0,0,22,0
34.0,80.0,65.0,1,94,0
22.0,94.0,19.0,1,88,0
34.0,51.0,46.0,0,72,0
35.0,67.0,26.0,0,50,1
25.0,47.0,13.0,0,24,0
29.0,76.0,32.0,0,26,0
22.0,69.0,70.0,0,50,0
31.0,90.0,39.0,0,53,0
33.0,79.0,69.0,0,61,0
21.0,53.0,65.0,0,55,0
37.0,45.0,27.0,0,39,1
37.0,43.0,47.0,0,61,0
29.0,90.0,38.0,1,80,0
31.0,72.0,50.0,0,66,0
36.0,68.0,22.0,0,46,1
29.0,78.0,67.0,0,56,0
22.0,59.0,55.0,0,64,0
39.0,91.0,30.0,0,24,0
23.0,71.0,43.0,0,26,0
24.0,76.0,69.0,0,61,0
36.0,60.0,57.0,0,66,0
39.0,59.0,41.0,0,37,0
31.0,77.0,46.0,0,75,0
36.0,62.0,29.0,0,24,0
29.0,71.0,32.0,0,28,0
21.0,94.0,65.0,1,96,0
24.0,58.0,31.0,0,38,1
25.0,42.0,14.0,0,28,0
30.0,50.0,40.0,0,47,0
34.0,40.0,35.0,0,22,0
25.0,73.0,10.0,0,29,0
35.0,54.0,11.0,0,28,0
26.0,46.0,18.0,0,22,0
38.0,67.0,10.0,0,24,0
37.0,56.0,39.0,0,26,0
27.0,88.0,16.0,1,75,0
39.0,85.0,36.0,0,48,0
25.0,84.0,20.0,0,22,0
37.0,41.0,64.0,0,57,0
32.0,45.0,15.0,0,31,1
39.0,60.0,27.0,0,29,0
34.71,83.44,31.72,0,46,0
20.0,94.0,61.0,1,83,0
38.0,73.0,37.0,0,22,0
30.12,79.08,37.96,0,49,0
31.0,87.0,46.0,0,69,0
21.0,49.0,60.0,0,58,0
33.0,75.0,47.0,0,65,0
31.0,93.0,35.0,0,28,0
33.0,66.0,38.0,0,47,0
27.0,94.0,13.0,1,94,0
24.0,56.0,35.0,0,41,0
27.0,65.0,39.0,0,30,0
33.46,76.35,20.12,0,43,1
21.0,50.0,26.0,0,53,1
38.0,74.0,55.0,0,57,0
22.0,72.0,27.0,0,24,0
30.0,77.0,11.0,0,26,0
34.0,51.0,63.0,0,70,0
29.0,83.0,19.0,1,85,0
32.0,83.0,56.0,0,56,0
37.0,62.0,53.0,0,55,0
32.0,91.0,40.0,0,42,0
24.0,84.0,27.0,0,33,0
21.0,84.0,33.0,1,78,0
39.0,88.0,20.0,0,21,0
20.0,91.0,43.0,1,78,0
29.0,41.0,26.0,0,49,1
30.0,59.0,67.0,0,78,0
27.0,73.0,21.0,0,26,0
31.0,68.0,52.0,0,66,0
24.0,46.0,66.0,0,75,0
24.0,76.0,52.0,0,77,0
34.0,77.0,22.0,0,48,1
36.0,89.0,39.0,0,23,0
29.0,65.0,28.0,0,22,0
21.0,54.0,19.0,0,34,0
21.0,77.0,40.0,0,38,0
27.0,54.0,63.0,0,78,0
22.0,55.0,11.0,0,47,1
21.0,80.0,60.0,1,84,0
40.0,46.0,42.0,0,24,0
28.0,40.0,20.0,0,22,0
29.0,67.0,68.0,0,67,0
21.0,50.0,54.0,0,72,0
31.0,51.0,64.0,0,66,0
36.0,56.0,53.0,0,77,0
23.0,63.0,32.0,0,38,1
31.0,45.0,37.0,0,50,0
35.0,43.0,54.0,0,75,0
24.0,62.0,55.0,0,69,0
34.0,60.0,25.0,0,41,1
27.0,65.0,60.0,0,62,0
27.0,87.0,59.0,1,82,0
37.0,40.0,39.0,0,49,0
38.0,43.0,31.0,0,41,0
28.0,81.0,15.0,0,30,0
38.0,52.0,48.0,0,61,0
37.0,63.0,46.0,0,73,0
26.0,83.0,47.0,0,68,0
36.0,69.0,55.0,0,79,0
39.0,63.0,34.0,0,23,0
33.0,54.0,69.0,0,61,0
28.0,93.0,36.0,1,83,0
32.0,62.0,17.0,0,37,1
35.0,73.0,11.0,0,22,0
32.0,81.0,48.0,0,74,0
27.0,49.0,47.0,0,64,0
21.0,79.0,62.0,0,60,0
31.0,75.0,21.0,0,32,1
30.0,63.0,69.0,0,72,0
21.0,92.0,66.0,1,82,0
34.0,79.0,12.0,0,48,1
24.0,72.0,17.0,0,24,0
22.0,87.0,34.0,1,77,0
25.0,64.0,13.0,0,28,0
30.0,80.0,37.0,1,85,0
36.0,54.0,66.0,0,66,0
22.0,73.0,44.0,0,27,0
27.0,62.0,62.0,0,59,0
35.0,77.0,15.0,0,41,1
23.0,74.0,69.0,0,65,0
36.0,93.0,41.0,0,34,0
30.0,76.0,46.0,0,64,0
26.0,71.0,13.0,0,39,1
36.0,51.0,69.0,0,69,0
36.0,43.0,53.0,0,62,0
26.0,84.0,11.0,1,75,0
27.0,94.0,18.0,1,89,0
26.0,59.0,17.0,0,28,0
39.0,51.0,25.0,0,35,1
29.0,82.0,68.0,1,71,0
27.0,54.0,27.0,0,39,1
33.0,87.0,48.0,0,70,0
30.0,40.0,34.0,0,43,0
23.0,41.0,49.0,0,67,0
39.0,55.0,16.0,0,33,0
23.0,60.0,56.0,0,61,0
25.0,52.0,31.0,0,43,0
25.0,41.0,36.0,0,51,0
37.0,54.0,45.0,0,66,0
30.0,80.0,48.0,1,91,0
28.0,93.0,19.0,1,91,0
21.0,47.0,30.0,0,21,0
26.0,57.0,20.0,0,20,0
26.0,54.0,16.0,0,25,0
38.0,70.0,35.0,0,29,0
30.0,84.0,30.0,0,35,1
20.0,83.0,27.0,0,39,1
25.0,44.0,14.0,0,42,1
34.0,79.0,47.0,1,84,0
33.0,79.0,38.0,0,26,0
24.0,71.0,42.0,0,20,0
29.0,67.0,20.0,0,33,1
38.0,59.0,41.0,0,26,0
24.0,68.0,28.0,0,29,0
21.0,42.0,46.0,0,60,0
32.83,75.96,30.84,0,49,0
40.0,60.0,49.0,0,72,0
27.0,53.0,13.0,0,39,1
28.0,85.0,67.0,1,86,0
34.0,40.0,50.0,0,65,0
38.0,75.0,26.0,0,28,0
26.0,79.0,37.0,0,22,0
30.0,63.0,44.0,0,42,0
38.0,46.0,68.0,0,52,0
36.0,86.0,21.0,0,49,1
22.0,57.0,14.0,0,33,0
23.0,75.0,62.0,0,64,0
35.0,93.0,31.0,0,29,0
24.0,79.0,18.0,0,21,0
23.0,77.0,20.0,0,52,1
34.0,91.0,17.0,0,21,0
33.0,90.0,40.0,0,23,0
29.0,65.0,57.0,0,68,0
31.0,81.0,49.0,0,50,0
29.0,94.0,15.0,1,77,0
27.0,48.0,35.0,0,21,0
35.0,94.0,15.0,0,47,1
28.0,77.0,56.0,0,61,0
26.0,72.0,10.0,0,24,0
33.0,66.0,34.0,0,32,0
20.0,63.0,23.0,0,23,0
32.0,55.0,53.0,0,56,0
33.86,55.73,19.37,0,30,0
27.0,57.0,21.0,0,42,1
25.0,87.0,33.0,1,82,0
23.0,55.0,49.0,0,65,0
24.0,94.0,11.0,1,99,0
34.0,53.0,65.0,0,56,0
37.0,70.0,39.0,0,39,0
36.0,86.0,18.0,0,29,0
37.0,58.0,31.0,0,24,0
20.0,47.0,34.0,0,33,0
40.0,61.0,30.0,0,25,0
20.0,46.0,10.0,0,51,1
24.0,71.0,31.0,0,43,0
27.0,42.0,37.0,0,48,0
32.0,77.0,54.0,0,72,0
36.0,59.0,37.0,0,43,0
31.0,74.0,61.0,0,75,0
33.0,87.0,70.0,0,76,0
22.0,80.0,22.0,1,90,0
37.0,71.0,56.0,0,71,0
29.0,74.0,34.0,0,22,0
32.0,66.0,61.0,0,67,0
25.0,46.0,28.0,0,20,0
20.0,40.0,62.0,0,55,0
24.0,80.0,45.0,1,96,0
22.0,83.0,12.0,1,73,0
35.0,45.0,60.0,0,56,0
31.0,59.0,53.0,0,76,0
37.0,53.0,27.0,0,21,0
36.0,42.0,54.0,0,63,0
20.0,56.0,33.0,0,48,0
37.0,85.0,33.0,0,27,0
23.0,79.0,60.0,1,87,0
21.0,88.0,15.0,1,88,0
22.0,90.0,11.0,1,92,0
37.0,68.0,57.0,0,58,0
36.0,76.0,11.0,0,33,0
40.0,92.0,62.0,0,76,0
30.0,94.0,32.0,1,96,0
34.0,79.0,42.0,0,39,0
33.0,70.0,64.0,0,65,0
33.0,65.0,37.0,0,42,0
23.0,93.0,32.0,1,94,0
21.0,53.0,45.0,0,50,0
23.0,69.0,64.0,0,66,0
21.49,84.2,32.14,1,86,0
22.0,40.0,42.0,0,27,0
35.0,59.0,24.0,0,20,0
33.0,78.0,36.0,0,46,0
36.0,65.0,26.0,0,42,1
22.0,62.0,41.0,0,35,0
35.0,94.0,26.0,0,38,1
24.0,55.0,49.0,0,59,0
33.91,60.91,14.93,0,23,0
27.0,64.0,48.0,0,64,0
27.0,85.0,65.0,1,70,0
25.0,47.0,45.0,0,74,0
21.0,57.0,65.0,0,51,0
37.0,86.0,35.0,0,20,0
33.0,65.0,60.0,0,54,0
22.0,83.0,22.0,0,28,0
22.0,53.0,58.0,0,62,0
27.0,41.0,60.0,0,65,0
32.0,67.0,67.0,0,69,0
21.0,54.0,53.0,0,63,0
27.0,59.0,58.0,0,50,0
28.0,41.0,46.0,0,50,0
40.0,84.0,50.0,0,59,0
21.0,61.0,41.0,0,35,0
23.0,56.0,44.0,0,30,0
35.0,88.0,12.0,0,29,0
21.0,61.0,23.0,0,43,1
27.0,51.0,43.0,0,20,0
37.0,50.0,40.0,0,47,0
30.0,65.0,26.0,0,43,1
21.0,93.0,36.0,1,75,0
23.0,74.0,26.0,0,53,1
21.0,74.0,27.0,0,33,0
38.0,48.0,57.0,0,68,0
32.0,57.0,50.0,0,75,0
30.0,55.0,42.0,0,48,0
38.0,88.0,61.0,0,73,0
27.0,51.0,50.0,0,55,0
39.0,90.0,17.0,0,33,1
34.0,52.0,48.0,0,54,0
28.0,68.0,35.0,0,42,0
25.58,51.13,16.25,0,49,1
20.58,87.07,26.95,1,79,0
35.0,55.0,56.0,0,55,0
32.0,78.0,37.0,0,43,0
30.0,52.0,18.0,0,23,0
38.0,52.0,68.0,0,75,0
21.0,83.0,15.0,1,79,0
23.0,48.0,47.0,0,65,0
39.0,44.0,47.0,0,79,0
24.0,41.0,64.0,0,75,0
25.0,40.0,40.0,0,23,0
33.0,57.0,17.0,0,46,1
30.0,66.0,45.0,0,50,0
24.0,73.0,51.0,0,50,0
33.0,65.0,60.0,0,54,0
39.0,51.0,41.0,0,52,0
39.0,84.0,49.0,1,95,0
21.0,82.0,68.0,1,97,0
28.0,42.0,68.0,0,77,0
20.0,91.0,39.0,1,76,0
40.0,40.0,12.0,0,24,0
36.0,85.0,62.0,0,52,0
39.0,44.0,21.0,0,35,1
32.0,95.0,57.0,0,78,0
27.0,88.0,44.0,1,98,0
21.0,60.0,39.0,0,20,0
32.0,86.0,59.0,0,63,0
20.0,79.0,17.0,1,79,0
25.0,84.0,50.0,1,99,0
35.0,57.0,32.0,0,40,0
22.63,86.09,11.31,1,86,0
37.0,76.0,49.0,0,56,0
37.0,60.0,29.0,0,29,0
22.0,81.0,10.0,1,78,0
27.0,60.0,31.0,0,37,0
25.0,61.0,43.0,0,38,0
26.28,71.14,10.28,0,27,0
20.0,87.0,28.0,1,95,1
36.0,40.0,48.0,0,78,0
36.0,90.0,64.0,0,62,0
20.0,85.0,25.0,1,96,0
30.0,45.0,10.0,0,31,0
40.0,57.0,59.0,0,65,0
30.0,49.0,18.0,0,33,1
34.0,59.0,69.0,0,67,0
23.0,61.0,33.0,0,27,0
27.0,46.0,39.0,0,26,0
28.0,40.0,67.0,0,52,0
36.0,70.0,34.0,0,42,0
33.0,60.0,19.0,0,35,1
33.0,44.0,27.0,0,38,1
24.0,48.0,27.0,0,43,1
32.0,62.0,23.0,0,48,1
28.0,56.0,63.0,0,50,0
27.0,72.0,34.0,0,43,0
30.0,72.0,29.0,0,44,1
35.0,69.0,13.0,0,27,0
36.0,93.0,45.0,0,50,0
23.3,70.89,38.82,0,40,0
22.0,51.0,35.0,0,38,0
38.0,72.0,13.0,0,22,0
29.0,58.0,12.0,0,43,1
26.0,60.0,18.0,0,26,0
37.0,57.0,66.0,0,56,0
24.0,40.0,13.0,0,31,1
33.0,45.0,47.0,0,51,0
32.0,82.0,58.0,0,71,0
28.0,71.0,35.0,0,33,0
27.0,48.0,64.0,0,54,0
22.0,52.0,56.0,0,51,0
33.0,50.0,64.0,0,60,0
26.15,57.21,19.09,0,32,1
30.0,56.0,17.0,0,46,1
20.0,45.0,68.0,0,76,0
20.93,45.96,19.06,0,45,1
34.0,85.0,43.0,0,39,0
31.0,87.0,59.0,0,62,0
30.0,66.0,70.0,0,63,0
29.0,61.0,38.0,0,28,0
26.0,55.0,59.0,0,52,0
32.0,61.0,28.0,0,53,0
29.0,77.0,31.0,0,45,0
34.0,44.0,69.0,0,73,0
31.0,70.0,62.0,0,72,0
33.0,67.0,58.0,0,67,0
35.0,51.0,40.0,0,43,0
29.0,87.0,29.0,1,74,0
24.0,63.0,47.0,0,51,0
24.0,55.0,24.0,0,47,1
24.0,65.0,18.0,0,54,1
37.0,66.0,65.0,0,74,0
38.0,61.0,56.0,0,53,0
30.0,72.0,15.0,0,34,0
26.0,86.0,15.0,1,74,0
20.0,83.0,41.0,0,21,0
27.0,89.0,56.0,1,81,0
32.0,66.0,49.0,0,67,0
22.0,72.0,33.0,0,38,0
30.0,60.0,13.0,0,37,1
31.0,75.0,24.0,0,42,1
36.0,84.0,11.0,1,81,0
35.0,95.0,11.0,0,39,1
21.0,66.0,40.0,0,51,0
34.0,65.0,51.0,0,77,0
28.0,78.0,10.0,0,22,0
36.0,64.0,66.0,0,77,0
31.0,73.0,44.0,0,20,0
24.0,74.0,70.0,0,77,0
31.0,66.0,31.0,0,44,0
36.0,91.0,51.0,0,55,0
39.0,62.0,39.0,0,49,0
23.0,46.0,41.0,0,35,0
34.0,51.0,14.0,0,24,0
26.22,71.09,17.92,0,44,1
40.0,62.0,47.0,0,61,0
32.0,50.0,15.0,0,48,1
38.0,53.0,68.0,0,68,0
32.0,92.0,66.0,0,56,0
23.0,50.0,64.0,0,75,0
25.0,51.0,11.0,0,26,0
20.0,66.0,16.0,0,25,0
21.0,84.0,22.0,1,88,0
20.0,62.0,34.0,0,43,0
31.0,85.0,70.0,0,53,0
36.0,59.0,16.0,0,26,0
34.0,52.0,48.0,0,54,0
30.0,54.0,15.0,0,39,1
20.0,47.0,33.0,0,39,0
23.0,50.0,64.0,0,75,0
28.0,74.0,67.0,0,62,0
27.39,56.4,33.62,0,22,0
20.0,92.0,48.0,1,89,0
33.0,50.0,35.0,0,29,0
39.0,90.0,62.0,0,53,0
27.0,44.0,60.0,0,53,0
25.0,86.0,45.0,1,90,0
31.0,61.0,62.0,0,76,0
22.0,83.0,69.0,1,82,0
20.0,68.0,48.0,0,77,0
25.0,85.0,59.0,1,86,0
20.0,95.0,61.0,1,99,0
29.0,63.0,19.0,0,28,0
35.0,62.0,66.0,0,60,0
30.0,75.0,22.0,0,22,0
39.0,78.0,62.0,0,67,0
35.0,91.0,33.0,0,48,0
36.0,84.0,59.0,0,73,0
36.0,52.0,28.0,0,44,0
37.0,89.0,64.0,0,77,0
32.0,77.0,58.0,0,61,0
28.0,50.0,51.0,0,70,0
31.0,74.0,22.0,0,34,1
31.91,80.69,30.55,0,31,0
31.0,73.0,59.0,0,56,0
35.0,84.0,49.0,1,83,0
34.0,92.0,53.0,0,57,0
22.0,55.0,16.0,0,39,1
39.0,76.0,63.0,0,70,0
25.0,42.0,49.0,0,79,0
34.0,61.0,43.0,0,27,0
20.37,62.6,27.13,0,27,0
26.0,93.0,10.0,1,81,0
20.0,68.0,57.0,0,54,0
27.0,87.0,23.0,1,75,0
30.03,75.46,43.5,0,36,0
31.0,41.0,47.0,0,66,0
31.0,45.0,50.0,0,65,0
21.0,70.0,64.0,0,60,0
21.0,85.0,18.0,1,77,0
31.0,41.0,47.0,0,66,0
37.0,50.0,58.0,0,51,0
27.0,45.0,39.0,0,42,0
24.0,64.0,22.0,0,43,1
36.0,52.0,43.0,0,41,0
23.0,57.0,14.0,0,38,1
35.0,54.0,63.0,0,74,0
40.0,67.0,13.0,0,35,0
29.0,77.0,27.0,0,54,1
39.0,45.0,62.0,0,51,0
21.0,55.0,18.0,0,34,1
31.0,85.0,41.0,0,34,0
35.0,83.0,26.0,0,29,0
21.0,70.0,66.0,0,63,0
31.0,84.0,39.0,0,31,0
24.0,41.0,66.0,0,70,0
33.0,91.0,62.0,0,73,0
32.0,85.0,17.0,0,31,1
33.0,72.0,27.0,0,26,0
23.05,67.0,26.4,0,29,0
37.0,68.0,69.0,0,55,0
27.0,71.0,10.0,0,36,1
35.0,74.0,29.0,0,33,1
28.0,43.0,60.0,0,73,0
25.0,57.0,59.0,0,54,0
34.0,66.0,59.0,0,69,0
24.0,71.0,42.0,0,20,0
29.0,59.0,24.0,0,48,1
24.0,86.0,58.0,1,88,0
40.0,62.0,18.0,0,38,1
21.0,76.0,10.0,0,23,0
39.0,49.0,32.0,0,28,0
33.0,80.0,24.0,0,44,1
21.0,50.0,43.0,0,52,0
27.0,94.0,18.0,1,84,0
28.0,88.0,42.0,1,78,0
27.0,42.0,12.0,0,26,0
28.0,85.0,59.0,1,91,0
30.0,68.0,65.0,0,53,0
26.0,42.0,67.0,0,67,0
22.0,83.0,57.0,1,97,0
30.0,46.0,62.0,0,73,0
38.0,92.0,10.0,0,43,1
26.0,70.0,21.0,0,24,0
21.06,64.58,10.71,0,20,0
26.0,95.0,32.0,1,86,0
39.0,85.0,17.0,0,24,0
22.0,70.0,24.0,0,35,1
40.0,40.0,46.0,0,62,0
25.0,63.0,14.0,0,53,1
28.0,47.0,53.0,0,75,0
34.0,43.0,65.0,0,53,0
29.0,70.0,63.0,0,75,0
24.0,69.0,10.0,0,41,1
22.86,76.49,17.9,0,21,0
21.0,48.0,56.0,0,51,0
26.0,55.0,28.0,0,26,0
29.0,44.0,59.0,0,70,0
36.0,70.0,38.0,0,24,0
20.0,63.0,61.0,0,60,0
27.0,79.0,68.0,0,62,0
22.0,93.0,17.0,1,98,0
29.0,60.0,25.0,0,31,0
26.0,48.0,62.0,0,67,0
38.0,65.0,61.0,0,75,0
22.0,46.0,36.0,0,47,0
27.0,50.0,50.0,0,54,0
27.0,78.0,22.0,0,26,0
33.0,59.0,69.0,0,56,0
28.2,63.45,16.87,0,49,1
30.0,59.0,25.0,0,23,0
22.0,91.0,19.0,1,98,0
34.0,75.0,22.0,0,46,1
27.14,45.73,36.84,0,20,0
34.0,89.0,13.0,0,38,1
39.0,95.0,24.0,0,48,1
39.0,53.0,53.0,0,74,0
21.0,87.0,13.0,1,75,0
39.0,63.0,45.0,0,51,0
34.0,85.0,61.0,0,64,0
34.0,69.0,35.0,0,29,0
35.0,86.0,26.0,0,27,0
21.0,70.0,34.0,0,23,0
24.0,77.0,58.0,0,50,0
34.0,65.0,39.0,0,44,0
40.0,44.0,13.0,0,41,1
21.0,44.0,64.0,0,59,0
38.0,74.0,38.0,0,20,0
25.0,67.0,34.0,0,51,0
39.0,82.0,35.0,1,88,0
24.58,59.91,31.11,0,32,0
34.0,53.0,28.0,0,24,0
37.0,40.0,44.0,0,50,0
23.0,47.0,54.0,0,59,0
21.0,84.0,14.0,1,97,0
24.0,80.0,67.0,1,91,0
23.0,61.0,51.0,0,75,0
26.0,66.0,30.0,0,47,1
37.0,66.0,51.0,0,55,0
40.0,47.0,34.0,0,51,0
33.56,79.34,34.53,0,29,0
38.0,43.0,23.0,0,35,1
23.0,68.0,53.0,0,51,0
23.0,66.0,20.0,0,24,0
26.0,70.0,41.0,0,28,0
20.0,94.0,67.0,1,76,0
22.0,92.0,62.0,1,83,0
27.0,86.0,30.0,1,99,0
38.0,58.0,64.0,0,72,0
32.0,95.0,11.0,0,43,1
33.0,68.0,44.0,0,34,0
33.0,95.0,48.0,0,74,0
35.0,84.0,68.0,1,90,0
36.0,42.0,38.0,0,41,0
22.0,90.0,59.0,1,84,0
26.0,92.0,65.0,1,79,0
28.0,66.0,69.0,0,58,0
32.0,65.0,31.0,0,40,0
21.0,78.0,68.0,0,74,0
28.0,95.0,12.0,1,83,0
34.0,54.0,70.0,0,65,0
25.0,40.0,31.0,0,21,0
39.0,59.0,69.0,0,53,0
25.0,66.0,27.0,0,43,1
29.0,90.0,20.0,1,76,0
25.0,65.0,11.0,0,32,0
24.0,50.0,65.0,0,68,0
28.0,61.0,43.0,0,33,0
33.0,83.0,51.0,0,79,0
33.0,93.0,19.0,0,35,1
25.0,67.0,11.0,0,25,0
21.0,73.0,35.0,0,50,0
33.0,63.0,12.0,0,34,1
32.0,61.0,66.0,0,69,0
24.0,86.0,40.0,1,77,0
35.0,69.0,43.0,0,20,0
26.0,43.0,48.0,0,54,0
30.0,63.0,12.0,0,49,1
30.0,55.0,58.0,0,68,0
23.0,60.0,65.0,0,63,0
20.0,64.0,26.0,0,20,0
35.0,78.0,22.0,0,24,0
23.0,89.0,27.0,1,79,0
36.0,88.0,11.0,0,21,0
24.0,42.0,60.0,0,50,0
35.0,78.0,39.0,0,32,0
24.0,69.0,60.0,0,59,0
39.0,69.0,42.0,0,44,0
28.57,62.03,41.64,0,26,0
28.0,83.0,31.0,1,91,0
34.0,94.0,25.0,0,49,1
26.0,71.0,35.0,0,36,0
33.0,92.0,42.0,0,44,0
28.0,51.0,53.0,0,55,0
40.0,59.0,35.0,0,23,0
24.0,92.0,46.0,1,84,0
22.0,71.0,44.0,0,32,0
36.0,45.0,49.0,0,61,0
25.0,83.0,52.0,0,51,0
