K,N,P,soil_moisture,humidity,ph,rainfall,temperature,label
43,90,42,56.3,82.00274423,6.502985292,202.9355362,20.87974371,rice
41,85,58,48.83,80.31964408,7.038096361,226.6555374,21.77046169,rice
44,60,55,11.1,82.3207629,7.840207144,263.9642476,23.00445915,rice
40,74,35,61.89,80.15836264,6.980400905,242.8640342,26.49109635,rice
42,78,42,18.79,81.60487287,7.628472891,262.7173405,20.13017482,rice
42,69,37,31.97,83.37011772,7.073453503,251.0549998,23.05804872,rice
38,69,55,27.06,82.63941394,5.70080568,271.3248604,22.70883798,rice
40,94,53,51.65,82.89408619,5.718627178,241.9741949,20.27774362,rice
38,89,54,23.92,83.5352163,6.685346424,230.4462359,24.51588066,rice
38,68,58,42.58,83.03322691,6.336253525,221.2091958,23.22397386,rice
40,91,53,40.06,81.41753846,5.386167788,264.6148697,26.52723513,rice
42,90,46,27.48,81.45061596,7.50283396,250.0832336,23.97898217,rice
44,78,58,14.17,80.88684822,5.108681786,284.4364567,26.80079604,rice
36,93,56,18.43,82.05687182,6.98435366,185.2773389,24.01497622,rice
37,94,50,20.99,80.66385045,6.94801983,209.5869708,25.66585205,rice
39,60,48,58.87,80.30025587,7.042299069,231.0863347,24.28209415,rice
41,85,38,64.28,82.7883708,6.249050656,276.6552459,21.58711777,rice
39,91,35,54.23,80.41817957,6.970859754,206.2611855,23.79391957,rice
36,77,38,44.29,80.1923008,5.953933276,224.5550169,21.8652524,rice
40,88,35,13.97,83.58760316,5.85393208,291.2986618,23.57943626,rice
36,89,45,59.26,80.47476396,6.442475375,185.4974732,21.32504158,rice
43,76,40,18.63,83.11713476,5.070175667,231.3843163,25.15745531,rice
41,67,59,33.03,80.97384195,6.012632591,213.3560921,21.94766735,rice
43,83,41,53.53,82.67839517,6.254028451,233.1075816,21.0525355,rice
37,98,47,37.08,81.33265073,7.375482851,224.0581164,23.48381344,rice
41,66,53,36.99,80.52389148,7.778915154,257.0038865,25.0756354,rice
43,97,59,46.68,84.04403589,6.286500176,271.3586137,26.35927159,rice
41,97,50,48.42,80.54498576,7.070959995,260.2634026,24.52922681,rice
44,60,49,38.95,84.49774397,6.244841491,240.0810647,20.77576147,rice
35,84,51,28.24,80.64416466,6.043304899,197.9791215,22.30157427,rice
41,73,57,64.93,84.94375962,5.824709117,272.2017204,21.44653958,rice
40,92,35,58.73,80.33127223,6.357389366,200.0882787,22.17931888,rice
39,85,37,42.76,82.73685569,6.364134968,224.6757231,24.52783742,rice
38,98,53,43.02,81.63895217,5.01450727,270.4417274,20.26707606,rice
44,88,54,61.4,83.88266234,6.149410611,233.1321372,25.7354293,rice
42,95,55,20.17,82.1480873,5.950660556,193.3473987,26.79533926,rice
35,99,57,45.16,81.17734011,5.960370061,272.2999056,26.75754171,rice
36,95,39,14.45,83.15250801,5.561398642,285.2493645,23.86330467,rice
44,60,43,55.26,82.95221726,7.416245107,298.4018471,21.01944696,rice
41,63,44,9.49,83.7287574,5.583370042,257.0343554,24.17298839,rice
36,62,42,53.17,82.06719137,6.430010215,248.7183228,22.78133816,rice
43,64,45,30.51,83.52842314,5.534878156,209.9001977,25.62980105,rice
36,83,60,34.66,80.14509262,6.903985986,200.834898,25.59704938,rice
40,82,40,37.31,84.81360127,6.271478838,298.5601175,23.83067496,rice
45,85,52,12.8,82.36698992,7.224285503,265.5355937,26.31355498,rice
38,91,35,49.84,80.52586088,6.13428721,183.6793207,24.8972823,rice
42,76,49,34.9,84.47963372,5.206373153,196.9560008,24.958779,rice
38,74,39,61.22,84.59201843,7.782051313,233.0453455,23.24113501,rice
39,79,43,18.04,80.70960551,7.062779015,210.8142087,21.66628296,rice
45,88,55,12.38,80.41363018,7.730367824,253.7202781,24.63544858,rice
43,60,36,34.41,83.06310136,5.286203711,219.9048349,23.43121862,rice
39,76,60,46.9,80.3477562,6.766240045,208.5810155,20.0454142,rice
42,93,56,49.32,82.22572988,7.382762603,195.0948311,23.85724032,rice
43,65,60,39.49,81.89918197,5.658169482,227.3637009,21.97199397,rice
36,95,52,18.83,83.83625819,5.543360238,286.5083725,26.22916897,rice
39,75,38,47.75,84.79352417,6.215109715,283.9338466,23.44676801,rice
38,74,54,53.1,83.47021081,7.120272972,217.3788583,25.65553461,rice
45,91,36,42.74,82.45432595,5.950647577,267.9761948,24.44345477,rice
40,71,46,33.01,82.1235421,7.236705436,191.9535738,20.2801937,rice
35,99,55,25.23,80.2389895,6.501697816,277.9626192,21.7238313,rice
38,72,40,19.37,82.20802629,7.592490617,245.1511304,20.41447029,rice
45,83,58,40.61,83.51827127,5.875345751,245.6626799,25.75528612,rice
38,93,58,29.07,83.77345559,6.932400225,279.5451717,20.61521424,rice
42,70,36,50.45,80.72886384,6.946209881,202.3838319,21.84106875,rice
42,76,47,59.73,83.29114712,5.739175027,263.6372176,20.08369642,rice
36,99,41,13.44,82.74835604,6.738652179,182.5616319,24.45802087,rice
37,99,54,16.66,80.33502926,5.594819626,198.6730942,21.14347496,rice
35,86,59,54.85,82.11124033,6.946636369,243.5120414,25.78720567,rice
41,69,46,12.12,80.28597873,5.012139669,263.1103304,23.64124821,rice
37,91,56,22.71,80.56887849,6.363472208,269.5039162,23.43191632,rice
41,61,52,42.1,83.891805,6.880431223,204.8001847,24.97669518,rice
38,67,45,20.43,82.1706881,7.300410836,260.8875056,22.72791041,rice
37,79,42,54.92,82.84022551,6.587918708,295.6094492,24.87300744,rice
42,78,43,36.99,83.00320459,7.283736617,192.3197536,21.32376327,rice
36,75,54,49.92,84.56919326,7.023936392,257.4914906,26.29465461,rice
45,97,36,14.76,81.85872947,6.939083505,278.0791793,22.2286982,rice
44,67,47,29.66,81.78596776,7.868474653,280.4044392,26.73072391,rice
38,73,35,55.76,81.97927117,5.005306977,185.9461429,24.88921174,rice
37,77,36,62.95,81.46033732,6.136131869,194.5766559,26.88444878,rice
38,81,41,39.53,83.72874389,7.524080076,200.9133156,22.67846116,rice
43,68,57,52.65,80.37979919,5.706943251,182.9043504,26.08867875,rice
35,72,45,47.97,82.94682591,5.758506323,195.3574542,25.42977518,rice
43,61,53,26.65,81.05635517,6.349606327,223.3671883,26.40323239,rice
39,67,43,44.46,84.96907151,5.999969026,186.7536773,26.04371967,rice
39,67,58,21.47,80.54372813,5.453592032,220.1156708,25.2827223,rice
38,66,60,54.47,83.47038318,6.372576327,231.7364957,22.08576562,rice
38,82,43,29.2,81.43321641,5.105588355,242.3170629,23.28617173,rice
44,84,50,27.87,81.40633547,5.935344406,182.6549356,25.48591986,rice
42,81,53,61.26,81.03569343,5.17782304,233.7034975,23.67575393,rice
40,91,50,29.57,84.1341879,6.462391607,230.2242223,20.82477109,rice
38,93,53,26.27,81.91411159,7.069172227,290.6793783,26.92995077,rice
38,90,44,37.82,83.88387074,7.473134377,241.2013513,23.83509503,rice
35,81,45,32.81,80.12267476,6.158376967,218.9163567,26.52872817,rice
38,78,40,42.88,83.85642678,7.549873681,248.2256491,26.46428311,rice
36,60,51,27.2,82.81088865,6.028321558,256.9964761,22.69657794,rice
42,88,46,18.19,83.46358271,6.604993475,194.2651719,22.68319059,rice
37,93,47,48.69,82.14004101,6.500343222,295.9248796,21.53346343,rice
45,60,55,20.14,83.3293191,5.935745417,287.5766935,21.40865769,rice
44,78,35,23.05,84.67353597,7.072655622,183.6222657,26.54348085,rice
40,65,37,46.85,83.59512273,5.333322606,188.413665,23.35905428,rice
16,71,54,44.92,63.69070564,5.749914421,87.75953857,22.61359953,maize
17,61,44,17.85,71.57476937,6.931756558,102.2662445,26.10018422,maize
16,80,43,59.7,71.59351368,6.657964753,66.71995467,23.55882094,maize
21,73,58,22.49,57.68272924,6.596060648,60.65171481,19.97215954,maize
20,61,38,36.0,62.69503871,5.970458434,65.43835393,18.47891261,maize
16,68,41,31.34,57.80840636,6.158830619,102.0861694,21.77689322,maize
17,93,41,56.34,66.50415474,6.047906679,105.4654703,25.6217169,maize
19,89,60,41.69,66.6902901,5.913664501,78.06639649,25.19192419,maize
17,76,44,52.68,62.5542482,5.855442401,65.27798457,20.41683147,maize
25,67,60,38.38,66.78627406,5.750254943,109.2162279,24.92162194,maize
19,70,44,59.56,73.4541537,5.852607099,94.29712821,23.31689124,maize
21,90,49,30.93,68.3584573,6.472523287,74.05474936,24.84016732,maize
16,62,52,63.09,58.84015925,6.967057762,63.87020584,22.27526694,maize
16,92,44,43.62,65.76816093,6.082973754,94.76189431,18.87751445,maize
21,66,54,63.59,60.2001687,5.919045532,72.12375573,25.19008683,maize
22,63,58,38.93,55.28220433,6.204747653,63.72358154,18.25405352,maize
17,70,47,36.03,70.4162444,6.600827017,104.1626147,24.6129118,maize
17,61,41,61.44,65.26185135,6.021902237,76.68456006,25.1420613,maize
19,66,53,27.14,60.1159381,6.033550195,65.49730729,23.09348056,maize
19,74,55,38.24,62.89366992,6.28886807,84.23613484,18.05033737,maize
21,77,57,44.74,73.80435276,6.550563823,79.74078719,24.9321581,maize
15,99,50,45.63,71.09445342,5.573286437,88.07753741,18.14710054,maize
22,74,56,50.12,66.65952796,6.829199275,80.97573281,18.28362235,maize
21,83,45,12.43,58.75082029,5.716222912,79.7532896,18.83344471,maize
16,100,48,51.47,67.22190688,5.54990242,74.51490791,25.71895816,maize
16,79,51,31.29,68.49835977,6.586244581,96.46380213,25.33797709,maize
18,94,39,48.0,57.48775781,5.893093135,102.8301942,23.89114571,maize
15,75,49,37.52,71.50905983,5.918263801,102.4852929,21.53574127,maize
22,78,48,39.42,63.10459626,5.588650585,70.43473609,23.08974909,maize
20,87,54,38.28,63.4711755,6.576418207,108.8303762,25.61707368,maize
25,87,35,58.31,63.1621551,6.178056304,65.88951188,21.44526922,maize
19,63,43,38.01,55.53128131,6.641906353,90.988051,18.51816776,maize
25,84,57,16.96,67.99257471,6.489040367,64.40866039,22.53510514,maize
23,64,35,56.24,61.89472002,5.680361038,63.03843397,23.02038334,maize
22,60,46,63.9,65.61418761,6.625404348,87.9298085,24.89364635,maize
21,98,44,41.86,74.089114,6.524478032,107.4931917,25.77175115,maize
18,75,56,58.77,62.35750641,5.696205468,60.95197486,19.39851734,maize
21,86,55,47.34,59.64024162,6.803931519,109.7515385,21.54156232,maize
18,98,35,21.7,74.82913698,6.252797548,91.76337172,23.79746068,maize
18,76,57,39.08,74.52600826,6.092725883,94.26249353,18.9802729,maize
17,99,56,64.95,73.13112261,6.234330356,71.07562236,24.10859207,maize
23,60,44,23.89,70.04556743,5.722579819,76.72860067,24.7947077,maize
17,74,48,28.4,60.27766379,6.430616465,69.21803098,21.63162756,maize
17,89,60,28.7,57.21025565,5.983952675,101.7004306,25.37548751,maize
23,69,51,30.14,72.85462807,6.80163854,106.6213157,22.21738222,maize
22,96,46,63.69,69.00128641,6.499936446,66.29390357,20.58314011,maize
15,61,60,56.96,68.74248334,6.265564338,91.26056654,24.87502824,maize
18,74,58,60.16,56.35606753,6.727303282,109.024141,20.03728219,maize
23,74,43,38.1,61.89082199,6.325235159,99.57981207,25.95263264,maize
17,63,43,29.03,65.47050802,6.807487794,71.3195307,19.28889933,maize
20,99,36,22.86,65.34583901,6.671085817,78.34604471,20.57981887,maize
23,77,36,14.89,56.73426469,6.648725327,88.45361858,24.71417533,maize
23,87,60,28.42,63.91281869,6.439071996,62.50351892,20.27317074,maize
17,60,38,27.89,64.23580251,6.474476516,76.41312437,18.41932981,maize
17,94,54,57.93,61.74427165,5.871647806,107.3198135,23.39128187,maize
22,95,38,48.87,61.24500053,5.730617109,100.7689246,19.84939404,maize
21,84,44,47.86,61.91044947,5.850439831,107.2681929,21.869274,maize
19,77,58,41.84,56.50768935,5.791649933,101.5952794,22.8056033,maize
20,66,44,38.44,69.02298571,6.740000688,80.72515943,19.0781471,maize
16,63,35,15.38,65.35549924,6.272417541,83.73280082,22.02720976,maize
20,79,45,28.18,59.24537979,5.715208817,89.9622014,23.80546189,maize
25,72,60,20.54,69.0276233,5.773454729,88.10234397,18.52510753,maize
24,67,51,63.74,61.32026065,5.584171461,64.77791424,23.50297882,maize
24,86,36,63.69,72.89187265,5.787268394,73.33636055,26.54986394,maize
18,76,48,25.92,69.63481219,5.77597783,83.21030571,19.29563411,maize
18,75,53,16.02,59.4375337,6.864793607,103.651438,20.68899915,maize
23,81,45,45.12,68.034493,6.192360003,84.22969177,19.32666088,maize
21,73,45,48.45,73.58868502,6.636803223,96.59195302,24.60532218,maize
24,71,35,52.1,59.52193158,5.826426917,67.96704792,22.27373646,maize
22,96,54,40.65,61.33450447,6.960358276,83.20711308,25.70196694,maize
18,99,39,64.97,68.30578978,6.11275104,87.85092352,19.20129357,maize
20,62,48,34.15,60.47470519,6.708446922,95.71388473,21.70181447,maize
16,86,37,45.12,59.21235483,5.561510732,67.61013737,20.51716779,maize
19,94,50,41.7,73.62548442,5.873242491,97.59081274,23.30355338,maize
24,76,39,20.44,55.64709899,6.995843776,64.23845455,24.2547451,maize
17,77,52,54.92,65.7420046,5.714799723,75.82270467,24.86374934,maize
23,74,39,63.44,65.77472881,6.78073637,88.17251033,22.6265115,maize
20,81,49,13.7,60.61494304,5.513697923,104.2321615,18.04185513,maize
21,63,42,42.97,72.33125523,5.798423908,67.10225139,23.26237612,maize
21,99,38,36.02,71.59722446,6.352471866,67.72777298,22.88330922,maize
25,90,52,15.4,69.36385721,6.822586546,103.2234212,25.97482359,maize
19,68,40,51.77,66.20569924,6.655426355,107.2361366,26.14384005,maize
24,60,57,54.77,61.55327249,6.121294041,75.03247667,18.66116213,maize
18,71,52,16.66,55.97732754,5.790770203,78.16077693,25.10787449,maize
17,61,59,12.2,59.24580604,6.47444292,105.0083144,23.33844615,maize
15,88,38,36.45,65.92195844,6.455116637,62.49190812,25.08239719,maize
22,65,60,16.53,72.52054555,6.606984086,107.9124111,25.36768364,maize
22,78,37,28.77,63.31801994,6.330554389,74.52082026,25.34217103,maize
15,78,58,8.88,67.816568,6.528631266,62.91359494,25.00933355,maize
23,92,60,55.11,71.516474,5.721667141,69.93293255,18.66746724,maize
17,79,59,33.72,63.73849998,6.644205485,108.5054416,20.37999665,maize
15,91,55,49.33,72.61024172,6.376651091,78.96159541,18.09300227,maize
18,76,51,32.63,71.96246617,6.247040422,79.84925393,26.16985907,maize
25,87,48,46.87,61.37879671,6.656730008,93.62039175,18.65396672,maize
22,71,60,57.65,59.37147589,6.2048017,85.75692395,26.07470121,maize
24,90,57,33.79,72.80086137,6.158860284,82.34162918,18.92851916,maize
22,67,35,43.28,63.24648023,6.385684214,108.7603001,23.30546753,maize
19,60,54,25.22,62.49878458,6.417820493,70.23401597,18.74826712,maize
23,83,58,56.73,59.66263104,6.381201909,65.50861389,19.74213321,maize
19,83,57,62.08,70.74739256,6.877869005,98.73771338,25.73044432,maize
77,40,72,17.1,16.98861173,7.485996067,88.55123143,17.02498456,chickpea
84,23,72,29.98,17.13159126,6.920251378,79.92698081,19.02061277,chickpea
85,39,58,39.45,15.40589717,5.996932037,68.54932919,17.88776475,chickpea
85,22,72,26.17,15.65809214,6.391173589,88.51048983,18.86805647,chickpea
77,36,67,24.69,19.56381041,7.152811172,79.26357665,18.36952567,chickpea
81,32,73,42.11,15.40312102,5.988992796,92.68373702,20.45078582,chickpea
84,58,70,13.25,16.60820843,6.231049028,74.6631118,20.6543203,chickpea
84,59,70,55.95,18.74926979,7.550808267,82.61734721,17.3348681,chickpea
75,42,62,46.05,18.90426935,7.010570541,81.84997529,18.17912258,chickpea
81,28,74,50.84,18.30968112,8.753795334,81.98568791,18.01272266,chickpea
79,58,66,28.03,19.33470387,8.718192847,93.55280105,20.99373558,chickpea
79,43,66,46.7,15.22538951,7.976607593,74.58565097,19.46233971,chickpea
81,58,63,31.29,14.69765308,6.515499549,78.96514709,19.81344531,chickpea
85,23,62,17.78,19.5161216,8.490127142,80.7108745,18.97424756,chickpea
77,27,62,48.85,14.71070537,6.576415562,70.18185181,18.19737048,chickpea
84,28,72,48.85,19.18197264,6.481783043,71.58010169,18.72963144,chickpea
76,50,56,57.56,19.8601304,7.966605025,73.50734019,20.99502153,chickpea
84,39,71,33.6,16.39535215,8.140825437,82.52339655,20.28155898,chickpea
76,25,78,42.87,15.7559405,7.228963452,66.96980581,17.48042641,chickpea
77,31,70,56.37,14.32313811,6.492546046,90.46228334,20.88818675,chickpea
83,26,80,46.9,16.14565756,7.528599957,71.31007253,17.08498521,chickpea
77,25,68,22.44,15.11279612,7.701446446,85.74904898,20.09340593,chickpea
76,31,78,11.83,14.99927489,8.519975748,89.31050665,17.57212145,chickpea
83,60,68,62.06,18.43475844,6.620900869,85.52950164,19.12065218,chickpea
83,59,62,17.52,19.22008229,8.104396058,72.94940441,18.57665902,chickpea
78,22,67,48.74,14.42457525,6.204090835,72.32667516,17.16606398,chickpea
80,36,65,57.83,16.67921616,6.051091339,74.87445574,18.2872007,chickpea
84,59,60,31.62,18.66725565,7.690962338,94.70992037,19.03025305,chickpea
85,54,77,27.39,17.0662427,7.829211144,83.74606679,17.1418614,chickpea
81,43,68,29.96,17.93253975,6.761599706,78.92060234,17.47809436,chickpea
82,28,76,17.54,14.25803981,6.654425315,83.75937135,20.56601874,chickpea
85,42,79,21.22,15.82069268,6.129533877,76.57580954,17.22385224,chickpea
83,32,60,34.56,19.44225438,8.829273328,91.76071648,19.69141713,chickpea
76,22,78,16.71,19.09172907,8.621662982,76.32470713,17.84851658,chickpea
75,31,79,47.61,16.1074793,8.204862075,89.73119396,18.8202251,chickpea
81,28,58,14.71,16.54314829,6.18042747,93.35034262,17.47500984,chickpea
77,57,58,13.19,17.58406365,7.978996755,81.20176515,18.72649425,chickpea
78,49,55,32.43,16.17772668,7.863113671,81.70769297,18.65580107,chickpea
77,46,76,11.01,19.68538502,6.967843048,83.74879344,18.2356751,chickpea
77,54,61,18.13,15.21618225,6.206582193,77.5429424,18.81198127,chickpea
76,38,60,11.25,17.80852431,8.868741443,77.92798682,18.65054116,chickpea
79,59,55,41.03,16.89574311,8.766128654,82.2545577,20.36720401,chickpea
75,36,76,37.49,16.63805158,8.736337905,70.52056697,18.38120357,chickpea
81,57,68,23.59,17.30457712,8.081095263,72.78624223,17.17012591,chickpea
81,35,66,13.84,15.77458129,6.138243973,85.24819851,19.37101121,chickpea
78,35,64,54.98,14.27327988,7.496645259,85.37378769,17.92845928,chickpea
79,52,60,55.31,18.23490739,8.380185271,75.6317566,19.45339934,chickpea
83,27,76,43.17,14.92241479,6.289614016,89.61857826,19.12829388,chickpea
84,57,60,29.16,17.26184541,6.586777189,75.49101167,19.1034283,chickpea
78,52,68,46.18,16.96070581,6.89655198,86.05078037,17.48504075,chickpea
79,43,79,32.69,18.98030507,7.806747656,80.25064637,19.40751744,chickpea
85,44,74,57.68,19.63719995,7.150681303,78.26039559,20.18649426,chickpea
78,24,55,59.58,15.15405941,6.64919573,75.57790384,17.30287885,chickpea
75,29,77,41.36,15.48083156,7.778591618,72.9446671,17.50361137,chickpea
78,20,60,9.19,14.70085967,6.358740355,90.7760707,18.17234999,chickpea
78,56,67,63.33,16.71826572,8.255450758,77.81891424,17.57445618,chickpea
85,37,66,32.74,18.91295403,6.456148474,78.06910795,20.93175255,chickpea
76,49,71,17.11,17.63879418,6.613072145,85.57925437,19.71098332,chickpea
80,59,69,33.89,17.86754927,8.165359297,69.40619137,19.07937684,chickpea
77,20,79,28.15,16.02542689,7.64867466,76.32565249,18.54988627,chickpea
85,24,56,21.49,17.41333199,6.545888558,80.6405403,18.19903647,chickpea
75,51,72,60.87,14.99451145,7.104224797,80.1113384,18.88852533,chickpea
85,57,73,44.33,14.72115044,7.358099622,91.94595352,18.49311205,chickpea
82,22,64,20.63,17.17260319,6.4740245,87.51312796,19.48974337,chickpea
79,52,73,26.09,18.74943955,7.840339389,94.00287214,17.25769499,chickpea
75,29,75,25.56,18.71483156,7.064790365,88.4585692,19.62416326,chickpea
78,44,59,24.8,19.85388984,7.599033472,84.78344008,20.67526473,chickpea
82,41,69,63.83,16.63294455,6.715587232,68.97806542,20.02381489,chickpea
85,52,56,49.41,14.44228303,6.81712422,88.68168643,20.1187446,chickpea
80,34,76,12.33,15.84572566,7.985417393,65.23811143,20.65691793,chickpea
83,42,74,59.99,14.2804191,7.545258424,65.78042032,19.2582557,chickpea
79,34,71,35.34,15.85622899,7.728998197,74.63872762,17.927806,chickpea
79,27,73,27.39,15.83500655,7.354973451,82.69766829,19.16288268,chickpea
79,30,70,12.05,19.96978871,7.313122235,69.64449182,20.26942271,chickpea
75,57,57,42.45,18.25142068,7.785039076,87.27444866,17.09104223,chickpea
82,27,79,37.33,17.54024066,6.307004923,70.87150577,17.06579293,chickpea
85,32,71,45.59,14.44008871,6.403982316,92.06630306,20.62767492,chickpea
82,31,76,36.63,17.85057083,7.599279991,79.20509212,20.8248451,chickpea
84,33,75,53.18,18.72831993,7.217018459,68.81405149,19.46210401,chickpea
77,47,80,58.96,16.42891834,7.561108006,72.85017344,17.18248372,chickpea
80,54,62,21.8,16.39055394,7.489545074,79.45758333,17.48911699,chickpea
78,47,79,61.11,14.76014523,6.609696734,65.11365631,17.48395377,chickpea
83,35,57,48.72,17.44534641,7.476800943,80.4986291,19.48316794,chickpea
77,53,73,9.04,18.09665739,7.325451279,73.64476535,19.71359733,chickpea
78,45,61,27.81,16.06240074,6.489389282,81.5284269,19.48649305,chickpea
79,37,78,33.93,14.82633099,7.786366322,88.6810311,19.95264829,chickpea
81,30,75,36.5,16.80472243,6.408437886,68.4951189,19.41789736,chickpea
82,37,55,27.43,18.02235902,8.423873703,78.44910564,19.45591848,chickpea
76,53,65,50.33,16.41998269,8.719960893,77.33795356,20.19137759,chickpea
85,22,60,57.91,14.74071856,7.811997977,94.78189594,18.8392908,chickpea
78,60,61,59.66,19.83643308,6.317153205,94.03659867,20.71219282,chickpea
77,42,67,10.4,15.9362937,7.114405288,78.69707199,18.99424448,chickpea
76,39,76,28.59,15.57324389,8.135900726,69.15759062,19.96837462,chickpea
76,35,63,53.36,17.60756635,7.714153038,90.82097601,17.81564548,chickpea
82,30,65,21.67,15.27824066,7.103798069,76.77888672,20.71424384,chickpea
78,57,56,38.64,18.75626255,8.861479668,67.9545435,17.34150229,chickpea
78,48,65,31.79,14.33847406,7.861128148,73.0926704,17.43732714,chickpea
83,36,56,62.31,19.76182946,7.4526709,69.09512477,18.89780215,chickpea
75,40,58,35.08,14.77959596,7.168096055,89.60982451,18.59190771,chickpea
82,49,69,32.35,15.36143547,7.26311855,81.78710463,18.31561493,chickpea
25,13,60,36.79,20.59541693,5.68597166,128.256862,17.13692774,kidneybeans
16,25,70,10.14,18.90705639,5.759237003,106.3598183,19.63474332,kidneybeans
22,31,55,45.69,21.33953114,5.873171894,109.225556,22.91350245,kidneybeans
16,40,64,63.75,24.24045875,5.926676985,140.3717815,16.43340342,kidneybeans
20,2,61,42.75,23.02251117,5.95561668,76.64128258,22.13974653,kidneybeans
22,26,65,44.61,18.77621951,5.949949081,143.0984171,17.84806561,kidneybeans
21,17,57,63.23,20.31564139,5.789214289,60.91974792,19.88394011,kidneybeans
18,26,80,59.2,23.3334788,5.581021521,104.7783947,19.32509638,kidneybeans
17,17,59,22.28,23.42829938,5.689858133,132.9801054,18.4167001,kidneybeans
22,27,59,25.14,23.20591245,5.794158504,130.0608093,21.81167649,kidneybeans
24,28,58,41.36,18.28173015,5.748190463,143.7630894,19.72702528,kidneybeans
19,25,57,37.18,19.87070659,5.566522896,87.99669731,17.15432954,kidneybeans
17,28,80,63.06,18.67170854,5.809419584,144.1567454,19.62207826,kidneybeans
22,25,60,21.79,21.17919701,5.887263027,134.3649948,21.63149148,kidneybeans
23,12,78,11.27,18.72479695,5.99812453,88.06638775,16.06522754,kidneybeans
25,6,77,50.28,24.36314135,5.792744849,69.63833855,20.61162204,kidneybeans
17,22,79,60.73,20.39659714,5.912289889,116.5206923,21.42451099,kidneybeans
15,27,80,29.73,21.21092266,5.788386951,86.21917578,19.07096165,kidneybeans
23,10,55,42.05,19.63438599,5.728233081,137.1948633,21.18853178,kidneybeans
20,23,65,11.5,22.42610972,5.833940084,108.3684316,23.0429097,kidneybeans
16,19,78,14.6,23.10538637,5.967533236,67.71768947,20.65375833,kidneybeans
25,19,65,13.4,18.29318436,5.625096446,144.7902323,18.09551014,kidneybeans
19,22,70,61.23,21.07643273,5.515615023,69.44951585,18.23775702,kidneybeans
22,37,64,35.57,18.8251973,5.954665349,121.9401369,17.48189735,kidneybeans
17,11,71,45.59,21.47324158,5.74644777,82.68554379,19.9191786,kidneybeans
20,18,79,28.99,23.2353604,5.877347515,139.7521543,20.27514686,kidneybeans
17,21,63,23.26,19.2303162,5.979973965,108.3441414,15.77370214,kidneybeans
22,24,80,44.51,19.17651433,5.635993966,96.77285817,16.71170642,kidneybeans
22,34,60,31.09,18.15302753,5.635231778,100.6711761,17.66148158,kidneybeans
21,16,75,17.82,23.61670065,5.679224346,87.0513289,18.50692825,kidneybeans
23,17,77,11.52,20.81527638,5.670062975,64.19497947,24.51324787,kidneybeans
18,37,72,30.04,24.54038287,5.724242065,105.4120514,18.87614998,kidneybeans
20,40,73,36.21,20.31871249,5.811314232,61.13872036,21.59343016,kidneybeans
17,9,77,34.66,24.45202552,5.783425416,106.158201,20.12373284,kidneybeans
23,1,62,58.38,18.37477907,5.607808432,139.0302034,15.43546065,kidneybeans
22,33,59,64.09,21.59396123,5.946999529,122.3886015,22.64236876,kidneybeans
19,23,59,33.98,24.87304788,5.852046999,129.5650601,21.98560799,kidneybeans
22,6,62,33.95,18.09224048,5.824090984,120.4509288,20.53052663,kidneybeans
20,25,63,55.64,21.14544088,5.502999119,95.17028129,15.78601387,kidneybeans
23,7,79,18.92,19.68751084,5.821649914,96.65888933,19.6365349,kidneybeans
17,8,72,35.28,19.7520218,5.711439256,87.87869161,20.57341244,kidneybeans
15,27,64,43.66,24.84207559,5.514927264,138.2362122,20.16080524,kidneybeans
23,28,66,18.12,24.25386207,5.99616119,120.6913038,21.53989176,kidneybeans
18,32,57,37.74,23.75560241,5.695422863,107.3850593,15.53834801,kidneybeans
22,27,56,63.37,20.70099804,5.833010958,108.6434544,19.91853092,kidneybeans
24,17,77,43.15,18.93146941,5.568456899,109.0193712,20.76952209,kidneybeans
15,0,65,58.85,23.22197648,5.645435626,95.84253438,23.46168338,kidneybeans
21,13,72,10.36,21.0278674,5.821194486,60.27552528,24.32116642,kidneybeans
23,34,60,53.46,24.96969858,5.659254981,100.0497183,20.12574053,kidneybeans
19,9,80,20.96,18.57086554,5.945465949,125.0972687,21.80619564,kidneybeans
20,11,72,64.14,24.92607153,5.951177452,113.334026,19.52226241,kidneybeans
24,3,67,34.29,19.90790546,5.520880014,103.2926407,17.00067625,kidneybeans
23,35,69,43.07,24.96881755,5.578410206,75.45328039,16.78791503,kidneybeans
25,3,77,30.35,22.89464642,5.608165195,62.21292186,24.84906168,kidneybeans
19,23,62,31.6,20.4555596,5.609435128,98.77794225,16.51783455,kidneybeans
17,22,71,11.54,19.38602098,5.509295379,107.6907964,18.15300153,kidneybeans
25,31,79,45.11,22.3104551,5.902033406,63.38208822,23.18864385,kidneybeans
18,34,59,63.89,21.98879437,5.744117663,87.66898664,23.38002569,kidneybeans
17,12,63,37.31,19.37703396,5.717143397,138.414764,18.358923,kidneybeans
20,27,56,50.88,20.51346956,5.542690119,94.9533526,19.25975367,kidneybeans
24,7,63,18.31,24.03553105,5.858617867,107.7315386,22.95458237,kidneybeans
22,24,67,8.37,22.89845607,5.618844277,104.6252153,20.120043,kidneybeans
24,11,71,50.42,22.7182355,5.606620346,141.6056722,21.14011423,kidneybeans
15,37,74,62.07,18.22590825,5.582178402,62.7089169,24.92360104,kidneybeans
24,25,76,56.17,24.91506728,5.56503533,135.3315583,15.33042636,kidneybeans
17,34,66,33.65,21.27833035,5.889614577,125.084915,18.81097271,kidneybeans
15,20,69,63.14,22.77255917,5.934136378,107.4137246,23.44260668,kidneybeans
16,37,65,14.05,18.97267518,5.683548308,63.59276673,22.8352024,kidneybeans
15,18,74,21.3,22.27512704,5.70836603,146.4727237,24.9035819,kidneybeans
25,4,67,12.93,24.35679348,5.948164454,119.6404412,23.78709569,kidneybeans
25,37,56,11.9,19.60379304,5.774755144,126.7265372,22.05592283,kidneybeans
15,5,59,9.19,20.18238348,5.97229163,134.1811718,18.87492997,kidneybeans
21,11,61,52.7,23.02410338,5.532100554,135.3378033,18.62328774,kidneybeans
20,22,80,29.16,18.86880997,5.669560726,100.118612,23.00884744,kidneybeans
19,12,61,52.41,24.13995025,5.655726817,68.51253427,19.33162606,kidneybeans
21,5,74,55.31,21.35793891,5.591704014,66.97053257,16.24469193,kidneybeans
22,27,69,37.85,24.90814655,5.932323085,69.14681022,17.91652287,kidneybeans
18,31,75,37.57,21.43780702,5.824208309,88.88796102,15.46789263,kidneybeans
20,36,68,11.54,23.77201471,5.86442953,81.83420522,17.06104474,kidneybeans
16,5,65,59.49,18.48522915,5.866744372,109.1013261,21.32776028,kidneybeans
15,32,79,40.3,20.74619325,5.706198621,81.60211243,23.90910104,kidneybeans
22,11,78,53.16,22.74378977,5.940546818,112.6616435,23.89756791,kidneybeans
22,0,55,24.34,20.57940608,5.916779289,143.8584938,22.98666928,kidneybeans
15,14,59,24.6,22.91244883,5.779090476,146.4548645,21.35135729,kidneybeans
23,29,68,41.64,19.27907819,5.82738029,116.7324324,24.1638445,kidneybeans
19,32,68,26.72,18.18325169,5.514234138,149.7441028,24.62835037,kidneybeans
17,17,64,41.51,24.93896255,5.662699104,124.6118471,21.02213209,kidneybeans
19,13,69,50.63,20.01730914,5.86390397,115.199245,17.30844532,kidneybeans
22,14,67,25.58,24.75485098,5.624690248,84.64143632,23.82576704,kidneybeans
20,9,69,61.66,23.96362799,5.591560999,129.3449326,19.30607278,kidneybeans
22,20,73,12.56,22.33195853,5.976312538,130.3900798,16.03768615,kidneybeans
20,40,78,17.25,20.83398341,5.669236258,80.15293435,19.18572809,kidneybeans
23,27,72,23.78,21.79992115,5.961934481,64.02640797,19.92889503,kidneybeans
15,14,67,37.26,24.67385131,5.690065688,139.2921004,19.56376468,kidneybeans
18,7,56,56.46,24.32991649,5.698371311,76.14153904,18.31357543,kidneybeans
18,27,65,48.54,23.22323766,5.59503163,73.36386477,20.10993761,kidneybeans
16,30,63,32.55,21.90539577,5.525904526,100.5978728,23.60506572,kidneybeans
25,37,70,64.7,24.89487354,5.819403771,84.06354115,19.73136909,kidneybeans
19,27,63,30.87,21.1893007,5.562201934,133.1914419,20.93409877,kidneybeans
24,22,60,26.5,20.24768314,5.630664753,104.2570723,18.78226261,kidneybeans
24,3,72,24.75,57.92887167,6.03160778,122.6539694,36.51268371,pigeonpeas
23,40,59,40.77,62.73178224,5.269084669,163.7266551,36.89163721,pigeonpeas
23,33,73,64.38,59.38967583,5.985792703,103.3301803,29.23540524,pigeonpeas
24,27,57,45.72,43.35795962,6.09186275,142.3303677,27.33534897,pigeonpeas
18,10,79,44.02,55.46985938,5.624731338,184.6226709,21.0643684,pigeonpeas
25,30,75,38.48,42.35249879,6.446091759,149.299952,30.33276599,pigeonpeas
20,40,70,51.43,45.03186173,5.623490043,147.0361442,31.80130272,pigeonpeas
19,38,55,12.5,38.23184742,5.864623352,198.8298806,33.18184225,pigeonpeas
20,35,58,41.29,63.47742011,5.761702519,90.05422663,29.38538562,pigeonpeas
21,38,61,29.49,67.38680755,4.696518678,127.7767134,30.27374995,pigeonpeas
24,33,58,58.28,68.75810535,5.269504214,108.6333046,35.45790488,pigeonpeas
17,16,56,17.66,40.03262418,7.445444883,176.6165894,33.80020039,pigeonpeas
17,31,72,61.21,49.47225353,5.833031708,96.36222901,28.69180475,pigeonpeas
20,16,80,9.49,56.67369054,7.339320929,122.0146733,31.24021696,pigeonpeas
17,27,72,57.82,57.23265151,6.347929353,120.7435664,28.98039357,pigeonpeas
19,40,62,31.38,34.13737127,4.697750704,96.51524028,27.32198928,pigeonpeas
16,18,58,57.95,38.80023714,4.962661422,180.382234,21.47607807,pigeonpeas
16,3,68,54.91,34.69776639,4.964887857,107.4721605,18.31910448,pigeonpeas
24,26,67,53.59,37.73992903,5.642813116,161.4812963,36.97794384,pigeonpeas
20,16,70,12.1,40.1242747,5.6093956,121.5639121,24.80467592,pigeonpeas
19,24,63,15.85,55.96805489,4.681576043,194.5921148,19.3479443,pigeonpeas
25,9,76,24.72,50.12323801,5.70951224,179.2155874,28.88302142,pigeonpeas
19,16,55,51.57,47.19188279,6.413543781,192.4372194,19.54314136,pigeonpeas
21,28,75,34.78,50.54621094,6.007508163,114.2821387,24.7741949,pigeonpeas
24,16,71,43.72,38.40975482,4.946369874,139.6483317,18.33124824,pigeonpeas
21,24,70,32.47,45.3733757,5.517208078,132.7748215,19.14729038,pigeonpeas
21,38,72,52.66,49.4421345,5.902103172,186.5008581,28.23416057,pigeonpeas
21,9,66,58.71,34.13307843,5.719889876,157.0858232,30.11812084,pigeonpeas
17,34,56,14.51,35.42910045,4.548202098,139.6702541,33.4126864,pigeonpeas
19,1,76,43.53,46.68746847,6.669529416,177.3377996,24.18553163,pigeonpeas
19,6,69,62.73,41.69617915,4.750929218,94.46748008,26.88630675,pigeonpeas
21,26,73,18.23,57.97429171,4.946263888,161.7820226,31.33170829,pigeonpeas
18,27,61,63.24,67.07780816,5.266227032,108.5090168,33.30711818,pigeonpeas
23,27,71,47.91,46.48714759,7.10959773,150.8712202,23.45379018,pigeonpeas
21,36,61,57.66,39.04468913,5.617008201,168.5948318,34.53823889,pigeonpeas
18,17,73,22.11,34.51086611,5.632353113,197.3752649,19.50112224,pigeonpeas
22,26,72,35.94,37.57792132,4.674941549,91.72084869,28.76794904,pigeonpeas
16,17,64,51.18,32.24914235,7.161797643,180.716828,30.97758716,pigeonpeas
19,14,74,22.39,36.82639309,6.624966131,93.12330644,18.39759147,pigeonpeas
15,39,60,53.85,30.98685456,5.004074624,116.9106908,35.09357419,pigeonpeas
15,6,66,47.4,30.40046769,6.345806011,159.2649827,34.93174223,pigeonpeas
18,8,59,26.83,35.72032498,6.216814453,187.8961851,29.50523036,pigeonpeas
18,2,67,29.65,47.52980027,5.921666758,129.0064612,34.51934775,pigeonpeas
17,1,76,42.54,52.10010827,6.012719118,147.0414824,28.43430726,pigeonpeas
19,16,73,12.87,34.80541039,4.684079249,163.2747473,18.41645629,pigeonpeas
25,23,75,43.57,47.19847683,7.077170002,91.31256412,31.07508973,pigeonpeas
20,32,70,14.12,46.24856523,6.208843215,195.5697875,20.89342749,pigeonpeas
22,28,59,37.0,52.79913039,7.05181629,170.9919828,30.90607799,pigeonpeas
23,5,62,9.77,66.45457122,4.722222454,145.3728801,27.9348279,pigeonpeas
25,36,67,16.38,36.52780776,6.418062652,136.0456753,35.95176642,pigeonpeas
23,1,66,23.79,56.92831399,4.803564468,173.1686574,19.54317155,pigeonpeas
20,24,73,58.88,32.31528909,4.608695247,176.4134092,19.63736208,pigeonpeas
18,17,67,9.05,56.46868874,5.611510977,129.2028653,31.2192752,pigeonpeas
18,5,55,43.86,45.70976142,7.322097972,126.6738117,33.50876355,pigeonpeas
24,5,56,53.44,45.01110015,5.023115055,188.4928637,24.80710166,pigeonpeas
17,37,77,64.47,31.94550613,5.617122801,191.0658531,36.20970524,pigeonpeas
20,13,73,52.51,35.48885969,5.391560418,162.5927723,30.50420876,pigeonpeas
23,6,63,26.56,49.94704718,5.906596905,160.3337447,26.01630259,pigeonpeas
22,16,77,13.6,35.6395615,6.574209678,100.546816,31.48469278,pigeonpeas
20,25,64,38.46,32.45974539,4.807776749,105.0380275,33.15122581,pigeonpeas
24,34,75,33.88,51.29019509,4.760038039,192.3023991,23.50222822,pigeonpeas
23,20,77,46.35,38.83786012,5.180271502,148.2502786,34.87248659,pigeonpeas
25,35,80,50.94,44.93322042,4.895927306,197.1144011,28.09269012,pigeonpeas
24,14,75,53.06,57.3414485,6.436160044,118.3606557,24.54757829,pigeonpeas
21,36,80,31.23,48.41490082,7.066087261,100.4673278,33.64769646,pigeonpeas
18,7,77,50.37,60.54880693,6.655918078,191.0895109,20.5591255,pigeonpeas
25,29,78,42.54,59.33157782,5.982854523,195.787103,19.95991719,pigeonpeas
21,30,60,61.93,62.4901206,5.457871273,182.2688175,28.87667593,pigeonpeas
16,20,74,45.03,43.61444121,4.759490199,159.8938645,36.04353699,pigeonpeas
23,19,57,62.36,47.2879691,7.342409555,141.1250722,23.6734328,pigeonpeas
19,3,60,52.52,40.7192594,4.820788186,100.7791633,25.74679443,pigeonpeas
19,5,77,41.16,66.68832981,6.242052013,175.9303271,31.08564994,pigeonpeas
20,5,68,64.6,61.33186249,5.001038726,139.8710041,18.72987676,pigeonpeas
21,37,73,9.23,63.46513414,5.560224583,189.5208915,29.50304807,pigeonpeas
24,9,59,33.74,39.37252634,4.747352458,137.2279662,20.43517772,pigeonpeas
15,20,72,11.08,56.01334416,7.313517308,134.8596466,36.00415838,pigeonpeas
23,31,56,26.5,35.39454002,5.661826398,174.5723999,31.46846241,pigeonpeas
21,0,70,14.44,56.03021253,4.672437054,101.6073988,36.30049702,pigeonpeas
15,21,74,43.75,67.10604388,6.471862118,153.2504506,29.49096726,pigeonpeas
18,13,67,10.83,34.75591197,5.384762927,177.5764304,30.5753044,pigeonpeas
20,27,74,14.97,59.96669215,5.859813416,91.95792434,24.69487673,pigeonpeas
24,29,72,42.85,36.67847052,6.962386495,162.5931264,23.17409556,pigeonpeas
20,5,68,50.37,33.10695144,6.12166671,155.3705624,19.04380471,pigeonpeas
19,39,57,40.77,45.93248374,6.421748487,165.4113371,29.32379604,pigeonpeas
16,22,62,51.06,54.32342534,4.828936119,180.9009998,34.6455408,pigeonpeas
23,18,55,59.95,56.31006755,6.98571967,136.8274312,21.9989826,pigeonpeas
21,39,77,22.11,60.24218572,4.603563116,159.689339,22.99774444,pigeonpeas
20,13,75,24.6,35.29006485,6.979540061,178.8998611,30.55992394,pigeonpeas
24,27,71,59.88,48.17631461,7.064973419,165.405354,31.46417866,pigeonpeas
22,26,64,27.61,40.58227261,5.16516459,109.1821183,25.95058595,pigeonpeas
16,23,55,56.4,69.69141302,5.111488821,185.2039114,21.01142393,pigeonpeas
19,4,69,9.15,47.70351758,5.374358869,149.063196,19.25100056,pigeonpeas
19,20,67,29.74,50.54495302,5.671419084,180.6465282,19.24462755,pigeonpeas
17,7,74,10.93,62.56532471,5.667419697,96.74706956,22.47253208,pigeonpeas
18,17,64,37.19,58.25799145,6.07938452,124.6028153,36.75087487,pigeonpeas
17,35,71,24.46,66.35375127,6.931924963,198.1403003,29.89286629,pigeonpeas
22,11,72,24.76,44.82294584,6.842744374,172.40168,29.37735586,pigeonpeas
22,20,60,51.27,42.89833235,6.876572503,186.9226052,29.65052947,pigeonpeas
18,10,71,36.01,66.34777265,6.151029296,173.1106982,19.54284889,pigeonpeas
24,33,61,57.94,48.93905624,4.567446499,122.4564203,20.04611791,pigeonpeas
18,3,49,20.91,64.70930606,3.692863601,32.67891866,27.91095209,mothbeans
23,22,59,35.24,51.27868781,4.371745575,36.5037914,27.32220619,mothbeans
25,36,58,48.59,59.3189118,8.399135958,36.92629678,28.66024187,mothbeans
18,4,43,34.41,61.09387478,8.840656256,72.98016599,29.02955344,mothbeans
16,29,54,17.49,54.65030015,8.153022903,32.05025323,27.78031515,mothbeans
22,32,43,13.98,54.1077461,5.270749441,71.6266696,31.99928579,mothbeans
15,14,55,49.0,55.27755933,8.050304395,73.44775287,27.33580911,mothbeans
20,5,35,43.12,53.57014709,9.679240873,66.35634104,28.92952635,mothbeans
24,25,57,48.15,58.59986279,6.974978386,36.94255012,27.65472156,mothbeans
24,11,53,64.88,55.77264351,7.39389918,61.32935611,28.52396666,mothbeans
17,40,49,29.39,45.89239456,6.68727523,53.56783314,31.02215872,mothbeans
25,38,56,28.11,45.38497051,7.88118645,67.43488235,25.74095321,mothbeans
23,27,43,37.9,56.85420099,5.875333778,44.94317432,31.70447482,mothbeans
22,24,38,29.73,58.51663927,8.202706015,34.96933295,24.47876451,mothbeans
21,23,45,31.6,51.79939437,8.985348193,74.44330654,31.46511256,mothbeans
20,29,57,19.16,50.7330069,5.87707519,53.39249517,25.60973447,mothbeans
23,31,35,39.53,47.18283631,7.707595055,68.04039813,30.30260453,mothbeans
25,0,55,50.47,43.6672299,4.524171562,45.78172762,28.17489437,mothbeans
22,7,45,16.63,44.8302551,9.926212291,74.32635105,25.50634557,mothbeans
25,17,58,32.19,43.58788762,6.455592696,32.76742894,31.12896766,mothbeans
17,11,44,62.79,55.59160391,8.016210782,35.1051197,26.34043268,mothbeans
22,22,49,63.06,61.5620517,3.71105919,72.66666443,28.23494706,mothbeans
19,9,51,23.31,49.32609633,5.49091063,48.25207759,27.04453473,mothbeans
15,28,48,52.9,55.25435777,9.254089438,40.89732789,25.16125354,mothbeans
19,26,50,51.27,51.66921088,6.005242945,32.55919573,27.3179125,mothbeans
20,36,56,11.72,49.66474269,7.437078236,31.87416982,25.4123765,mothbeans
18,8,60,51.43,46.01868196,3.808429173,53.1205277,31.21629982,mothbeans
21,24,37,22.45,58.22686794,5.818219385,62.74803826,30.573999,mothbeans
24,22,43,63.22,53.2208266,4.52363558,46.19374559,25.42517036,mothbeans
24,36,43,59.4,43.65305437,3.510404312,41.53749535,27.09400578,mothbeans
24,22,44,18.33,56.32938343,6.030447288,58.99536268,24.30935081,mothbeans
22,17,43,46.93,45.90067655,5.498340808,41.0550915,30.06142622,mothbeans
15,8,45,36.79,60.9835384,4.61136408,33.84110759,28.09568993,mothbeans
23,7,56,47.44,40.00933429,5.545219232,55.50429227,26.33908791,mothbeans
16,36,57,55.05,57.14218792,8.292875734,57.02891698,28.61409059,mothbeans
19,11,45,30.49,44.359648,3.828031463,44.11622138,28.70012137,mothbeans
22,6,36,8.35,59.79236306,8.869532817,42.24783476,24.21610338,mothbeans
20,17,57,17.21,45.20094476,3.793575185,66.1761456,28.50677929,mothbeans
20,4,47,10.57,64.95585424,4.193189124,72.19245835,25.97948991,mothbeans
16,9,49,52.12,41.36561835,7.661537348,55.053805,30.88482722,mothbeans
24,25,51,39.46,61.66852372,9.392694614,65.07981523,25.5042419,mothbeans
21,36,44,35.91,51.33189406,4.516154055,38.48678973,25.12528913,mothbeans
20,21,38,37.77,63.56791363,5.794289715,62.20279647,27.10508014,mothbeans
20,37,57,61.05,44.82069159,7.354286985,70.79934452,31.1006247,mothbeans
18,32,48,61.68,56.40226277,5.993513566,64.16167699,26.45707778,mothbeans
20,29,44,43.74,63.56222995,8.620107545,31.83192392,30.04132304,mothbeans
18,25,51,14.9,54.82130787,9.45949344,50.28438729,27.77799528,mothbeans
24,10,44,37.49,43.02151392,8.0344125,58.27600682,30.99256944,mothbeans
18,23,35,52.7,47.36534833,5.414492777,36.99362831,26.4908332,mothbeans
23,9,60,59.26,57.17377029,6.276004336,64.25520357,31.96987867,mothbeans
21,3,58,46.86,46.82652785,9.160691747,55.60523179,25.36140526,mothbeans
22,22,42,16.48,56.96640758,7.887658711,48.46797044,25.54249137,mothbeans
21,12,39,57.05,62.85948245,8.183844843,70.4713043,28.99319096,mothbeans
22,39,36,8.57,60.50320928,9.072011412,34.03335472,29.34317422,mothbeans
16,32,41,13.43,61.39451307,7.702287236,68.54877876,28.63618921,mothbeans
15,30,41,28.25,44.17085032,5.88509677,52.0810886,24.83206631,mothbeans
22,19,36,46.73,58.55363573,6.16496284,57.04826619,25.44689075,mothbeans
15,4,46,10.65,62.40392519,3.504752314,63.77192383,31.01274943,mothbeans
20,21,39,10.26,52.3003173,7.388007483,60.74583498,27.06179658,mothbeans
25,35,57,59.08,42.26206161,8.340398059,71.1271039,27.0956288,mothbeans
24,22,55,54.89,57.30636014,8.66077954,64.53027638,28.56800579,mothbeans
17,35,51,39.02,49.84213387,3.558822825,40.85534718,28.79929247,mothbeans
17,17,56,29.61,45.41393636,5.9565851,69.66289997,27.94293692,mothbeans
17,28,57,61.51,61.58245338,9.416003106,61.86633917,30.47757686,mothbeans
16,22,36,64.35,50.77148138,8.18422855,64.58559639,30.58139475,mothbeans
19,11,41,36.02,41.81420849,5.131779302,44.13827124,26.85911286,mothbeans
18,38,38,36.84,61.18749126,6.294130313,35.73403813,26.31051759,mothbeans
24,23,37,43.36,44.2252605,7.991902443,33.95825723,28.77833449,mothbeans
20,25,35,40.32,43.35365671,8.923095695,71.90018566,28.90245417,mothbeans
20,40,45,36.73,57.69622912,6.878498176,38.34303462,29.37687468,mothbeans
19,23,58,61.64,58.25204566,5.243634849,59.18953429,24.17093241,mothbeans
23,2,56,38.39,59.79023382,7.550090941,36.91852635,26.65333029,mothbeans
17,3,56,56.81,53.50567601,8.709291688,52.13580529,28.19912143,mothbeans
25,26,51,53.2,52.62741529,7.792508068,55.21606732,28.76488954,mothbeans
20,39,42,58.74,61.25353851,8.055908858,40.82840673,29.3499706,mothbeans
20,27,59,35.04,52.60950014,4.397698806,36.01203025,28.00937423,mothbeans
19,24,45,35.04,48.8246387,5.952384957,34.7426459,26.85851927,mothbeans
17,7,40,17.67,40.92604945,8.532078733,53.78769958,31.2123945,mothbeans
23,15,45,36.42,61.43378674,7.224193642,46.0203959,24.20422636,mothbeans
23,26,52,57.07,49.60384796,4.931890506,52.92929636,29.98835437,mothbeans
16,20,45,32.89,54.61813464,4.626212446,45.43669946,29.93964907,mothbeans
24,34,54,47.26,41.55934359,5.026003659,68.80141783,31.2119298,mothbeans
25,19,51,64.73,48.23991436,3.5253661,43.87801983,26.80474415,mothbeans
21,29,41,51.9,62.84916863,8.86979671,64.56807592,31.49398069,mothbeans
22,20,50,12.88,46.42693735,9.406887533,38.31597852,30.99694676,mothbeans
23,11,40,20.61,63.04749127,5.80428611,50.1978269,29.61253065,mothbeans
15,15,54,57.61,57.03184356,8.35495812,44.86052932,29.97604322,mothbeans
22,35,55,30.03,52.62696801,8.634929739,55.51932414,30.88883074,mothbeans
25,9,59,59.99,60.16299493,7.699200949,35.37493212,30.39321309,mothbeans
18,40,45,33.95,55.20522037,5.261285926,30.92014047,30.43683729,mothbeans
19,35,38,32.58,63.18180319,9.112771682,32.71129281,25.32688786,mothbeans
17,14,58,11.47,59.96664731,4.605700542,33.48919022,30.53684308,mothbeans
18,40,55,9.25,40.5926071,7.115994051,47.95406479,30.38257873,mothbeans
23,18,36,38.32,53.76623369,7.214078621,35.03404425,24.01825377,mothbeans
15,35,52,31.38,61.14754363,9.93509073,65.67591794,28.69841277,mothbeans
22,4,59,11.44,49.00323081,8.914074888,42.44054315,29.33743412,mothbeans
16,22,51,27.04,61.34900107,8.639586199,70.10472076,27.96583691,mothbeans
17,33,47,43.36,48.27531965,8.621514073,63.9187654,24.86803974,mothbeans
17,2,51,58.73,45.96341933,5.838508699,38.53254678,25.87682261,mothbeans
21,16,51,14.46,49.9767522,3.532008668,32.81296548,31.01963639,mothbeans
20,19,55,56.34,87.80507732,7.18530147,54.73367631,27.43329405,mungbean
20,8,54,23.06,80.77275974,7.034214276,38.7976407,28.3340432,mungbean
20,36,55,18.72,84.34262707,6.635968698,55.296354,27.01470397,mungbean
16,10,56,33.59,81.04554836,6.828187499,36.35720652,28.17432665,mungbean
17,22,56,30.85,87.32761241,6.89077995,44.75215854,29.87888063,mungbean
24,9,57,40.54,89.71503316,7.165121109,42.99498978,29.89232778,mungbean
23,34,59,49.91,83.24855855,6.935804256,56.48265193,28.56212158,mungbean
25,31,51,40.81,85.5701901,7.196774236,53.01899249,27.53592929,mungbean
18,0,49,16.78,87.93598094,6.990095452,41.82490236,29.68361658,mungbean
20,21,39,57.6,82.1193047,7.064782138,46.75690086,28.14448546,mungbean
22,28,35,31.11,86.73346018,7.156563094,59.87232071,29.53037621,mungbean
17,17,52,27.15,86.45147631,6.364967184,44.64407105,27.88352946,mungbean
23,24,42,9.89,82.35916228,6.428054409,44.01206619,28.22471276,mungbean
16,28,46,38.01,84.96089355,6.664187809,45.91011391,29.008124,mungbean
21,21,38,25.84,86.45193297,6.637677489,37.54602719,29.75538903,mungbean
25,34,60,32.75,85.16906976,6.79385576,40.77872823,29.78416743,mungbean
22,19,53,11.82,80.4513142,6.852884643,42.83053902,27.8640132,mungbean
15,31,58,13.3,84.96771717,7.121571293,51.52617423,27.11026483,mungbean
24,19,35,53.97,83.64274107,6.883308033,49.11964582,27.11030369,mungbean
17,24,53,28.49,89.07866095,6.421271178,57.65901369,28.95451232,mungbean
20,13,47,45.99,87.93724219,6.54450214,43.1386631,29.21780035,mungbean
16,31,53,28.47,85.81675947,6.452006451,48.54598575,28.7420098,mungbean
23,28,45,56.02,80.29868321,6.489259136,56.76278363,29.65021184,mungbean
21,31,37,13.86,86.404241,6.713410626,37.31236904,27.23924995,mungbean
15,33,60,31.21,81.67085323,6.510840928,56.51103293,28.95172351,mungbean
21,34,45,53.45,82.60629652,6.287380117,37.01110438,28.18837136,mungbean
25,13,57,20.6,86.20681554,6.86308576,50.47333854,28.30041493,mungbean
17,33,57,52.5,88.71782287,6.78415271,57.79863368,27.89636126,mungbean
22,32,57,43.5,87.50436797,6.769415888,44.56598352,28.6899851,mungbean
25,23,59,8.45,88.73100226,6.320768488,56.68833819,27.8262623,mungbean
18,35,41,18.78,81.59200689,6.705008504,59.87065439,28.70562673,mungbean
24,6,48,55.13,84.61431076,6.790736339,48.48319335,28.6362812,mungbean
25,29,36,53.74,88.4393979,7.130278657,48.56690235,28.28511547,mungbean
22,4,36,48.61,86.13316408,7.012740397,43.80041104,27.60887393,mungbean
22,10,59,39.18,86.99495766,7.155685016,36.94616965,28.60901145,mungbean
21,14,48,40.41,84.80084105,6.991242362,53.43228915,29.24598976,mungbean
21,8,50,21.82,89.1148059,6.218923893,50.49913241,28.62911222,mungbean
15,20,40,45.13,88.07505524,7.199495368,45.04467075,29.57329479,mungbean
22,36,43,61.42,87.16679147,6.389882166,58.37249772,27.82684262,mungbean
15,14,57,17.86,83.14796296,6.623438282,40.12044158,29.8757015,mungbean
23,11,60,24.35,88.50229102,7.033012777,51.09802625,27.33684386,mungbean
15,10,59,24.68,89.30428305,6.32400451,58.86687093,29.83040388,mungbean
25,7,60,37.56,82.76020821,6.397636709,56.04995423,28.2753171,mungbean
15,2,47,50.15,85.99127934,6.401455706,58.41394143,29.86860065,mungbean
22,20,45,56.34,89.9939693,6.904587016,54.96121262,29.5888162,mungbean
15,2,39,53.96,82.9116472,6.478557136,49.61865305,28.07219563,mungbean
24,27,40,58.48,89.99615558,7.063022095,52.84626009,27.84026517,mungbean
15,35,48,26.86,87.4512669,6.981758362,55.03723979,27.10818093,mungbean
25,4,59,11.84,81.94268594,6.227134139,54.62243308,27.68515114,mungbean
24,1,48,43.86,85.60472562,6.232836962,59.03629954,29.34594634,mungbean
21,36,43,8.94,84.8593608,7.140437859,52.93031105,28.36319404,mungbean
24,11,46,33.15,89.80650642,6.459252023,56.52558045,27.65280218,mungbean
19,34,47,19.16,85.44815232,6.568795404,53.15223123,27.31372793,mungbean
18,21,44,50.85,86.89934108,7.12851089,50.46746116,27.06909959,mungbean
20,17,58,25.99,85.91625451,6.42937879,39.23831035,28.06642822,mungbean
21,25,40,14.58,81.13903037,6.248900919,44.17580911,27.73329078,mungbean
18,2,38,33.27,89.92908171,6.619891498,45.48591922,27.53632932,mungbean
20,9,48,60.58,84.28187572,6.377568542,56.09542002,29.66461594,mungbean
25,37,49,14.51,85.85384444,6.415459592,41.39081525,29.9145443,mungbean
15,36,38,57.51,87.59810657,6.320662012,57.99524359,28.36363858,mungbean
15,40,58,62.75,87.60890009,6.978400282,43.15411472,29.46416042,mungbean
16,30,44,41.19,82.89166381,6.442335593,50.91511275,29.73013036,mungbean
23,1,59,32.27,87.17649,7.184398832,43.78420984,27.46852989,mungbean
22,9,48,28.88,87.09979549,6.402926221,49.50812624,27.77076285,mungbean
17,14,41,52.35,88.48312598,7.085982325,36.45012824,29.12939524,mungbean
19,35,52,53.25,89.89593328,6.698574085,37.45680611,27.10606808,mungbean
17,31,48,56.21,86.94206817,6.594739424,53.79732545,28.88078945,mungbean
20,4,41,42.23,83.8001509,6.647965508,37.44800463,28.14720892,mungbean
25,30,37,25.05,80.14487166,7.120032489,54.7960127,29.89129144,mungbean
20,9,35,29.89,80.98004661,6.91380932,40.53173216,27.41503453,mungbean
20,20,41,37.12,89.4875022,7.073048264,50.9246554,29.27308605,mungbean
23,37,50,15.48,88.48587386,6.5304707,56.01913159,29.65296893,mungbean
21,34,35,48.98,82.67639542,6.684381357,58.18713162,28.44524991,mungbean
15,14,37,13.07,83.97586797,6.581351374,48.9366954,27.96235681,mungbean
22,23,39,26.57,81.97952224,6.86483915,42.02483277,29.25649321,mungbean
21,5,45,53.54,88.00989267,6.487124217,43.05130077,28.36291385,mungbean
20,22,37,61.22,86.49366929,6.605733068,39.26137642,27.62749466,mungbean
17,40,51,28.44,86.12194568,6.860602782,50.01534317,28.66086349,mungbean
20,27,56,20.44,87.11497805,6.41874299,51.53848218,29.2114218,mungbean
22,31,40,55.37,86.16063492,6.365513634,53.35486977,29.40889385,mungbean
21,38,36,21.13,84.8845732,6.556372966,36.12042927,28.02952623,mungbean
17,6,37,64.84,80.35005927,6.760694228,38.14476781,28.08657178,mungbean
18,6,47,36.42,80.28038146,6.715276663,40.16545979,29.16174608,mungbean
17,24,44,12.26,80.03499648,6.666380512,50.66487502,29.8596912,mungbean
19,25,59,18.44,83.6869203,6.626629798,43.95183726,29.06631494,mungbean
21,32,56,10.81,88.66663953,6.702772465,58.29933073,27.38538997,mungbean
18,8,45,46.43,85.42058715,7.011030515,43.25095608,27.93034941,mungbean
17,19,39,17.74,81.8009244,6.890156495,44.47427436,29.2808618,mungbean
15,39,37,48.74,83.78911515,6.821747052,59.84499208,28.9973145,mungbean
19,33,37,32.37,86.5543196,7.183189922,43.4826194,27.92678579,mungbean
17,26,54,17.52,88.9570454,6.27258822,49.4897245,28.5474135,mungbean
15,21,51,51.98,89.1886954,6.679127482,48.30159325,29.36488409,mungbean
20,22,54,21.03,83.63802195,6.689825155,41.013132,28.56149805,mungbean
16,29,45,36.35,87.91332682,6.583381939,43.12063289,28.43683487,mungbean
21,4,40,12.14,80.45744422,6.725551062,44.30070517,28.79728147,mungbean
22,10,37,53.36,89.12760359,7.069747814,58.52974279,28.7275267,mungbean
19,4,44,28.88,83.52706038,6.921993878,43.25726752,27.95639663,mungbean
17,20,45,32.12,83.69659318,6.770955317,37.2464655,28.17458662,mungbean
23,23,45,28.96,86.69133979,6.983130466,56.12443206,28.77653519,mungbean
21,25,48,45.72,83.48991368,6.267684328,52.55469976,28.438097,mungbean
15,56,79,18.99,63.19915325,7.454532137,71.89090748,29.48439992,blackgram
21,25,62,15.45,68.13999721,7.040056094,67.15096376,26.73433965,blackgram
22,42,61,45.2,62.28814857,7.418650668,70.23207557,26.27274407,blackgram
25,42,73,16.61,67.21113844,6.501869314,73.23573601,34.03679184,blackgram
18,44,58,29.3,65.06601664,6.814410928,72.49507741,28.03644051,blackgram
16,50,55,58.0,65.33538112,7.581442888,62.26242533,28.81460716,blackgram
21,35,72,62.94,64.28791388,7.741418772,66.85510868,34.03619494,blackgram
20,30,64,58.86,61.57072498,6.573531614,68.02199825,33.8642935,blackgram
21,27,64,42.97,68.68401492,7.543804223,73.67166182,32.84213012,blackgram
17,50,74,58.12,63.36085585,6.5408208,73.84949872,27.10053268,blackgram
24,39,73,20.45,61.18235808,7.22405917,69.28607828,25.65842532,blackgram
25,57,67,62.31,66.61452812,7.551364319,64.55882254,32.34744009,blackgram
19,52,63,57.65,68.32176769,6.928898659,67.53021213,29.58949031,blackgram
22,55,66,28.28,68.79427388,7.747775263,66.63830637,30.91219459,blackgram
18,51,56,63.33,64.2097765,6.706505915,70.86340755,28.12787838,blackgram
15,36,66,42.72,69.34811988,6.668238556,67.1367443,30.08545364,blackgram
19,59,55,13.32,62.51007687,7.332375138,68.97097538,31.74379487,blackgram
23,50,58,63.38,62.50460464,7.596802025,69.75555541,27.81326852,blackgram
25,30,65,21.52,64.59457409,7.70650895,71.50569456,32.88733849,blackgram
18,20,62,55.88,64.98742947,7.366542647,61.91208707,29.36358721,blackgram
15,58,71,59.94,67.5861883,6.919243702,74.01229707,27.82592799,blackgram
24,25,71,33.03,60.44848407,7.187721818,74.91559514,28.49538735,blackgram
16,52,71,56.62,68.53997144,7.075886472,71.78615328,27.74274761,blackgram
18,40,63,24.46,67.66323804,6.74441168,63.02473185,30.41588462,blackgram
25,20,60,61.87,69.09047809,6.726469088,61.19250859,27.3254209,blackgram
21,48,61,21.71,61.69295127,6.628264883,65.62859526,30.28496619,blackgram
22,49,68,52.63,61.53278622,7.127064207,63.49726331,28.56840626,blackgram
15,48,62,35.75,66.6379724,7.538631462,65.81655892,25.36586097,blackgram
17,32,66,38.29,65.26774011,7.162357641,70.1415139,34.9466155,blackgram
22,21,63,22.52,67.72837887,6.859409487,74.61649888,25.09737391,blackgram
19,20,72,27.99,64.34848735,7.397190844,65.820457,32.47648301,blackgram
21,25,65,33.11,68.59232289,6.880245789,69.24464096,33.86351172,blackgram
21,41,78,30.79,60.37332688,6.581313137,70.88787207,25.19857725,blackgram
17,53,67,54.44,69.01852894,7.296972161,61.46892873,31.77681682,blackgram
21,39,60,63.3,63.59948557,6.97297656,64.72797143,34.89814946,blackgram
17,25,76,61.38,68.63525428,7.241148507,62.3061735,31.74105409,blackgram
19,21,78,40.71,66.76017239,6.92009048,69.85112265,27.16159076,blackgram
17,57,60,38.56,67.88521396,7.504608385,73.58663968,26.23773129,blackgram
15,56,75,21.82,60.06534859,7.152272256,66.37171179,30.20157245,blackgram
15,49,72,11.28,67.83563765,7.137004749,74.86960831,31.55846339,blackgram
19,24,80,22.28,69.0854554,6.808041722,65.66436565,29.67892453,blackgram
18,49,76,39.49,67.7017527,7.393631868,60.4693835,27.05365239,blackgram
19,28,68,31.74,61.38597868,7.69950698,72.43169115,34.63880966,blackgram
21,55,78,33.38,62.93692886,6.602888249,63.57445989,33.39438752,blackgram
25,50,64,55.34,63.37230676,6.734447425,70.25496749,28.84079155,blackgram
19,34,80,45.63,63.0563645,6.521217963,71.48327008,31.49338309,blackgram
23,20,68,14.91,63.95425534,7.707332484,63.1830529,25.54960633,blackgram
16,55,67,62.31,69.69366426,6.596719015,70.27184748,34.37329112,blackgram
15,23,70,41.7,63.11296779,7.403623355,60.41790253,34.6008247,blackgram
15,53,74,32.34,64.94329356,7.517097,72.17818157,29.43463808,blackgram
16,26,67,48.0,67.90577375,7.17620823,67.83345933,29.10713092,blackgram
22,33,80,37.81,65.71765781,6.593961761,70.0866434,28.57006111,blackgram
19,37,79,59.84,69.3478631,7.143942758,69.40878198,27.54384835,blackgram
21,33,75,36.88,68.93875631,6.690655045,62.30278274,33.04687968,blackgram
20,22,55,56.96,69.96100028,7.423530351,61.16350463,33.95309131,blackgram
17,20,68,57.03,60.11680815,6.578714843,71.72980375,30.11873003,blackgram
20,43,68,35.86,66.17587668,7.497469256,69.43895491,29.57812712,blackgram
22,44,76,62.41,68.01232937,7.775306272,68.91754359,27.26458947,blackgram
16,34,60,43.84,64.24992106,7.322555223,63.85668948,31.35730791,blackgram
17,21,72,58.38,66.55723677,7.580527339,61.71111448,31.52104732,blackgram
19,25,68,32.4,64.25510719,7.108450121,67.47677295,29.39982732,blackgram
15,41,62,20.02,64.14928485,7.358974541,65.24194361,29.38400259,blackgram
23,28,65,38.77,61.88871127,7.405176138,74.24459122,28.38686534,blackgram
15,35,64,47.24,63.53604453,6.500144962,69.5274407,28.47442276,blackgram
16,52,58,27.04,61.14508627,7.167435834,71.36947525,30.64095781,blackgram
25,58,75,21.87,61.36669662,7.261791753,68.64685069,25.25596239,blackgram
19,34,66,61.57,60.18122078,7.586642101,73.44678678,32.97030511,blackgram
16,52,70,63.27,66.60416867,7.534811833,67.32520551,33.66855394,blackgram
19,23,57,20.95,67.99803573,7.251000789,73.40452716,32.83963757,blackgram
25,42,58,39.62,62.90020977,6.513620918,69.46020927,27.45853567,blackgram
17,37,62,61.32,69.84354028,7.121254928,74.62068748,25.68576704,blackgram
22,44,75,50.77,64.14800537,7.574561547,71.21006868,30.0328403,blackgram
20,21,80,50.82,68.27085245,7.350869792,64.32887142,28.20667264,blackgram
16,56,76,41.12,61.18956161,7.513151076,63.29900785,28.27265858,blackgram
15,29,76,46.14,64.2020154,7.025607706,69.68862306,28.5417236,blackgram
20,43,61,56.88,61.61367264,6.804253866,63.51822045,26.87187036,blackgram
15,55,60,33.55,68.77994074,7.163043872,64.11411069,32.79766751,blackgram
15,44,63,53.45,64.51136845,7.338929556,63.46546487,26.42333018,blackgram
21,29,67,14.2,63.38789228,6.621323612,63.02169909,29.79181107,blackgram
16,47,63,16.39,67.10464369,6.661870999,72.50669768,27.44003279,blackgram
17,40,68,43.95,65.14877461,7.733149554,70.40795007,34.1262979,blackgram
15,58,61,16.73,64.23364112,7.402891666,62.78730907,30.94908189,blackgram
18,41,74,58.87,61.02701476,6.599147298,73.37686831,28.75751783,blackgram
17,58,79,18.13,66.10123083,7.04174124,62.31842057,27.24766491,blackgram
24,27,62,36.94,66.770943,7.353876754,62.2737345,28.63005477,blackgram
17,27,60,52.25,63.64698302,7.026795359,64.42177127,26.41768321,blackgram
20,52,65,36.28,66.15665137,6.814301033,68.83924882,32.81705216,blackgram
25,44,55,35.28,65.91359954,7.42160832,71.16331975,29.6321052,blackgram
24,21,62,49.06,62.73317204,6.847382891,65.45328463,33.49077065,blackgram
22,60,59,36.47,66.74217464,7.191522601,74.22238583,31.86847286,blackgram
21,33,77,39.18,65.62971858,7.01285529,71.64631281,30.32992227,blackgram
17,59,58,58.73,66.31394098,7.368318809,62.83469851,28.546224,blackgram
17,29,63,16.23,67.88811637,7.26154329,66.47264636,30.02629908,blackgram
18,59,63,53.93,60.13263713,6.52669158,66.69096751,31.65531175,blackgram
15,29,70,29.77,63.54718862,6.872594461,74.16699119,30.33499674,blackgram
16,58,73,49.26,65.67718163,6.874142175,64.89517488,33.36984395,blackgram
22,55,77,10.73,62.99303471,7.76061831,64.77651469,31.4345059,blackgram
23,42,79,46.05,63.29103387,6.781841984,68.56507978,27.71678273,blackgram
21,44,77,48.51,61.3009051,7.326980454,61.83876146,32.63918668,blackgram
25,38,62,37.77,67.77954584,7.453975408,63.37784443,32.7477393,blackgram
15,32,76,49.86,63.49802189,7.604110177,43.35795377,28.05153602,lentil
22,13,61,15.11,63.27771461,7.728832424,46.83130119,19.44084326,lentil
20,38,60,24.79,60.63872613,7.491217102,46.80452595,29.84823072,lentil
17,11,74,25.27,69.92375891,6.633864582,46.6352865,21.36383757,lentil
16,37,71,53.46,68.51966729,7.324863481,46.13833007,26.28663931,lentil
18,29,71,15.91,62.13873825,6.410441476,53.46622584,22.17499963,lentil
18,2,72,24.66,60.97876599,7.836719564,50.89110726,26.57597546,lentil
21,6,59,25.93,66.14007674,6.139215944,50.90994463,26.58972517,lentil
20,13,64,10.6,62.57526895,6.590571088,36.46946971,19.1345771,lentil
17,8,58,11.76,69.15640149,7.286049978,35.15426171,28.75273118,lentil
20,6,77,10.55,60.2816298,6.058306161,49.14337177,25.78746268,lentil
22,2,75,36.94,61.78779413,6.658605362,52.55730112,23.89271875,lentil
23,3,69,29.92,63.18832976,7.299360767,42.96018627,28.67408774,lentil
24,27,80,26.65,61.77336343,7.815210661,49.02366803,28.42062847,lentil
15,39,78,32.72,62.60136323,5.925391795,41.78219834,21.35499456,lentil
17,40,79,63.61,63.18738532,6.403683619,38.71834464,21.12695586,lentil
22,37,62,23.21,61.62313345,7.397546271,49.78102578,24.02037872,lentil
24,31,60,16.86,65.8567539,7.722335992,51.92057267,25.40474421,lentil
22,22,67,46.13,64.49166566,7.475926645,54.9393771,29.03017561,lentil
18,3,78,30.97,68.65257685,6.887130053,50.89732989,20.21368219,lentil
16,4,80,52.9,68.01965728,7.441976825,44.93261911,29.19585548,lentil
24,13,61,39.47,69.6897615,7.629910253,49.39111479,18.29783597,lentil
20,12,66,19.73,63.41785982,7.336117221,44.43177543,27.41434987,lentil
21,4,61,41.31,60.09116626,6.75020529,48.77790371,24.84063998,lentil
21,9,60,53.3,67.31323084,7.52178027,40.37113729,29.94413861,lentil
22,18,66,56.53,67.55109024,6.347379185,47.89645224,25.87990287,lentil
18,32,56,58.16,65.84395319,7.135251532,46.05333124,20.0467711,lentil
15,6,72,59.41,66.70897237,7.670178119,54.49044154,22.99451999,lentil
20,15,77,16.18,66.92642362,7.399749291,49.04015558,25.13163619,lentil
24,0,65,49.48,62.44616219,7.841496029,53.14531023,28.49584395,lentil
22,30,79,47.06,69.48515056,6.254216611,48.60449438,18.28766124,lentil
16,3,63,36.05,61.18458224,6.868881708,53.13946695,24.38041875,lentil
23,2,78,34.56,66.43934593,7.320514721,45.42616802,21.31852148,lentil
18,10,78,47.05,62.70637578,6.296976913,44.07819743,18.54141834,lentil
25,14,67,29.36,60.85993533,7.241151936,49.37369982,25.28710601,lentil
23,39,65,32.42,69.12613376,7.685959305,41.02682925,25.43459777,lentil
15,19,72,57.14,69.76112921,6.890760124,44.08562546,28.83600962,lentil
21,18,57,27.04,63.93927841,6.155915975,49.47371773,27.37659643,lentil
15,31,58,48.84,60.19461399,6.167855382,45.36521251,28.31886863,lentil
25,28,58,34.66,62.04814951,6.861640036,37.81123974,27.4818649,lentil
19,5,65,16.05,68.10365387,6.978361689,48.80253285,18.28072173,lentil
19,16,65,17.28,69.29786244,7.043160241,42.72374404,27.61204997,lentil
19,34,65,45.62,63.22011726,5.94239222,45.40277297,23.43974653,lentil
19,14,69,33.69,63.68128841,7.239455147,52.39881209,20.95628486,lentil
16,22,55,30.04,68.03209183,6.516317561,49.73922097,23.7937153,lentil
17,24,61,47.03,65.44544859,6.233269045,38.30411077,22.6371424,lentil
15,2,79,27.94,65.47227704,7.505283615,35.75107592,21.53577883,lentil
17,26,63,9.29,65.73085206,6.950300686,44.95654782,29.87854588,lentil
15,27,61,35.7,67.10004577,6.958054839,48.33941188,25.2653291,lentil
16,24,70,50.95,68.93307305,6.54803469,35.03484812,25.17885316,lentil
25,13,74,55.24,61.09533545,6.461618577,44.23629285,24.12192608,lentil
23,6,64,47.32,67.40460704,7.065264073,36.18678721,23.33565221,lentil
23,12,58,46.45,63.39503184,6.765091462,50.43306085,21.74600081,lentil
22,32,79,43.23,63.46170674,5.91645379,54.37814199,27.60195453,lentil
18,6,68,18.2,62.50453062,6.711341147,47.26052494,24.388717,lentil
20,10,79,52.3,66.895409,6.379881442,38.21370568,24.98287462,lentil
22,38,77,16.22,69.3159965,6.313284268,35.36831423,28.234829,lentil
17,17,74,21.71,69.55863145,7.393210848,37.11395801,26.03026959,lentil
24,26,68,45.6,64.07691942,7.504930973,37.15824966,28.04849594,lentil
17,23,75,10.75,64.00213929,7.198076286,48.28137482,24.87425505,lentil
22,32,78,30.31,62.35557553,7.007037515,53.40906048,23.97081395,lentil
19,19,79,30.26,67.76252583,6.677262562,42.89509057,20.06003985,lentil
18,22,60,42.14,61.28633405,6.74398035,41.7704893,19.59221047,lentil
16,28,69,22.79,66.29327012,6.547361618,35.69674138,29.77013109,lentil
21,1,67,56.15,60.53657684,6.551577598,48.06491307,27.52135365,lentil
23,12,67,53.18,63.14909763,6.585020303,45.49683991,25.62896213,lentil
20,36,67,21.61,60.47528931,6.924042372,53.31508572,20.39078312,lentil
21,28,70,48.78,60.4989659,7.437373666,39.18374505,25.39038396,lentil
19,12,71,12.35,60.71367427,7.142611056,42.19740397,24.91079638,lentil
16,22,68,32.56,63.20915034,7.74672376,37.46160727,27.70496805,lentil
22,26,66,24.61,65.1034354,6.300479414,51.54922825,18.06486101,lentil
16,16,65,36.48,62.45851612,6.078724107,50.6128521,18.13027797,lentil
22,14,59,26.5,67.89815262,6.76660668,46.90725077,23.82723528,lentil
19,33,59,48.24,62.74710773,7.641024177,49.55213308,23.19305333,lentil
17,21,63,61.07,68.17543102,6.559681838,41.45486619,25.08966129,lentil
21,0,69,58.06,61.88321072,7.072923306,36.68284038,25.86928193,lentil
17,10,75,20.6,68.05394959,7.732194788,39.00992137,18.43966037,lentil
18,30,61,11.34,67.02664337,6.157782589,52.50812701,27.14911056,lentil
17,0,74,54.23,64.50515776,7.240988401,47.01510708,23.33375853,lentil
22,35,74,32.58,62.96841833,6.898905799,42.87274897,26.7230014,lentil
24,7,63,53.19,64.45268309,6.818681086,53.04669416,19.55750776,lentil
17,9,56,28.61,66.7729209,6.261937875,46.48280681,26.13708256,lentil
15,14,74,26.52,65.57653373,6.493036868,49.94043064,27.99990346,lentil
20,14,76,42.74,62.10652364,7.042474679,36.5011366,29.05941162,lentil
16,36,65,32.34,64.1123333,7.692013657,50.17067771,25.71269843,lentil
21,28,67,31.76,63.73086065,6.250994223,46.62370222,21.79792649,lentil
16,28,79,52.4,60.26854183,6.052184881,53.12442925,24.70626432,lentil
22,40,61,34.46,65.8108757,7.002216044,44.23913012,20.94981756,lentil
19,10,70,18.96,68.98088448,7.272427638,41.61080544,24.84918386,lentil
19,12,80,49.11,65.21662467,5.962001484,36.10211371,21.91041045,lentil
20,37,77,59.58,68.70533022,7.080506001,51.02372773,25.93381964,lentil
22,0,67,18.64,69.4073209,6.593798387,51.56461082,29.82112112,lentil
25,7,73,14.34,63.13215259,7.28805662,45.20841071,27.52185591,lentil
18,10,56,38.77,68.6428593,7.32710972,46.10585191,27.99627907,lentil
15,39,70,52.42,63.90164154,6.366355781,47.9271552,20.76774783,lentil
22,26,56,38.01,60.424786,7.011121216,52.60285259,23.05276444,lentil
17,9,77,43.76,63.58337146,6.280725549,38.07659414,21.65845777,lentil
19,4,59,29.7,67.62779652,7.621494566,40.8106299,26.25070298,lentil
15,34,73,36.84,63.83179889,7.630424083,53.10207889,20.97195263,lentil
15,33,77,19.07,66.32102048,7.802212437,40.74536757,23.89736406,lentil
38,2,24,34.06,91.63536236,5.922935513,111.9684622,24.55981624,pomegranate
37,6,18,19.16,89.93701023,5.937649578,108.0458926,19.65690085,pomegranate
36,8,26,38.19,87.4024767,6.804781106,102.5184759,18.78359608,pomegranate
39,37,18,36.16,94.5110662,6.424670614,110.2316633,24.1469628,pomegranate
38,0,27,18.42,89.90147027,6.738016221,109.3905998,22.44581266,pomegranate
38,31,25,41.34,92.40501423,6.497366677,109.4169192,24.96273236,pomegranate
38,21,21,54.74,89.3259486,6.327673765,104.8955643,22.5526059,pomegranate
40,6,30,22.94,91.45498527,6.36137446,106.9659201,22.77035608,pomegranate
41,25,27,23.31,94.27659596,6.923509371,108.0423555,19.20090378,pomegranate
38,15,11,13.91,92.68328358,6.630646083,109.3930157,23.12808226,pomegranate
36,14,5,9.93,85.19098079,5.832525853,104.7693804,24.92639065,pomegranate
41,16,10,12.14,85.63608688,6.738993954,105.7595811,24.77464458,pomegranate
37,36,7,39.96,86.35590206,5.782435567,108.3168858,19.8671184,pomegranate
41,4,20,63.4,93.7974061,6.537042717,104.5375109,24.26601316,pomegranate
40,29,22,53.34,89.73266695,6.145104401,107.6836871,23.62600218,pomegranate
42,16,15,57.47,89.08935702,6.890784045,108.5468633,19.67832052,pomegranate
41,18,27,8.74,92.30882391,7.175344328,104.8216333,22.36509395,pomegranate
42,11,18,45.72,94.88267728,5.938528744,102.8593382,21.57936934,pomegranate
38,5,15,64.04,88.16779129,5.709380472,108.0756727,18.26233221,pomegranate
44,18,23,55.96,89.61794165,6.184400085,105.6499907,23.71028128,pomegranate
40,9,8,15.55,89.9224883,6.553509673,111.6631582,22.48720144,pomegranate
45,40,27,57.24,94.79397419,5.885638185,112.4349689,21.6602498,pomegranate
44,22,23,43.0,89.31505137,6.143874691,107.3416913,20.13037175,pomegranate
39,9,16,27.3,91.11927248,6.101198974,105.1834976,18.41164435,pomegranate
40,12,29,16.54,89.75272999,6.594037135,111.2818551,19.68291173,pomegranate
42,0,17,21.06,91.19442671,6.859840821,109.0946323,23.20242586,pomegranate
44,2,21,42.1,87.31290342,6.56893406,102.8013275,18.92157197,pomegranate
40,28,6,8.25,91.34039616,6.769855664,106.8704803,22.10621387,pomegranate
44,8,23,64.83,89.68919664,7.130837931,108.4758509,18.47412402,pomegranate
36,29,16,35.28,88.92944254,5.740338002,102.860084,19.81069447,pomegranate
43,17,18,40.41,90.83687246,5.843005428,103.1969341,24.4880844,pomegranate
42,34,21,12.06,89.93457597,6.648687274,111.0196744,18.75927679,pomegranate
42,21,23,21.23,90.29751796,6.902751061,104.3739878,19.54128063,pomegranate
40,25,17,50.77,87.74938524,6.608023872,111.2800516,18.91251245,pomegranate
36,8,25,51.01,94.95031368,6.828522375,104.0277061,19.91330523,pomegranate
42,26,18,22.33,89.64934166,6.910374919,108.2287276,19.72620525,pomegranate
42,4,19,47.71,87.84034604,6.306605528,111.2232716,23.83185873,pomegranate
41,36,24,43.22,94.25702672,7.009180374,103.8799347,24.94467632,pomegranate
40,5,24,63.55,93.87030088,6.297907579,104.6735454,24.692258,pomegranate
39,19,17,16.17,85.56083187,6.728599215,111.2787584,24.72485577,pomegranate
38,39,30,43.56,87.59629625,6.965156738,108.065579,20.12644921,pomegranate
44,5,29,24.34,93.0569505,5.578095745,104.7847006,21.02432943,pomegranate
43,4,24,40.65,88.1508343,7.199504273,109.8695196,22.40423537,pomegranate
35,38,21,46.32,89.38003827,5.841367187,110.9653137,20.33691147,pomegranate
36,37,11,21.89,85.56033312,6.710143266,106.9216033,24.24779615,pomegranate
41,9,25,25.39,91.90842992,5.972714857,109.2853418,24.81530144,pomegranate
43,29,22,45.97,87.95158129,5.561851831,106.0380805,19.66329768,pomegranate
38,5,21,29.97,90.3396556,6.107054808,112.459697,22.43377991,pomegranate
38,22,26,46.97,85.12912161,6.988035315,110.2437841,22.92052307,pomegranate
37,4,18,49.19,85.40695044,7.13147457,106.2817706,22.91843172,pomegranate
41,21,6,34.0,89.39686219,7.086947687,107.1951707,24.88244467,pomegranate
45,29,21,25.74,93.13277,6.749260456,105.2240743,23.40981539,pomegranate
44,23,5,36.79,94.26304717,7.16300467,107.5660804,21.20725375,pomegranate
43,13,7,35.19,91.12282162,7.013481515,109.6623974,18.20230419,pomegranate
37,5,13,33.32,89.7870345,5.648243649,103.3183074,22.34375696,pomegranate
41,27,24,15.03,90.88292835,6.610251186,110.4606459,24.32770134,pomegranate
35,7,23,31.38,88.71691157,7.054313823,102.5538035,19.75088482,pomegranate
39,12,20,20.73,86.19740917,6.026999326,111.0217929,19.86173586,pomegranate
43,4,19,32.68,93.14554876,5.779427402,106.3602023,18.07132963,pomegranate
45,3,9,61.12,89.61850203,6.535244251,104.617522,23.89162561,pomegranate
36,1,27,38.52,93.34236582,5.684995235,104.991282,23.98598756,pomegranate
44,23,30,39.96,85.42912869,6.12476108,103.0295938,20.93892916,pomegranate
42,24,21,14.41,87.22815682,6.999014379,109.4429934,20.82210727,pomegranate
37,13,30,42.19,91.61793636,6.277148771,106.8685636,20.86474944,pomegranate
44,40,11,56.1,86.10874614,6.322396027,111.3779693,24.45840036,pomegranate
40,21,9,56.62,90.64498715,5.956401828,105.6209954,24.51147697,pomegranate
44,3,27,12.46,92.03009222,6.591302797,110.9633894,24.56811204,pomegranate
42,40,29,55.59,89.01574455,7.104094929,110.6956184,24.63228709,pomegranate
40,14,25,23.06,90.97819712,6.407872061,103.7084055,20.07386547,pomegranate
37,38,14,48.01,94.63612858,6.658402594,102.6488846,21.80523051,pomegranate
36,34,9,62.94,86.34233767,6.276038961,110.4432293,22.8122645,pomegranate
37,32,14,19.92,88.48567856,6.825256236,104.6843243,22.73031253,pomegranate
35,18,21,20.58,94.94330457,6.368560522,111.1382096,23.2801227,pomegranate
38,8,23,14.23,87.1775172,7.005410734,105.4766591,19.30106297,pomegranate
41,15,6,29.86,88.83768149,6.897368477,108.6793978,19.0087067,pomegranate
36,0,5,53.15,90.88612388,6.152906502,105.529185,24.35193812,pomegranate
44,22,9,47.83,88.87651295,5.744361602,112.1926517,24.72235539,pomegranate
43,14,8,37.99,94.46485312,7.051654924,111.7162016,21.92513945,pomegranate
45,31,11,55.14,86.88738076,6.034612928,107.6435771,24.83954414,pomegranate
45,39,17,17.52,90.42177379,6.924490731,104.88189,18.09691127,pomegranate
42,10,5,21.83,91.08706822,6.887005997,109.2537734,20.24104904,pomegranate
38,8,28,34.48,94.42971362,6.8444019,105.6917856,23.22594,pomegranate
42,32,13,20.72,92.97527546,5.786058032,106.61905,23.50128217,pomegranate
40,18,9,30.35,89.02127045,5.627186257,106.1606833,19.44623085,pomegranate
41,20,27,60.11,92.51675903,5.700088663,110.5764023,20.51343484,pomegranate
36,39,25,37.14,94.99897537,5.567805185,107.6103211,18.90223032,pomegranate
45,20,7,39.63,89.24126808,6.077886012,112.4750941,18.90592319,pomegranate
45,11,10,10.59,88.45577158,6.397995609,109.0357597,22.63045168,pomegranate
43,40,18,38.18,86.79058496,5.767372539,109.9130984,19.38603815,pomegranate
39,3,26,22.59,91.19431555,7.079973241,103.6012114,24.38318965,pomegranate
36,9,16,21.09,92.93386903,5.893332378,106.977723,23.77989026,pomegranate
38,30,20,60.85,93.16343942,7.058222596,110.0932899,22.59890174,pomegranate
41,40,9,56.27,85.4017118,5.78270695,106.128338,24.37766782,pomegranate
35,40,30,53.96,91.07776977,6.269663963,104.4407083,20.89273273,pomegranate
35,32,25,27.43,85.70786282,5.892913826,107.0050976,18.09903225,pomegranate
45,33,23,32.66,85.83618191,7.116538883,112.337046,20.00218987,pomegranate
41,4,14,16.63,89.80732335,6.430163481,102.8186358,19.85139326,pomegranate
45,13,17,10.56,92.65058936,7.159520979,106.2784673,21.25433607,pomegranate
39,39,24,60.32,93.32657504,6.431265737,109.8076178,23.65374106,pomegranate
37,8,28,58.73,86.20613842,6.082571701,108.3121789,23.88404783,pomegranate
46,91,94,59.58,76.24900101,6.149934034,92.82840911,29.36792366,banana
50,105,95,48.34,83.67675197,5.849076099,101.0494791,27.33368994,banana
53,108,92,33.79,82.96221306,6.276800323,104.9378,27.40053601,banana
54,86,76,8.48,80.11585705,5.926824754,90.10978128,29.3159075,banana
49,80,77,63.41,79.39654531,5.519088423,113.2297373,26.05433004,banana
53,93,94,44.83,84.42379269,6.079178788,114.5357503,25.86632408,banana
55,90,92,26.89,80.18546798,6.13465588,97.32531705,27.00932084,banana
53,108,89,37.0,78.06762846,5.808497604,99.34482238,29.55054817,banana
55,108,88,55.22,83.390039,5.891458107,113.8729798,26.28845991,banana
52,105,77,18.72,76.16151562,5.816622479,100.0075679,29.16226551,banana
52,118,88,24.07,82.68752542,5.843163161,98.75084366,28.65003945,banana
54,101,87,16.38,76.50045221,6.376756633,100.1692639,29.07311132,banana
50,95,75,11.28,75.26429821,5.623615687,118.2761894,28.08166093,banana
53,106,85,42.79,78.8086068,5.91505509,99.72430835,27.1994597,banana
49,86,95,13.0,78.04602887,6.458714879,108.3957179,28.05484146,banana
55,83,79,37.31,83.34688193,5.565028635,98.66679427,25.14748006,banana
47,85,95,21.04,78.3422098,6.211833161,119.84797,25.94019018,banana
45,109,79,39.63,79.68542782,6.490074429,108.66464,27.66752761,banana
45,100,76,9.18,75.94067692,5.590236025,102.7867717,25.56703012,banana
48,117,86,28.45,82.54195839,6.225225239,116.1616839,28.6956201,banana
53,114,94,43.45,76.8532006,6.190757459,118.6858263,26.33544853,banana
50,110,78,50.12,78.89864446,5.915568968,98.21747528,25.93730186,banana
48,94,70,52.63,84.88394407,6.195152442,91.46442491,25.13686519,banana
47,80,71,27.77,80.79783998,6.156373499,105.0776992,27.50527651,banana
51,114,79,9.03,82.34429458,6.313197204,112.0700033,26.21009246,banana
45,88,78,56.15,79.19588629,6.324270089,92.07835761,29.10403455,banana
48,112,73,13.94,77.32017166,5.707488987,90.66727868,29.2440638,banana
47,117,76,41.91,77.38229006,6.119216009,93.10247183,25.56202173,banana
48,111,87,54.89,81.36028902,5.571401169,98.16752001,26.3985515,banana
47,89,83,41.98,77.79586769,5.63127166,109.5408614,28.09577643,banana
47,93,91,56.14,83.31110751,6.101241579,117.2878912,27.84767901,banana
52,92,81,18.06,81.4654833,6.438137279,94.31102057,27.39341554,banana
45,105,74,21.54,81.38204104,6.098369122,119.218154,25.14517635,banana
48,102,71,47.69,79.28693687,5.695267822,102.4633775,28.65456263,banana
51,94,91,42.86,76.67484233,5.618094446,109.575944,29.16093424,banana
47,116,71,34.13,82.0638878,6.435785799,91.34276507,27.57278064,banana
49,117,79,56.81,82.36208097,6.176644228,112.9794804,25.40909896,banana
55,119,72,17.48,83.33983116,6.220643671,112.0777152,25.99069521,banana
53,99,73,10.53,81.06003778,5.871702211,118.6730366,26.29039046,banana
52,91,84,41.12,78.71024836,6.390741836,117.536781,29.14827211,banana
47,80,90,21.69,79.35898915,6.21084479,107.3944717,26.59743595,banana
48,101,70,42.1,75.03193255,6.012696655,116.5531455,25.36059237,banana
53,108,89,21.45,80.18080728,5.908770059,112.3982055,29.12036889,banana
52,100,80,27.91,77.25629897,6.049801781,110.3262123,27.53911354,banana
53,109,91,42.75,83.51014178,6.010095853,110.2511102,29.66727337,banana
46,82,78,44.91,84.97323747,5.738678895,110.4408803,25.05802193,banana
55,106,70,51.06,78.52399914,5.74055541,116.3019555,25.86824781,banana
52,90,86,60.17,81.95580471,5.793260262,119.0856171,25.85036988,banana
50,83,95,55.22,77.79913575,5.50947065,108.8547508,26.51682337,banana
48,119,90,39.18,79.59242542,5.986442306,118.2583441,28.66725136,banana
45,107,72,17.92,81.54448882,5.790768046,91.40508414,28.14938935,banana
55,116,81,28.22,83.6995044,5.915546415,95.12322062,26.42313317,banana
50,101,75,39.18,81.40740301,6.242528278,109.9825551,26.59386409,banana
50,93,81,52.12,76.57853189,6.036079266,102.2099836,27.71822477,banana
45,95,75,54.16,82.95958244,5.829898502,109.022564,28.98333432,banana
55,107,71,56.18,83.96754496,6.088064451,117.229079,29.42017919,banana
47,83,94,40.01,81.10523402,6.469370954,112.1355384,27.39872329,banana
54,102,73,11.52,84.41007614,5.720726906,111.0162259,26.4020227,banana
45,86,79,52.97,82.69285419,5.80766417,99.20961514,27.81251452,banana
53,117,86,64.88,83.55829874,5.703381728,115.8586081,25.19640218,banana
53,111,79,41.75,75.77363772,6.165001278,119.695765,28.31193338,banana
50,95,74,25.19,80.47152737,6.002481605,110.10323,25.90113128,banana
55,91,75,27.15,76.11239849,6.212369363,109.2768851,27.48612983,banana
46,93,83,25.06,83.50423735,5.765308943,109.2486647,29.38254012,banana
51,92,85,46.57,81.08183635,5.740764682,108.8616474,29.22118628,banana
54,104,80,24.9,81.33506906,5.879119455,110.1331182,27.09062164,banana
51,103,72,31.32,81.81365007,6.099478745,104.4812858,26.12643374,banana
45,92,75,50.0,77.95192527,5.674403359,90.43495443,29.01207743,banana
49,93,85,11.4,79.28625709,5.694243847,119.4765557,27.96799119,banana
52,120,87,21.1,76.05522115,5.905494703,118.9923573,28.0764455,banana
46,108,72,62.31,84.97849241,6.110844721,90.94554618,25.16278237,banana
54,105,88,36.16,84.51194224,6.020445317,114.2005455,25.78749808,banana
50,98,79,37.0,84.47321314,6.435917308,91.06493353,25.34119774,banana
55,111,88,12.2,78.34971537,5.505393833,96.45042585,29.44795403,banana
45,97,74,56.51,78.51833782,5.677719902,113.1161095,26.47522633,banana
48,95,82,59.22,83.31172003,5.719014989,92.78133617,27.39489579,banana
55,89,91,35.57,80.261731,6.275572298,94.32961456,25.08347445,banana
55,89,85,21.01,76.48541655,6.275384607,91.73358569,26.6719835,banana
51,118,88,43.5,79.49221962,6.201911642,100.6619171,25.44926208,banana
45,101,92,17.55,80.6430384,5.758054257,98.00403016,28.22776705,banana
47,99,92,25.33,77.48247073,6.323933647,103.5045395,28.1279509,banana
46,82,77,32.66,82.1888998,5.901100841,95.83016448,28.9470467,banana
55,90,86,10.98,84.15403614,5.644486582,97.55986676,27.96236771,banana
52,95,88,39.49,78.90085998,6.235461772,94.68180316,28.00316034,banana
46,104,73,46.01,80.1190228,6.28236237,90.45142867,29.1400919,banana
52,102,73,21.42,83.36307683,6.356090905,90.24211529,27.9122104,banana
52,100,74,63.84,81.53977797,5.837258235,96.47800391,25.43480512,banana
48,94,89,26.49,84.51602322,5.653437902,111.0843029,28.55980972,banana
46,99,70,10.46,82.99556744,5.727469947,100.5123341,26.59580783,banana
48,112,87,28.91,77.3970629,6.200111068,99.46950465,27.19711623,banana
45,117,82,34.59,79.29122198,5.614471478,105.4220251,25.29391516,banana
51,96,86,58.01,76.98740841,6.257369799,91.99964712,29.90888522,banana
45,113,85,39.6,76.63713353,6.037430836,109.0921631,27.94972463,banana
46,105,93,45.24,78.76260938,5.760457558,108.3690513,25.01018457,banana
51,85,89,50.58,84.70189923,6.158164422,108.5501443,29.21144871,banana
47,108,94,20.49,84.54625006,6.387431383,90.81250457,27.35911627,banana
52,92,81,31.76,76.52808057,5.891413895,103.7040783,28.0106804,banana
54,110,71,15.52,82.20793613,5.725418961,94.37987496,28.67208915,banana
55,82,75,37.2,78.4873835,6.281069505,92.15524332,27.34585147,banana
53,117,81,26.4,78.20585613,5.507641778,98.12565829,29.50704598,banana
27,2,40,11.32,47.54885174,5.954626604,90.09586854,29.73770045,mango
31,39,24,37.81,53.72979826,4.757114897,98.67527561,33.55695561,mango
27,21,26,61.99,47.67525434,5.699586972,95.85118326,27.00315545,mango
25,25,22,15.15,45.53556603,5.977413803,95.70525913,33.56150184,mango
32,0,21,29.49,54.25964196,6.430139436,92.19721736,35.89855625,mango
35,20,19,18.19,50.62161586,6.113935087,98.00687989,34.17719782,mango
34,19,21,57.96,53.19212381,5.074272692,97.72843182,30.01592643,mango
31,18,17,24.87,45.16127859,5.667507706,93.75441586,31.74592134,mango
33,11,36,44.26,52.22780489,5.978634285,95.3713484,35.99009679,mango
30,30,28,12.14,52.19331595,5.064613314,98.46768642,31.86641378,mango
27,18,19,14.97,52.34605806,4.772385986,94.11213345,27.75518664,mango
27,23,23,55.69,51.4271781,5.161148592,97.31258083,34.72413192,mango
34,37,30,64.82,53.63549533,6.797779227,99.35408185,27.53907547,mango
30,11,27,33.68,48.5622488,6.39474303,89.85646496,27.69637763,mango
31,12,19,9.92,52.66319725,5.566704378,91.87312479,27.25373364,mango
33,3,28,15.48,48.88704844,5.755049971,94.42850522,30.33723921,mango
32,37,38,12.43,45.53106268,5.417340525,91.55845821,31.85744939,mango
30,26,37,53.99,49.45962621,6.166173834,97.41054011,35.39986338,mango
30,14,18,58.15,52.13797867,5.191265116,95.74606104,29.80747243,mango
35,40,16,16.09,54.16482251,4.954739564,98.33351125,34.16438906,mango
25,4,20,46.13,47.94053996,5.664587011,99.9834242,28.93270187,mango
33,36,25,9.23,53.33018851,5.548584852,99.61465679,27.98392787,mango
31,30,17,63.59,54.49960506,6.804437106,94.62954663,31.20478173,mango
28,28,37,20.37,50.52559148,6.097869767,98.63333684,32.13409675,mango
30,38,15,46.84,48.13974548,5.075504537,97.01331604,28.91862016,mango
30,12,37,57.73,47.41196659,4.546466109,90.28624348,31.09779147,mango
31,38,19,12.63,49.08864345,5.855119268,90.65022183,34.73823882,mango
29,8,33,33.36,49.48613279,6.442393461,91.82271568,29.98080499,mango
28,15,27,64.76,46.12866113,4.507523551,90.82549241,33.80398664,mango
25,34,16,39.55,50.96040505,6.10729559,92.09609766,30.07202564,mango
31,11,36,43.1,51.77965917,6.47544932,100.2585673,27.92063282,mango
34,33,29,13.53,49.21729127,6.832979509,92.99739415,31.40948821,mango
26,12,31,30.55,51.94190321,5.395275719,100.2160615,35.7877738,mango
28,12,34,21.52,45.02236377,6.13526938,98.81596545,33.36140093,mango
31,5,16,44.11,48.69677802,4.555688532,98.00644238,35.96054636,mango
29,1,30,52.99,51.39586505,6.434197756,91.67241761,28.33333307,mango
31,16,35,42.98,50.19368841,5.316875978,95.99487068,32.27652024,mango
26,35,18,36.71,50.84881347,5.279388967,97.38741498,31.99490489,mango
26,4,40,29.77,48.56916221,6.720041791,95.8445641,27.58258929,mango
34,9,29,51.26,45.88744691,5.72742254,100.8124659,29.38471637,mango
33,2,38,37.58,53.2328243,4.691396195,90.21633216,32.38697531,mango
32,26,32,32.99,49.92963856,6.810186079,90.14047759,30.91471455,mango
31,34,38,32.36,45.58110023,6.454045329,97.41586402,35.37775595,mango
33,5,32,57.84,52.5896771,5.842763773,93.36718816,32.32362177,mango
26,31,29,29.72,47.40519056,5.024124684,97.76832322,28.22373428,mango
35,34,34,43.23,47.16808054,6.422710539,95.257992,27.27433181,mango
32,36,19,26.5,50.70880979,4.94295037,92.37238878,27.10710832,mango
26,7,17,38.72,48.75613373,6.414526606,91.63074547,34.89226666,mango
27,38,15,52.62,48.50387598,6.777788126,92.26439205,33.7462686,mango
25,5,19,43.7,54.43945147,6.441328044,96.27792547,27.3511056,mango
26,37,36,10.65,52.61323969,4.650536197,94.49161372,32.89300162,mango
32,21,31,28.93,51.42664176,5.254532213,90.29643888,35.38598705,mango
27,37,36,62.23,47.90859131,5.910634533,90.40332704,27.5529736,mango
30,23,23,62.94,47.45553843,4.755273631,90.89173106,32.82141065,mango
26,36,26,17.99,51.0845903,6.814630246,95.23444287,30.17294105,mango
35,24,33,44.42,54.82257868,5.342866119,100.7586226,29.26382931,mango
30,26,18,49.17,51.08494181,6.336234624,96.59816497,32.06097197,mango
26,22,17,31.77,47.71875722,4.754435025,99.642454,28.69818144,mango
32,11,34,62.88,49.40983294,6.831706773,97.55155537,29.14305008,mango
28,29,35,36.89,53.53903102,6.967417766,90.40260445,28.3471611,mango
26,22,28,38.53,45.41692012,4.947683034,92.84991507,27.67256197,mango
32,23,24,20.69,46.16888595,5.630619901,93.30247448,28.1218093,mango
34,1,35,13.91,46.69536813,6.27339822,92.21318555,30.79375683,mango
34,2,24,47.61,54.80750249,6.472774648,94.76322976,28.89409382,mango
25,39,37,55.49,45.61143594,6.953246506,98.28583013,33.33024826,mango
27,15,36,35.88,53.96886679,5.643710216,91.01152997,27.78912455,mango
31,3,18,30.04,48.20662669,6.392313973,91.09745581,31.65333432,mango
32,8,38,46.66,46.73723302,4.981816523,91.405983,29.75150773,mango
34,33,31,53.18,50.22287593,5.421265283,89.78216168,31.32995611,mango
32,14,29,39.14,48.97047762,6.942520105,97.51952041,35.63627319,mango
26,18,20,64.13,51.98594645,5.435840509,89.98024312,31.66524687,mango
32,9,21,35.32,53.56092806,5.870116071,95.94035356,32.26935342,mango
27,20,30,26.13,51.59445462,4.74910393,95.89898581,27.81005614,mango
25,9,38,59.99,50.34035336,5.497946899,100.3060719,34.58561471,mango
34,26,24,45.49,52.23810152,6.811291098,89.74409017,31.27180992,mango
29,31,36,55.05,52.72170281,6.460542749,97.4611918,33.93679864,mango
35,14,18,53.74,47.02058367,4.791146778,91.46664318,31.09154239,mango
35,40,16,49.74,49.02450149,6.4841522,89.59371481,31.89356292,mango
34,28,27,61.89,50.69693751,6.526654345,95.04871605,32.45465292,mango
30,0,17,56.34,47.97230503,6.279133738,97.79072474,35.47478322,mango
29,1,29,52.57,49.30347234,6.052026047,93.53197359,27.32961444,mango
31,2,36,22.24,49.95955487,5.73171945,91.77522598,30.90225239,mango
26,12,27,34.43,45.5661059,5.32307197,96.23520043,29.09382275,mango
35,7,28,38.52,46.78393776,4.66910839,96.63721027,30.02086169,mango
26,0,36,33.96,51.25786185,5.101206389,96.38808001,34.13072188,mango
31,26,35,44.76,53.05980465,5.339556562,98.05089394,33.44619894,mango
30,27,21,53.88,52.48823147,5.061081874,91.22881052,35.3915464,mango
31,22,38,17.03,53.06009323,5.821106036,98.57025046,31.53356352,mango
31,22,18,13.53,47.93791463,5.956027059,90.38503469,30.7645515,mango
28,28,23,61.01,50.0983181,5.676032581,96.08745082,30.01821337,mango
27,7,31,11.45,47.59319575,6.524114355,94.67344737,31.32863689,mango
26,29,34,58.38,54.39416048,6.273953676,89.29147581,33.88004781,mango
33,8,37,39.23,54.9640534,6.128167757,97.45373619,28.07802689,mango
27,39,16,40.68,52.94641947,4.934964765,91.54560427,35.53845018,mango
25,40,24,37.55,50.44030129,5.445008416,95.8946444,28.70595247,mango
26,19,38,45.17,48.77926304,4.525722333,93.17221967,31.48451729,mango
30,21,21,9.96,51.41593238,5.403908328,100.7720705,27.69819273,mango
33,22,18,39.06,52.48100602,6.621623545,93.92375879,30.41235793,mango
30,31,20,62.83,54.01352682,6.207495815,91.88766069,32.17752026,mango
31,18,26,42.42,47.74916499,5.418475257,91.10190759,32.6112614,mango
195,24,130,63.95,81.54156612,6.112305667,67.12534492,29.99677232,grapes
204,13,144,59.88,82.42614055,6.092241627,68.38135469,30.7280404,grapes
205,22,123,13.37,83.88504863,5.896343436,68.73932528,32.44577836,grapes
196,36,125,52.03,80.65968681,6.15526103,66.83872293,37.46566825,grapes
196,24,131,44.71,83.74372787,5.732453638,65.34440794,22.03296178,grapes
198,2,123,32.33,82.21079946,6.253034534,70.39906054,39.64851881,grapes
197,35,140,39.98,82.75241875,6.106190557,66.76285469,16.77557314,grapes
195,11,122,47.51,83.56812483,5.647202395,69.63122027,12.14190714,grapes
203,6,123,46.57,81.62497448,6.130310493,66.77844567,12.7567962,grapes
204,17,134,62.53,80.18393287,6.499604931,73.88467027,39.04071989,grapes
197,25,130,37.85,82.68593454,5.554831977,74.91506217,39.70772192,grapes
205,27,145,43.23,82.29335466,5.800242694,66.02765219,9.467960445,grapes
201,9,122,64.32,80.91934392,5.570290539,68.06417307,29.58748357,grapes
203,16,139,33.08,80.96093443,6.27564088,65.84748763,17.82803682,grapes
204,32,141,12.09,82.89753705,5.536645599,67.235765,8.825674745,grapes
195,22,138,30.87,83.51444973,6.208196881,73.02882766,27.83487131,grapes
202,31,144,37.3,80.55557235,5.870600622,68.23963161,11.02105378,grapes
205,3,136,31.56,80.84806564,6.334771461,71.4065452,17.5862944,grapes
197,28,122,64.53,82.73366439,5.856575335,69.66256816,19.89363946,grapes
204,4,136,29.86,81.77713468,5.898944282,65.52279323,29.93707596,grapes
201,39,145,39.89,80.58931938,5.775600435,72.24230804,36.73126647,grapes
197,38,132,15.92,81.54185044,5.931101816,66.93065667,20.42094753,grapes
198,36,133,28.62,83.98351748,6.2286454,69.17281221,25.51939719,grapes
201,25,121,62.63,82.71775569,5.594240603,70.08200379,30.50734778,grapes
199,15,125,25.44,80.55625868,5.569230319,69.75734306,18.4269936,grapes
205,24,140,30.07,83.59398734,5.93202852,68.66813363,12.087022,grapes
203,13,132,29.75,82.48336987,6.423216506,73.23901752,23.60115364,grapes
197,5,126,41.95,81.20876367,6.417500829,67.10439401,12.80000387,grapes
200,30,120,39.87,82.24729637,6.234904253,65.70148216,38.06099482,grapes
197,23,142,27.86,82.03812973,6.000573725,69.30772897,39.06555518,grapes
203,26,135,47.3,81.16314317,5.685102769,74.53557341,33.78372897,grapes
203,7,126,13.41,82.00335557,5.662140095,73.28712806,16.76201707,grapes
198,32,139,63.89,82.66850729,6.358186848,66.53946559,35.89307536,grapes
202,9,141,54.65,81.17931863,6.119495295,66.38448261,21.01245395,grapes
196,20,142,8.69,80.01639435,6.207600783,68.69420397,10.89875873,grapes
201,32,129,14.6,83.00471609,6.48754639,71.55665483,16.36251869,grapes
199,3,134,51.5,81.32235739,5.81717753,71.06611222,20.28370163,grapes
204,38,138,32.38,83.25447587,6.325480034,73.01026829,25.11108456,grapes
198,14,131,32.7,83.86742974,5.562790949,67.92204319,33.4641162,grapes
204,20,122,16.27,80.86325389,6.487369687,65.06962486,11.7976469,grapes
201,40,126,32.33,80.03100049,6.116982944,71.18289431,11.36300891,grapes
204,36,128,40.34,80.68700527,5.695792761,67.03840888,25.23542319,grapes
197,11,132,49.71,81.23966573,5.734317007,74.40198861,15.99050693,grapes
195,0,137,31.39,80.18612085,6.329499832,65.3973168,22.4359017,grapes
200,19,123,17.77,81.03544763,6.167013532,65.70430027,34.76086052,grapes
197,31,136,24.36,83.34010951,5.653776058,71.43001582,31.11047251,grapes
200,4,134,12.7,80.95628959,5.840256272,73.34232097,28.57828803,grapes
201,39,139,57.86,81.01783402,5.539980812,68.68895899,41.18664903,grapes
196,8,127,23.48,83.17093908,5.833302165,70.95666003,27.02766138,grapes
203,39,138,64.3,82.33098331,6.399433771,74.62834921,21.19339319,grapes
204,32,120,64.43,83.44518113,6.138958698,67.3917379,10.38004759,grapes
203,12,142,40.02,82.56407013,5.972850838,65.01095312,31.3115978,grapes
195,8,133,15.71,80.97598029,6.456079585,71.29813872,20.46657776,grapes
199,8,139,32.6,81.53996362,6.336426667,66.13442813,29.36947679,grapes
202,21,134,46.18,80.02130636,6.425419926,65.2982112,10.72302459,grapes
195,40,140,27.36,80.49979873,6.294395676,71.63437433,14.97846952,grapes
202,39,127,23.37,81.67215994,6.477768039,71.60102999,15.3246651,grapes
195,19,120,45.24,81.12109244,5.931538447,73.55807954,18.73932187,grapes
201,21,139,43.86,83.36094029,5.980598579,67.15094741,19.3642553,grapes
195,17,136,39.47,81.61051026,6.389783283,65.90227462,41.20733624,grapes
203,33,139,44.46,82.51034633,5.693287415,70.68098614,33.34214482,grapes
201,22,133,34.96,80.12211649,6.00299607,67.2739864,23.81995682,grapes
196,32,130,22.5,81.24995984,6.372959542,74.03030056,40.66012294,grapes
205,37,135,24.85,80.2827185,5.510924849,74.10225057,11.82768186,grapes
195,15,140,23.45,83.54193816,5.69945282,65.80006004,13.28504331,grapes
196,39,132,16.84,83.32560104,5.778594403,73.67984885,35.83089092,grapes
199,40,121,24.15,81.03886263,6.315586313,66.05911698,26.18159716,grapes
202,40,132,43.74,80.70695797,5.971813006,69.706113,24.57558351,grapes
203,29,142,38.52,83.71498986,5.891195653,66.48490371,29.67229086,grapes
199,32,121,64.14,81.25353895,6.129812716,74.08101744,39.37102553,grapes
205,6,140,32.04,82.92903419,6.313085601,69.8671263,17.66558428,grapes
196,8,120,48.0,82.66396666,6.053662544,69.81855775,24.06679352,grapes
202,34,133,17.78,80.09711412,5.804799142,74.82144653,15.31413469,grapes
199,35,135,38.25,80.54942557,6.400719746,69.39630398,21.77466746,grapes
199,16,145,32.97,80.76838926,5.953966361,69.30927185,26.91624843,grapes
201,8,136,44.93,82.22118237,5.609255992,74.19664838,41.65602996,grapes
195,25,129,45.75,81.17712085,5.777271492,72.37127689,17.98667801,grapes
201,16,130,8.3,82.79092939,5.682395429,68.8503047,29.12033769,grapes
203,39,129,34.58,83.18392806,5.863996687,71.03001556,34.38922481,grapes
203,38,135,30.35,82.79782954,6.444373116,69.92107482,41.36106301,grapes
205,33,120,8.75,82.26890793,5.550832178,69.71518491,35.12158265,grapes
204,35,125,36.21,80.15215777,6.107741788,73.69529586,19.6491772,grapes
200,1,132,48.07,82.94270065,5.620745638,66.57462809,16.27852801,grapes
203,39,140,11.67,80.63399198,6.349875906,69.27779761,21.11903604,grapes
202,28,145,63.56,82.9042841,6.484323189,66.83113717,19.2077707,grapes
200,6,128,36.53,82.57813624,5.838748311,70.31782647,25.96308415,grapes
199,6,139,24.76,81.6212135,6.29099842,74.10919422,25.67385024,grapes
196,29,122,8.86,81.15595212,5.638328481,73.06862952,41.94865736,grapes
197,37,144,50.48,80.8084305,6.415555956,66.34234944,11.18994268,grapes
197,38,120,11.19,82.94703302,6.323722572,73.77063744,17.5438296,grapes
198,38,141,9.0,80.28297993,5.757009965,70.75633584,13.05809741,grapes
203,14,121,27.94,83.74765639,6.158689406,74.46411148,9.724457611,grapes
204,6,125,36.18,82.93262435,5.733539807,69.92092839,27.92004934,grapes
197,32,138,59.0,80.73112694,5.908724337,69.44115171,9.535585543,grapes
204,11,124,45.23,80.06633966,6.361141107,71.40043037,13.42988625,grapes
200,23,138,12.33,80.22631717,5.96537863,68.42802444,9.851242629,grapes
201,40,143,8.66,82.72828653,6.476757723,66.70016285,24.97256132,grapes
202,6,142,33.95,82.94573346,6.224542938,70.42508897,27.23708304,grapes
195,37,124,37.96,83.4795292,6.209928251,66.5964488,18.70679077,grapes
204,35,134,21.38,82.55138983,5.841138354,66.00817551,9.949929082,grapes
51,119,25,39.04,80.92254421,6.283818329,53.65742581,26.47330219,watermelon
55,119,19,21.87,83.44621709,6.818261383,46.87420883,25.18780042,watermelon
50,105,30,11.2,81.77527562,6.37620108,57.04147057,25.29954705,watermelon
50,114,8,41.78,88.30866319,6.581587932,57.95826144,24.74631269,watermelon
52,93,22,56.44,81.32563243,6.932739726,41.87540028,26.58740671,watermelon
55,80,26,60.02,88.989272,6.140099215,49.11618732,24.53442564,watermelon
45,85,27,35.69,88.7285657,6.467095849,57.79652846,26.0713757,watermelon
53,85,22,44.98,89.77076659,6.849471704,59.46338556,25.96534238,watermelon
45,82,22,61.53,85.34866045,6.512196212,54.60159289,26.22338015,watermelon
54,118,13,56.02,89.81574032,6.039584629,44.07843475,24.41311871,watermelon
53,83,25,30.69,80.04678201,6.057697106,57.72799157,26.49195283,watermelon
47,86,15,17.54,84.18406764,6.423898762,53.78929956,24.04355803,watermelon
47,101,10,64.01,83.31883376,6.936997681,57.57343233,25.5421695,watermelon
50,119,9,21.97,83.9195902,6.251286661,40.794305,26.74550678,watermelon
46,104,17,22.03,80.22972777,6.190015912,43.08961827,25.7131428,watermelon
51,95,12,44.98,84.1726996,6.681606702,44.22066914,25.76484262,watermelon
52,102,14,49.33,89.64815231,6.51075991,57.74091817,26.79489868,watermelon
55,109,21,21.3,89.73524177,6.770278088,57.44942094,24.9004602,watermelon
50,81,18,27.83,88.22874955,6.429788073,58.79889057,26.80750629,watermelon
51,103,17,14.38,80.02621335,6.209888345,44.20656987,25.11189154,watermelon
50,105,14,44.45,87.6883982,6.419052193,59.65590798,26.2148837,watermelon
52,97,8,42.62,86.97190046,6.237861736,49.48575692,24.9103226,watermelon
49,120,19,21.67,84.26830701,6.762471629,56.45229202,25.79448878,watermelon
55,95,16,59.13,87.55055105,6.612847999,40.12650421,25.26931156,watermelon
52,83,29,40.02,87.5931128,6.704688865,46.05122728,25.76402693,watermelon
45,83,9,14.01,89.13163965,6.049609892,46.85176955,25.85483596,watermelon
50,91,21,46.91,81.44030363,6.762030215,48.32113628,24.33528185,watermelon
54,116,5,61.72,80.99313508,6.65398725,57.23028471,25.37601283,watermelon
54,112,28,20.4,85.05318563,6.738030547,55.29563514,24.86094646,watermelon
51,88,29,29.7,88.94568335,6.095689937,48.45978627,24.71885473,watermelon
45,118,15,51.75,84.20576992,6.538006356,48.01138482,24.21495706,watermelon
48,92,21,17.85,82.043255,6.377427122,54.82963379,25.81692236,watermelon
45,106,14,24.75,84.16390229,6.417011754,57.26773002,24.47018505,watermelon
47,99,5,11.22,84.84494575,6.649086972,51.19470197,24.13078816,watermelon
51,98,8,24.6,86.52258079,6.25933595,49.43050977,26.1793464,watermelon
46,108,22,34.34,86.7295205,6.121168559,53.33484977,26.17668721,watermelon
55,119,7,55.26,84.6378378,6.031424482,44.3993381,26.03867719,watermelon
48,117,27,16.85,82.39053979,6.835268184,54.30660782,26.53259325,watermelon
53,109,10,10.77,87.8274604,6.551750306,46.06193778,26.81938687,watermelon
46,80,16,33.95,81.40297428,6.940236218,48.47833278,25.50405534,watermelon
52,100,18,45.31,80.38266489,6.87606733,56.47941847,26.20234499,watermelon
53,91,7,29.62,89.28272716,6.457216535,43.52897517,25.13735887,watermelon
53,86,6,41.26,83.47202566,6.921847888,42.10681516,25.92030221,watermelon
52,107,5,49.19,89.98405233,6.881425746,57.40847165,26.6634609,watermelon
49,103,16,49.06,81.64075303,6.915717008,51.75212401,24.06731461,watermelon
48,101,20,47.94,82.75411437,6.206247494,57.05709413,24.6774157,watermelon
47,85,25,50.56,87.64081095,6.29542477,58.48160844,26.11440416,watermelon
51,84,7,54.5,87.65694462,6.399669044,55.74073582,26.81530456,watermelon
54,102,28,38.77,80.27525115,6.862157042,55.49541453,25.15623099,watermelon
52,98,25,11.7,83.15393658,6.224066378,49.29456609,25.2801372,watermelon
50,97,25,33.06,80.90127035,6.093814669,49.08553937,26.22005978,watermelon
45,90,16,53.45,80.61750795,6.291540278,50.55710813,24.92093261,watermelon
46,95,12,52.09,81.01009354,6.32281728,54.65423596,26.21667586,watermelon
49,82,23,10.56,87.21986949,6.873283991,51.70497792,26.81383586,watermelon
51,82,25,52.09,87.47409052,6.074209622,48.11248366,24.31334971,watermelon
46,110,28,63.74,88.04541346,6.49889585,51.26046418,24.29105004,watermelon
51,118,21,45.24,86.33904774,6.678805092,48.58241822,24.42998931,watermelon
45,120,20,23.69,88.6984228,6.114128685,54.22722466,25.66576039,watermelon
52,91,7,22.47,83.46230461,6.405054243,56.39962921,25.07803672,watermelon
55,81,6,47.9,85.87059083,6.110142735,51.70699144,24.88910524,watermelon
54,101,13,11.27,82.91481799,6.828982708,56.34144589,25.42900869,watermelon
55,101,17,55.02,87.1269128,6.451499764,44.63907691,24.37118217,watermelon
53,111,6,31.51,88.59143088,6.313512999,46.06382209,26.4930645,watermelon
49,107,10,18.89,89.00481725,6.755192025,45.24690619,25.83202912,watermelon
46,115,11,13.31,89.39655519,6.623167177,40.32161859,24.41592661,watermelon
52,84,25,34.05,81.2514818,6.12532356,44.20899581,24.37190239,watermelon
47,120,7,56.77,83.03687902,6.653867608,54.7657624,24.24782473,watermelon
46,91,12,31.2,85.49938185,6.343942518,48.31219031,24.64458469,watermelon
52,89,22,42.2,86.10782926,6.217300786,53.14626213,24.89681131,watermelon
46,113,19,49.09,81.12122989,6.286387658,49.52320689,25.41864024,watermelon
50,97,22,48.87,86.14585891,6.7698938,58.97878791,26.26028739,watermelon
50,117,30,53.28,87.20772913,6.744966312,46.59207341,24.90123934,watermelon
52,90,14,47.51,89.20454622,6.391858432,59.67927244,24.84740848,watermelon
47,104,23,46.68,86.70068316,6.770434148,42.91292205,26.98212846,watermelon
45,81,16,38.29,86.25426228,6.727468157,59.75980023,26.90435747,watermelon
47,88,5,21.81,86.67468041,6.662244646,41.16554802,25.86475496,watermelon
45,92,7,56.0,81.14149505,6.944640222,51.51033554,26.70607759,watermelon
50,81,18,38.12,80.91934337,6.507110986,47.81847573,26.44019475,watermelon
55,111,5,48.7,84.42478917,6.520663422,50.78669728,26.283443,watermelon
51,108,23,33.68,83.85039964,6.106500787,40.228644,26.84366082,watermelon
50,113,30,38.06,83.9862443,6.277484043,43.87712348,26.03967219,watermelon
53,83,10,43.23,85.00802358,6.195142279,48.75859458,24.92994759,watermelon
51,101,11,29.9,84.24340241,6.792035575,44.2068997,25.50736962,watermelon
55,114,21,29.32,87.9392312,6.472756256,57.51549686,25.4438391,watermelon
45,99,6,59.68,86.5507939,6.000975617,40.71210074,26.12588914,watermelon
55,92,20,63.23,87.5267616,6.587791262,59.26519444,25.10474753,watermelon
48,92,7,15.6,86.63249555,6.956508826,54.38748495,26.27520631,watermelon
55,91,24,44.7,83.09194521,6.259086583,46.76837499,26.27061608,watermelon
54,110,21,26.87,87.82430156,6.747537642,47.46447019,26.73690828,watermelon
51,112,25,18.42,85.5667282,6.932537231,56.72496677,25.04746944,watermelon
54,89,25,13.91,85.56967628,6.353107393,48.99390828,24.69368934,watermelon
53,100,10,13.71,84.60808277,6.211748957,42.00660251,24.54356968,watermelon
54,83,22,53.85,81.96664832,6.277245254,54.49960057,25.89762315,watermelon
50,95,14,58.29,84.31756844,6.560443519,56.31866159,26.6333118,watermelon
49,119,30,11.64,80.45846265,6.903020221,47.72078245,25.35794749,watermelon
47,97,12,58.31,89.63667876,6.765094964,58.28697664,25.28784623,watermelon
45,110,7,28.4,84.69546874,6.189213927,48.32428609,26.63838589,watermelon
50,96,18,14.33,84.30533791,6.904241707,41.53218699,25.3310446,watermelon
55,83,23,61.1,83.89241484,6.463271076,43.97193745,26.89750174,watermelon
47,120,24,12.96,89.4138489,6.260838965,58.54876687,26.98603693,watermelon
55,115,17,39.87,94.11878202,6.776533055,28.08253201,27.57826922,muskmelon
48,114,27,58.41,93.03555162,6.528404378,26.32405487,27.82054812,muskmelon
52,101,25,36.76,94.22237826,6.750145572,22.52497327,29.09910406,muskmelon
52,118,18,40.65,90.83130708,6.562832807,20.76223014,28.04943594,muskmelon
45,95,26,59.42,94.55695552,6.117530021,28.16057247,29.91690582,muskmelon
49,81,25,22.48,93.25103208,6.076459669,26.26243014,29.86895762,muskmelon
53,117,24,56.5,92.21405224,6.293486295,21.30290472,29.17220859,muskmelon
51,114,30,53.01,90.06998135,6.069171847,25.93496537,29.24908541,muskmelon
52,113,6,33.01,90.35567642,6.740983646,25.21609113,27.76317235,muskmelon
52,108,26,59.07,94.26765349,6.201797639,26.23838511,28.82629037,muskmelon
48,81,30,49.48,92.09688432,6.041027474,29.86681385,28.52379742,muskmelon
52,115,9,29.89,90.97685539,6.019372459,29.1194739,29.06785065,muskmelon
45,83,7,32.11,90.73891887,6.704104127,25.33014238,29.08417927,muskmelon
55,84,21,63.77,94.79453182,6.494251024,21.08484101,28.47090661,muskmelon
45,109,26,64.25,90.38971208,6.224535449,21.58992507,28.27973674,muskmelon
55,95,27,14.51,91.21322065,6.160414414,20.88620369,28.47212559,muskmelon
55,119,5,43.0,94.30111601,6.168757984,26.83924845,29.68846716,muskmelon
51,110,14,18.23,91.66737633,6.085444691,21.26034986,27.02415146,muskmelon
48,82,18,43.21,94.16748386,6.159050816,26.70581328,29.09588297,muskmelon
48,87,14,34.69,92.58862544,6.606033244,29.1102594,29.69238699,muskmelon
53,85,9,15.71,92.86798698,6.447662945,28.78654515,28.20619412,muskmelon
53,100,6,18.41,93.92217834,6.105909623,23.66620626,29.05248036,muskmelon
46,107,12,33.54,93.61870344,6.559763394,27.56918621,29.57240298,muskmelon
47,91,13,39.25,92.43510994,6.14410903,27.95602304,29.10968327,muskmelon
50,102,25,30.54,92.91440379,6.099662369,20.36001144,28.20480805,muskmelon
53,117,25,21.92,92.12543021,6.413927319,24.52020164,29.11858526,muskmelon
52,85,21,15.09,90.10051615,6.075144116,23.69586761,29.62800691,muskmelon
55,104,25,8.43,90.36881284,6.123802502,22.68766503,29.81196601,muskmelon
54,102,24,12.34,90.93897939,6.698468621,22.81863447,27.72338349,muskmelon
50,116,25,43.29,92.92367701,6.088885814,28.70627683,29.26092798,muskmelon
48,100,17,64.17,94.29753295,6.367800632,26.52364146,29.72791119,muskmelon
54,110,25,42.3,90.78413842,6.425930938,23.44398467,28.91105641,muskmelon
51,104,25,30.35,93.88482153,6.469983276,23.56130173,28.96361426,muskmelon
54,107,11,49.91,91.33617236,6.094016338,29.44008034,28.59052369,muskmelon
52,98,26,25.37,90.69759008,6.150090899,28.69113835,27.33897716,muskmelon
52,88,17,10.71,90.75284363,6.646962425,25.37828397,29.90415889,muskmelon
46,87,25,56.18,90.02696201,6.379690748,21.7508774,27.42711692,muskmelon
46,120,8,12.03,90.70937262,6.732834334,28.36535596,29.55657523,muskmelon
46,95,13,15.63,93.76312893,6.126019932,23.28207838,29.84070774,muskmelon
47,108,22,29.76,91.72742702,6.161123579,25.1290048,28.53545677,muskmelon
52,82,13,35.61,94.86907886,6.442810053,26.51924782,27.11535046,muskmelon
55,120,23,20.25,91.60666594,6.732049075,26.47844429,27.84492803,muskmelon
47,110,22,42.23,91.82172592,6.243673725,24.93861254,29.03157242,muskmelon
45,95,23,25.69,90.56698742,6.266208727,21.19014526,27.82424457,muskmelon
49,106,10,32.89,92.00687531,6.350623739,20.21126747,27.72653142,muskmelon
52,99,12,49.9,94.30759855,6.002927293,22.21807088,28.69708334,muskmelon
51,106,20,49.29,90.97015715,6.342573112,20.49035619,29.73019662,muskmelon
53,83,11,61.02,92.91778307,6.163921248,21.9653077,29.54097171,muskmelon
55,117,19,9.32,91.78336933,6.121745389,25.16359891,28.80311922,muskmelon
49,98,26,41.59,90.53330091,6.130160473,23.49535234,27.29035669,muskmelon
48,113,20,64.78,94.87679041,6.440584681,27.27899847,27.46583649,muskmelon
47,101,17,31.33,94.72981338,6.185053234,26.30820876,29.49401389,muskmelon
45,98,7,15.49,92.51054946,6.157724816,26.85422624,27.79161808,muskmelon
48,93,22,56.3,91.52291141,6.776987974,21.90440445,29.12533739,muskmelon
47,95,21,17.63,93.56161439,6.431970877,20.66127836,27.93114233,muskmelon
48,109,12,37.13,92.12534736,6.708743843,20.76212031,29.45771748,muskmelon
47,118,12,31.72,92.17444796,6.010739645,28.94766949,27.96872279,muskmelon
49,100,14,24.2,91.07574233,6.365956658,26.01909355,29.48882958,muskmelon
47,89,9,62.9,90.77069618,6.668382766,28.75226067,29.47156259,muskmelon
46,95,16,8.83,90.14362622,6.74669542,24.4514648,27.0767265,muskmelon
45,95,7,63.1,90.80015308,6.031665834,25.09484511,27.30008597,muskmelon
45,87,6,50.64,90.79007335,6.40077205,22.84203589,29.82729394,muskmelon
50,93,20,8.54,93.22980899,6.448792689,24.34814338,29.93061247,muskmelon
49,84,29,55.23,93.90741192,6.251420275,20.39020503,29.94349168,muskmelon
47,111,5,25.1,91.47355778,6.274452811,21.17924769,28.03306461,muskmelon
52,111,5,42.83,94.0371147,6.135996372,21.0000988,29.8843055,muskmelon
54,111,15,18.45,92.91185695,6.194090172,22.06207161,27.7058373,muskmelon
47,89,11,8.42,94.65343534,6.327822962,27.8659442,29.78714005,muskmelon
48,110,15,23.2,92.86597437,6.212567211,27.5987178,28.57819995,muskmelon
52,95,30,38.37,90.33698678,6.640470863,26.0365768,29.48069921,muskmelon
52,115,12,16.84,94.96218673,6.685553129,21.01796432,27.51492243,muskmelon
50,120,25,17.43,94.81637388,6.327210469,21.84869328,28.05457761,muskmelon
45,102,11,8.86,93.12603235,6.35544263,24.15591199,29.03167341,muskmelon
55,94,5,63.82,91.89216849,6.085682344,26.88372572,28.5854649,muskmelon
46,84,18,16.8,93.42402083,6.781050373,25.32159689,27.08808014,muskmelon
54,107,22,55.36,90.84660317,6.630301421,21.61893763,27.99611732,muskmelon
52,80,18,19.01,91.14849627,6.484799661,24.05207925,27.87317436,muskmelon
45,86,18,52.07,90.71832938,6.566759102,22.25838137,28.96586565,muskmelon
48,113,28,27.43,92.48839665,6.170520518,24.44267592,28.87726019,muskmelon
53,115,18,32.46,94.19790371,6.012480351,22.06994464,29.17052093,muskmelon
54,82,20,23.72,90.01506395,6.541150335,21.44532907,29.34033587,muskmelon
47,98,22,45.06,91.91533173,6.341400922,28.83568362,29.07265321,muskmelon
54,117,25,13.91,92.50969311,6.150686364,29.11187663,28.68275966,muskmelon
49,83,15,52.21,91.39356832,6.438008153,23.20076686,28.92705913,muskmelon
51,120,16,58.84,91.64193051,6.547041903,23.28618248,27.99901833,muskmelon
50,111,5,49.17,91.79742953,6.399891457,24.84266123,27.59350075,muskmelon
47,85,21,27.48,90.60932469,6.186770318,24.69720481,29.87331077,muskmelon
54,90,23,21.24,90.45773041,6.159020864,27.26588346,28.55852465,muskmelon
55,99,29,56.71,91.46241065,6.660954816,26.48240255,29.19378695,muskmelon
47,102,11,18.63,92.78226196,6.504906979,27.14509034,27.98780984,muskmelon
51,80,18,22.11,91.81758779,6.706053225,20.76582087,28.05380704,muskmelon
52,87,21,61.23,94.2911951,6.067665498,27.21244021,27.3506296,muskmelon
52,114,8,38.26,94.5513539,6.419083092,28.22908103,29.34081108,muskmelon
46,99,6,49.14,94.22253035,6.39637861,28.98574189,28.61475136,muskmelon
50,89,25,45.56,91.34685096,6.375923383,25.08146686,27.04863538,muskmelon
55,96,13,44.85,94.57459443,6.700337732,21.13545688,29.5275305,muskmelon
47,82,26,58.25,93.46806467,6.565312653,24.20007242,28.50416396,muskmelon
52,106,21,21.84,94.78993038,6.286515359,23.0362503,28.89578588,muskmelon
52,90,15,35.28,91.3821731,6.448061578,23.65747461,27.04927452,muskmelon
54,106,16,47.64,91.69532178,6.585872508,24.7458198,28.96017885,muskmelon
196,24,128,13.36,90.69489172,5.521466996,110.4317855,22.75088787,apple
197,7,144,19.65,94.34814995,6.133220586,114.0512495,23.8494014,apple
205,14,128,30.13,94.58900601,6.226289556,116.0396587,22.60800988,apple
201,8,120,48.34,91.13435689,6.321152192,122.233323,21.18667419,apple
201,20,129,40.64,91.69913296,5.587905967,116.0777931,23.41044706,apple
204,32,137,50.88,93.12859895,5.824151693,117.7296726,22.86006627,apple
205,27,139,13.84,93.40819246,5.772179946,105.5473627,22.48403042,apple
205,0,123,43.29,92.96129462,5.790993052,121.1349176,22.02775403,apple
196,22,144,25.22,91.68748063,6.499226821,117.0761277,21.91191314,apple
199,1,124,48.38,93.27392415,5.658473817,112.6676589,23.71059131,apple
197,30,122,36.94,92.72043743,5.573241391,106.1417017,21.37784654,apple
196,29,121,47.64,94.32130209,6.079497202,123.5977843,22.84852833,apple
204,13,126,35.54,92.79630809,6.383180271,108.183792,23.1094265,apple
199,9,139,48.02,94.54128292,5.867420996,105.3558408,23.25230817,apple
200,0,133,60.71,90.4935574,5.708418722,104.2298028,23.67287749,apple
199,30,143,35.85,90.59810302,5.7983508,102.2648546,23.76881552,apple
198,36,140,52.43,91.47684705,6.28188384,104.4267991,23.34386401,apple
199,37,137,18.0,90.18451645,5.697945522,108.3405879,22.63946441,apple
203,33,121,48.64,94.76285385,5.605934087,114.8407725,22.45696744,apple
195,7,144,48.39,93.58065995,5.85648105,104.6472986,22.96388477,apple
205,35,128,30.41,93.56585985,6.041053829,107.8737015,21.07273439,apple
198,29,128,19.47,92.70785115,5.685062404,121.4977331,22.44075021,apple
196,2,143,44.5,90.45261746,5.669489065,109.8852597,22.71271308,apple
198,34,140,30.68,93.44006288,5.751707342,115.1781396,21.70416965,apple
204,29,144,20.38,92.48667725,5.800448951,119.1025189,22.43324518,apple
203,32,141,37.75,92.84416234,5.821347769,109.0658471,21.25941052,apple
197,13,144,31.4,94.89613443,6.28022267,105.6941544,22.9215706,apple
198,25,143,52.22,91.51861705,6.027314401,107.855225,22.81212536,apple
200,9,137,23.18,90.6878768,5.636687393,102.8017203,21.12152071,apple
198,6,144,44.22,90.31528693,5.559363609,104.5086618,21.11478672,apple
196,37,126,44.8,90.97597665,5.596449493,107.1728191,23.59997268,apple
203,2,120,14.41,94.71203306,5.893492999,108.6211833,23.12652652,apple
197,11,143,36.39,93.3204487,5.875718516,122.1952483,22.98458907,apple
201,10,141,60.31,90.97818277,6.386021424,104.5412275,22.12659387,apple
202,24,142,20.05,91.48135786,5.710819862,101.8474768,22.53779727,apple
195,23,138,56.51,91.70292746,5.795985716,124.3915101,22.49095104,apple
204,18,125,55.57,94.47811755,6.046673619,116.7366261,22.35548159,apple
196,13,121,43.21,93.50574163,6.443382913,120.1593771,22.20700989,apple
202,26,122,19.63,94.73763514,5.617227184,107.1843273,22.44516988,apple
202,28,123,58.44,92.12438519,6.442289294,120.4359949,22.76643029,apple
201,26,121,44.8,90.02575116,6.162034371,112.3126628,22.19109412,apple
196,21,137,64.41,91.70293849,5.812781806,123.5900822,23.6119202,apple
198,21,135,50.81,94.92048112,5.765015126,105.0241329,23.86087054,apple
205,5,144,44.6,92.62665309,6.184922574,102.8045658,21.42177231,apple
205,2,123,32.74,90.78572467,5.739652177,124.9831618,22.36629253,apple
199,15,133,42.37,91.61001707,5.824778636,117.6102915,23.99686172,apple
198,31,130,52.54,92.73446667,5.554823557,120.0586671,21.80129837,apple
200,25,143,44.0,92.80441624,6.024248787,100.6192543,23.80436344,apple
204,16,143,53.25,91.53331177,5.631333387,121.8961665,23.71475278,apple
202,19,122,37.75,90.37981478,5.811975094,112.8954016,23.34467359,apple
196,10,125,36.73,90.03577124,5.730557448,113.0688155,22.31253665,apple
202,20,139,49.69,92.21083961,5.66999105,107.9868949,23.50201428,apple
198,28,123,56.5,91.45665004,5.682751473,111.7763395,23.46260321,apple
200,28,136,39.92,92.39544055,6.245858905,114.7399101,23.06204373,apple
199,2,131,9.88,91.22759742,6.017370134,124.2179699,22.47420512,apple
197,2,140,18.65,92.82223419,5.53456749,105.0508234,22.69780133,apple
201,27,138,62.59,93.90191078,5.952367662,105.4004751,23.66682067,apple
204,30,127,27.36,92.45878335,6.126436584,100.9343903,22.50050273,apple
203,32,145,12.92,90.84422164,6.406818518,109.5966791,23.83053666,apple
205,29,139,29.73,93.74461474,6.155939453,116.6912176,23.64142354,apple
195,26,126,31.77,92.99124545,5.878568981,118.3979065,21.41363812,apple
202,40,136,17.99,94.5764581,5.935336308,117.5314026,22.85267372,apple
200,6,124,41.69,93.84505029,5.971332179,109.5852253,22.98208095,apple
200,35,138,56.51,90.80819418,5.67130617,103.6838922,21.19909519,apple
196,17,136,30.81,90.49939035,5.882155988,103.0548094,23.87192332,apple
205,33,134,44.02,94.33919546,6.08551916,114.7412734,21.0365275,apple
197,16,143,13.51,93.51978375,5.90402645,116.9256766,22.61711614,apple
200,27,120,27.48,90.74531921,6.110218826,116.7036582,21.45278675,apple
205,29,145,47.51,92.12992101,6.212302608,109.3383552,22.81227579,apple
197,3,141,55.85,91.12719303,6.142803397,115.4789148,21.98141856,apple
204,15,123,54.43,92.54780429,6.365972688,115.3830068,22.52709326,apple
195,5,136,29.97,91.92360477,6.264202804,107.7697413,22.35628673,apple
204,10,136,47.63,92.15595143,6.276198595,105.8554351,21.19852186,apple
195,7,141,24.37,93.45067555,5.514253142,104.9116663,23.8812458,apple
201,2,129,52.41,94.36803516,5.682343744,122.1449949,22.78234161,apple
197,29,138,11.31,92.43764169,5.830892252,121.6622761,22.19055385,apple
200,30,137,57.93,90.70475565,5.603413172,118.6044645,22.91430043,apple
204,29,132,10.59,90.22507299,6.0967531,108.2166601,23.08950736,apple
197,14,139,38.94,92.83975602,6.056529526,121.6961761,21.72484506,apple
203,18,125,18.2,91.59234006,6.160267496,102.5565807,22.44307715,apple
204,33,143,27.9,91.95769858,5.814434775,122.5391946,21.1316077,apple
196,40,144,35.22,92.25479855,5.987262638,107.0289866,22.71750705,apple
197,9,143,63.04,92.88160462,5.570020684,117.6602827,23.75033085,apple
203,38,135,9.06,93.661643,5.965551311,100.825956,23.76121837,apple
196,28,130,32.0,94.67695747,6.062356467,112.9203223,22.13450646,apple
203,35,142,9.38,90.23730166,5.895319002,123.6495149,21.17089176,apple
205,12,129,39.35,91.15761594,6.119432215,118.6832725,22.36238282,apple
203,1,135,50.75,92.70124029,5.624203283,113.7759219,22.77856513,apple
205,0,145,52.2,90.09877774,5.52078314,113.9760462,21.22503442,apple
201,31,121,41.42,90.34396882,5.731535258,110.712841,23.15791104,apple
203,35,131,40.76,93.91722423,5.893490899,102.7230739,22.42776057,apple
195,29,140,45.39,90.95257927,5.560521058,116.7431319,23.64082979,apple
198,33,138,62.37,90.69033986,6.222390798,122.7418744,22.29423493,apple
197,14,140,17.84,90.90054697,6.071255131,113.0381382,23.35225078,apple
195,35,145,63.13,94.58075845,6.231950009,110.9804014,22.03911546,apple
197,40,120,44.97,92.48879468,5.889480679,119.6335548,23.80593812,apple
198,25,132,56.54,90.85174383,5.732757516,100.1173443,22.31944084,apple
196,31,137,41.8,93.82567435,6.400321212,120.6310784,22.14464104,apple
196,36,144,21.03,94.50528753,6.496934492,115.3611268,23.65167552,apple
197,10,140,38.06,90.27185592,6.229498836,124.4683112,22.16939473,apple
12,22,30,41.46,92.51077745,6.354006744,119.035002,15.78144173,orange
13,37,6,62.4,91.50819306,7.511755068,101.2847738,26.03097313,orange
6,27,13,64.33,91.35608208,7.335158382,111.2266885,13.36050601,orange
9,7,16,52.2,92.04304496,7.813916603,114.6659511,18.87957654,orange
9,20,7,48.34,91.57802915,7.129136941,111.1727497,29.47741671,orange
10,26,27,33.7,92.91487288,6.079998496,114.1339416,28.06903173,orange
15,5,23,15.28,92.04670813,7.408939392,112.5424199,25.66901098,orange
14,0,18,56.7,92.00719952,7.207991261,114.4161786,29.77149434,orange
14,39,24,26.68,90.90343769,7.189259647,106.0711985,30.55472573,orange
6,13,23,38.83,90.26408017,7.365338111,102.6958703,23.96147583,orange
15,21,17,23.44,91.5473145,7.455991072,118.4901697,23.98289638,orange
8,33,12,34.64,90.31153735,6.822282114,117.3695296,25.26052689,orange
12,6,9,35.9,90.14362642,7.028746406,109.6894658,31.08368929,orange
10,19,7,42.81,91.22062116,6.118430299,100.1961762,14.78003032,orange
6,24,18,40.8,94.45239715,6.285312759,116.3796525,26.56608303,orange
8,9,11,54.09,94.39000473,6.559236744,111.7803734,24.85903405,orange
7,31,8,35.94,93.63812684,7.163245982,103.5684926,34.51465139,orange
5,22,17,36.76,90.72351622,6.945562889,102.835632,24.12188673,orange
8,13,5,29.14,90.10522549,7.474710503,103.923226,23.85340379,orange
9,16,8,27.9,91.28408653,7.601189843,111.2948115,24.60297538,orange
6,4,13,56.15,94.25966183,7.561143224,101.4705704,15.63211033,orange
14,0,25,61.1,91.97978938,6.361671475,116.450422,19.33516809,orange
10,8,7,59.85,91.98317355,6.929216014,105.2132259,28.2620488,orange
5,4,23,58.73,93.36348717,7.477935216,110.3332655,22.67594476,orange
8,33,14,32.7,92.9641969,7.684420446,110.6823944,21.03200078,orange
15,30,7,48.45,91.06053924,7.825531916,115.7659902,33.23453301,orange
12,21,29,20.63,92.15987039,6.438668989,117.3688104,22.30318989,orange
5,11,14,23.33,94.8933184,6.946354724,115.5683776,11.50322938,orange
15,9,8,42.04,94.35734702,7.994465371,110.2223123,14.34320488,orange
14,5,18,51.27,93.48447453,7.434118807,119.1709113,33.1056981,orange
14,29,25,63.42,90.4582865,7.781988584,113.3302105,30.49183837,orange
15,33,12,28.97,92.03272799,6.052318465,116.7173125,30.25578031,orange
6,8,16,48.95,90.26457428,7.106650373,108.4161706,12.22816189,orange
8,15,14,33.6,90.22399223,6.22094286,119.3941064,10.01081312,orange
8,16,7,63.3,90.60901895,6.420457311,116.5084074,22.79196751,orange
7,0,12,42.42,90.65458473,6.969249676,116.8130969,20.18432263,orange
6,5,25,41.12,94.01331956,6.011302181,106.8118019,30.72119881,orange
11,6,8,32.84,92.39651663,6.600948788,119.6946577,24.35590861,orange
5,10,5,16.27,91.35349216,7.817846496,112.9834361,21.21306973,orange
6,1,17,32.35,91.38411917,6.8198271,117.5293447,10.78689755,orange
10,1,30,14.35,91.34663797,7.291405641,103.5771468,11.89925671,orange
15,0,23,46.11,93.37488907,7.598729065,109.8585753,22.56664172,orange
9,24,27,48.13,93.24688124,6.157135092,119.3936976,18.86883219,orange
13,36,11,64.83,93.04897191,7.1917274,112.7194284,17.34083741,orange
8,40,21,37.15,92.87820148,7.418761774,102.1906333,34.90665289,orange
6,40,22,44.54,91.90997228,6.488221135,115.9787989,24.53610067,orange
13,32,18,40.23,91.74780462,6.044167236,107.9873218,13.8377282,orange
10,9,10,63.09,93.52211892,6.010391864,101.5164589,22.3551049,orange
8,13,16,37.43,93.12316972,6.949838549,100.1967854,34.74004942,orange
11,15,9,26.76,94.14861001,7.907956251,108.8289171,11.54785707,orange
5,29,11,41.46,91.94670335,7.639788459,104.4224145,23.13338811,orange
9,1,15,20.4,94.55239717,7.53350946,115.3560318,29.98364695,orange
11,18,5,27.79,90.93756231,6.251586885,102.4550786,20.87947369,orange
9,14,22,8.02,91.13772765,6.543191814,112.5090516,17.24944623,orange
7,33,15,28.67,91.68293851,7.651225301,109.7571416,15.83388699,orange
7,4,6,10.59,91.11764246,6.708889665,112.6738296,23.01014302,orange
14,17,16,45.11,92.18151927,6.625538653,102.944161,16.39624284,orange
10,12,20,61.55,93.10527686,6.528354932,109.4711098,24.45132792,orange
8,34,29,56.42,91.15248149,6.450640306,105.3437825,31.87859192,orange
10,39,28,55.81,91.48247612,7.181907673,109.1549823,31.34920143,orange
12,31,25,11.31,90.03969587,7.016482298,111.7793889,18.05142392,orange
8,12,6,56.3,92.86773675,6.388617138,107.4142681,30.84835031,orange
13,12,29,13.44,91.52781832,7.57125447,118.0069295,22.45616931,orange
11,26,11,61.71,90.95589386,7.609348255,106.2944879,13.70319166,orange
15,19,24,54.01,93.72485075,7.137136973,111.8391951,20.48954522,orange
9,39,21,34.72,94.02769434,6.354022554,106.2696156,13.20844373,orange
13,16,29,10.1,93.67804556,6.196907944,117.6236473,32.31944397,orange
13,36,29,28.3,90.91510525,7.829507245,109.7513927,20.68185224,orange
12,37,23,12.36,90.50621806,6.395258356,113.1169398,31.52675982,orange
15,39,9,60.71,91.81183218,7.992041984,116.7555937,25.35467646,orange
14,31,5,61.78,91.69865887,6.583411671,110.6857506,17.66545409,orange
8,18,12,8.02,91.81668769,6.206053072,119.3916718,12.59093977,orange
10,20,20,38.25,93.68394562,6.976997772,106.060149,11.86631922,orange
5,5,8,49.98,92.22706805,6.562594972,112.7715925,11.03367937,orange
12,20,8,47.02,94.96419851,7.260416405,117.9733424,25.2990432,orange
11,25,21,35.81,90.15406807,6.460044778,104.7052254,32.23797837,orange
14,14,19,48.51,94.35815354,6.699164936,108.0638166,17.68408797,orange
12,37,18,9.75,90.19147747,7.401121811,106.6955204,10.2708877,orange
6,26,15,33.1,94.78797376,6.912033409,108.0054343,17.22034507,orange
5,13,22,59.12,90.50096668,7.764040111,100.1737964,19.667056,orange
9,32,25,30.52,93.75652041,7.796034006,101.1456947,10.35609594,orange
9,19,7,51.47,91.71369387,6.969883483,101.139435,27.255435,orange
9,28,7,50.52,92.13229786,6.730757538,115.5650287,34.5917846,orange
11,24,30,21.83,94.51768464,6.601395755,113.25373,32.39523995,orange
10,7,17,28.82,91.22320999,6.465913274,106.362551,10.16431299,orange
8,18,23,36.11,93.43949693,6.41354791,101.4819888,21.49118657,orange
12,7,20,15.0,94.76759975,6.475275337,110.0447896,16.53460397,orange
11,20,23,49.61,90.12220323,6.407715561,109.9455062,31.8520694,orange
11,18,14,52.88,90.00621688,6.550814117,117.1311498,28.04799508,orange
10,34,11,61.1,94.59551226,7.36220835,115.1989301,31.75048899,orange
10,20,29,19.55,93.27189064,7.36549204,100.7896871,29.07412717,orange
13,37,24,33.36,90.71037456,7.8546243,108.0230792,19.14381903,orange
10,12,8,58.66,91.4448027,7.995848977,107.4287664,16.14820285,orange
14,34,10,35.9,92.05811721,6.725600855,116.8020848,34.05296914,orange
9,6,13,22.38,90.56151463,7.786725333,118.3271968,34.51423957,orange
5,27,30,41.89,90.54608254,7.656978112,113.328978,32.71748548,orange
12,13,8,10.34,92.54736032,7.105904818,114.3117197,25.16296632,orange
7,6,7,25.16,94.47316879,7.199106204,113.9995146,27.68167318,orange
15,40,17,42.07,90.9492967,7.871063004,107.0862095,21.35093384,orange
9,31,26,47.92,93.25638873,7.566165721,103.2005992,11.69894639,orange
50,61,68,22.01,91.49725058,6.793245417,243.0745066,35.21462816,papaya
45,58,46,63.42,90.79028064,6.576261427,88.46607497,42.39413392,papaya
55,45,47,44.13,91.14220381,6.751452932,119.2653877,38.4191628,papaya
53,39,65,43.07,92.11508608,6.560743093,235.6133585,35.33294932,papaya
45,31,68,33.09,90.07600528,6.938313356,196.2408242,42.92325255,papaya
45,70,68,11.92,92.85470152,6.991626158,203.4044028,33.83508569,papaya
50,68,62,38.46,92.76437927,6.977700268,197.5282582,33.20258348,papaya
47,34,65,61.48,93.71043692,6.833768535,191.7760562,23.48546973,papaya
54,38,68,33.8,90.81781439,6.739170045,202.0572747,29.33710543,papaya
47,69,64,56.89,94.50766912,6.993473247,186.6762324,40.21199348,papaya
47,58,51,9.66,91.70445386,6.757470637,197.402901,42.13473976,papaya
53,59,47,18.45,91.4618874,6.850663232,47.271547,32.86316618,papaya
54,44,64,35.13,91.38048469,6.74274935,232.7046126,29.80744318,papaya
48,56,57,45.76,93.0484859,6.506120752,63.62250788,31.56213762,papaya
54,69,60,20.58,93.06134398,6.98992719,141.1736926,36.32268069,papaya
49,56,58,23.2,94.60761797,6.69215564,172.4788062,37.13165026,papaya
53,49,55,23.36,93.63739039,6.544029776,77.71566883,38.4418717,papaya
52,38,51,54.83,90.78931681,6.927803911,78.85085502,32.66160599,papaya
47,54,65,55.13,91.55594211,6.721835879,149.9107557,27.92765919,papaya
51,57,57,10.59,91.48815629,6.99223441,105.8841531,39.01793345,papaya
53,39,52,25.03,94.65904123,6.704204398,51.07048113,32.51247398,papaya
45,58,67,12.2,91.72514851,6.702424548,62.62377075,38.72382798,papaya
52,61,64,34.27,92.83405443,6.641098708,110.562229,43.30204933,papaya
55,34,62,39.47,90.72526502,6.585346229,238.5008779,27.58548913,papaya
45,31,48,53.25,92.90951393,6.563134737,132.7923586,40.78881819,papaya
52,47,46,28.98,91.40301608,6.502289473,206.3999208,23.19451074,papaya
52,32,68,14.7,92.61715632,6.800321319,248.8592986,32.68067385,papaya
46,36,59,12.26,93.61082872,6.721130543,127.2509777,34.28879307,papaya
51,61,51,40.95,94.16193416,6.574677594,120.9512466,39.30050027,papaya
46,70,54,26.37,91.12220596,6.919342407,122.7628653,39.73149053,papaya
49,44,56,17.31,91.25589286,6.519779583,64.4478499,39.23342464,papaya
51,34,68,54.07,94.17756725,6.687088098,40.35153141,27.34734861,papaya
47,50,59,62.35,92.09278584,6.747975732,209.8678411,40.76998685,papaya
52,39,70,17.26,90.79668055,6.65149129,59.49373381,26.26559543,papaya
49,34,61,50.99,93.3210737,6.502675132,117.8201907,28.12971499,papaya
55,44,60,13.82,90.55561637,6.825371185,98.54047745,34.2804607,papaya
52,31,62,25.63,93.00754254,6.99104104,182.026807,33.7960155,papaya
51,65,62,17.64,90.87394933,6.511624841,207.0735119,31.53243779,papaya
53,44,57,25.16,90.51431779,6.93172108,74.876786,42.30495821,papaya
48,50,47,12.03,90.61964344,6.712772333,218.2299187,24.63676897,papaya
48,43,50,32.57,91.37059792,6.63016515,179.2720807,28.28222883,papaya
53,60,46,24.77,92.98254537,6.761953186,183.49095,24.48620746,papaya
55,70,68,36.71,94.63548176,6.691202286,78.8099639,42.84609252,papaya
52,59,62,59.3,93.10887229,6.608667684,103.8235658,43.67549305,papaya
51,60,58,8.74,92.92203105,6.840802254,165.7412972,42.07213781,papaya
47,42,60,62.87,92.12746225,6.834808348,136.8277041,33.46873719,papaya
47,35,66,40.63,91.66232213,6.953439161,48.83810592,31.7018373,papaya
48,34,65,21.99,90.03863107,6.665024508,199.3096432,41.41968393,papaya
46,36,54,35.28,94.94482086,6.662875839,214.4103848,42.54744013,papaya
52,39,64,31.32,94.63676767,6.678695788,63.68794608,28.91842453,papaya
47,37,52,26.89,93.90305729,6.54277684,211.8529059,43.08022702,papaya
46,33,47,40.76,93.96834049,6.839443833,209.4083305,29.20300896,papaya
48,34,48,38.33,91.37258067,6.805277038,181.527598,41.04224355,papaya
50,49,54,46.32,93.18240298,6.762522087,97.26336657,25.62446619,papaya
49,40,65,35.41,91.06138506,6.678449318,163.9069365,35.32876402,papaya
49,68,52,51.21,92.27749066,6.577192175,63.35298768,24.42561272,papaya
52,50,46,20.37,90.21646909,6.734005648,54.01872359,31.18298415,papaya
50,65,63,64.3,91.3256535,6.524459342,79.27201575,31.88342554,papaya
47,40,49,44.3,91.1756748,6.501521192,246.3613268,42.93368602,papaya
48,42,53,31.7,94.31994776,6.758479569,231.5153161,23.11407669,papaya
51,49,55,37.76,93.90560147,6.676578778,135.1694525,24.87212063,papaya
49,59,62,46.73,93.35191636,6.941496806,114.778071,43.36051537,papaya
47,63,58,17.11,90.75379971,6.864143752,144.6656444,26.83054058,papaya
52,70,65,57.51,93.12659793,6.583528529,75.95295,30.42012134,papaya
52,63,50,18.14,93.22642604,6.751747609,115.8163936,28.64555584,papaya
47,40,64,17.98,93.47888842,6.893509446,71.73759526,32.50037548,papaya
50,63,58,52.59,94.6428898,6.720744449,41.5856585,43.03714283,papaya
49,45,58,44.76,90.34546355,6.827812549,75.24521981,30.10773379,papaya
47,66,69,33.68,93.61055571,6.912299695,87.53393983,23.69212243,papaya
52,54,67,19.43,93.30641944,6.586107335,141.3381168,35.67667332,papaya
52,69,67,41.98,94.43877142,6.827305908,82.83061083,27.71948962,papaya
49,67,68,32.91,92.38282957,6.821774589,149.8488208,35.26824831,papaya
47,45,57,64.25,90.78821158,6.656458831,161.6892093,23.16855863,papaya
52,56,50,26.59,92.25197542,6.770384816,88.1300769,33.08706051,papaya
53,70,50,42.65,90.44967809,6.933809743,172.3458448,37.4620912,papaya
45,44,47,55.71,94.73613484,6.579441304,218.142147,38.73218907,papaya
47,50,60,33.61,92.74889453,6.92791761,93.7942847,32.57720726,papaya
53,52,51,51.52,93.10378595,6.985804083,210.2735346,38.38231475,papaya
45,35,68,61.22,90.09448142,6.612429546,234.8466111,42.93605359,papaya
52,68,69,26.51,92.74501561,6.813383387,52.95477913,25.65492304,papaya
52,32,55,18.58,91.99740365,6.9677596,159.6577388,37.58899717,papaya
51,32,55,39.79,93.15642801,6.57398033,62.68710535,29.60718808,papaya
47,48,62,54.66,93.02871078,6.803094965,174.4012337,25.34756111,papaya
53,39,69,20.73,93.02357765,6.964955435,241.8202079,25.9300384,papaya
45,49,61,33.49,94.57377401,6.764213299,240.4795923,32.76795887,papaya
54,48,57,63.88,90.20396783,6.617703178,126.8069869,29.02328049,papaya
49,69,66,48.1,90.17015833,6.52711001,92.11877372,40.00439101,papaya
55,53,55,63.35,91.25271223,6.709668804,234.496633,33.32315744,papaya
52,38,61,64.1,94.94021378,6.620729882,46.44279118,31.22790131,papaya
55,57,64,43.35,92.9585411,6.583760499,62.50689682,26.68386496,papaya
55,51,57,11.83,90.14732171,6.676407337,108.4103158,24.70528368,papaya
45,56,65,47.84,93.97379963,6.751298936,218.0908814,38.2016825,papaya
52,54,66,47.44,93.79503425,6.867554147,104.4218596,36.56769731,papaya
47,58,55,54.29,93.69111672,6.742490027,240.6863901,26.05375792,papaya
54,68,70,61.68,92.76039164,6.986228647,54.77830202,31.29986342,papaya
55,42,59,49.12,94.35110201,6.979102243,149.1199989,40.10207731,papaya
47,43,64,40.05,91.58076549,6.825664782,102.2708231,38.58954491,papaya
49,35,67,12.5,91.1508798,6.617066674,239.7427554,41.31330062,papaya
55,56,59,30.8,91.79430166,6.551892638,188.5181422,37.03551903,papaya
53,39,64,42.64,91.07355541,6.598860305,208.3357976,23.0124018,papaya
29,18,30,44.23,92.86056895,6.420018717,224.5903664,26.7627493,coconut
28,37,23,29.95,94.3138837,5.740054567,224.3206759,25.61294367,coconut
33,13,28,24.85,95.64807631,5.686972967,151.0761899,28.130115,coconut
35,2,21,23.56,91.53720922,6.293662363,179.8248944,25.02887163,coconut
35,10,18,34.33,99.64573002,6.381975465,181.6942283,27.79797651,coconut
32,7,11,58.88,95.11294697,5.542169139,184.7624496,29.25902906,coconut
31,39,5,24.44,93.69979946,5.551963184,150.9502632,27.10134661,coconut
27,34,6,36.11,90.92669463,5.860740481,147.8888994,25.84726298,coconut
29,31,30,49.17,90.98617591,5.558807063,178.8116076,26.58580443,coconut
35,25,7,34.44,99.18843684,5.55771171,189.6711349,28.38503882,coconut
26,16,18,22.65,91.81320717,5.568365926,145.5414413,28.43647052,coconut
33,26,10,56.86,96.93649473,6.07071786,198.8234862,28.27298134,coconut
32,27,8,47.02,96.46168931,5.627860549,144.3331315,27.00648436,coconut
30,37,18,61.62,99.34854917,6.38488418,157.9171537,27.63551259,coconut
34,19,15,21.31,99.65809151,5.685889066,215.9195049,26.29644905,coconut
33,0,19,23.17,95.23797989,6.234458417,204.7206567,27.1326009,coconut
26,31,20,36.19,97.61361544,6.443168642,199.7936345,25.56567803,coconut
32,9,17,42.55,93.40548703,5.842317989,172.0540491,25.94951662,coconut
29,22,11,22.65,95.01630593,5.955742971,218.0055713,28.03380598,coconut
26,31,6,24.48,91.30924833,5.741367375,157.2388553,29.12859129,coconut
30,34,6,47.84,97.00155491,5.948342571,171.7575545,27.0828252,coconut
32,24,6,51.75,90.01734526,6.387067562,172.4813641,28.11321494,coconut
26,1,8,50.88,94.18955816,5.562911913,156.6732553,27.5136304,coconut
33,31,13,36.83,95.48763389,5.85971872,205.5463111,27.63834933,coconut
28,10,9,15.89,94.01014388,6.282955073,150.0500312,29.01256899,coconut
26,36,27,47.51,95.78923137,6.25449571,171.6262299,26.58413917,coconut
33,38,24,55.63,97.00396405,5.973853124,142.9403233,28.28905147,coconut
25,11,6,50.32,96.65248672,6.081568052,178.9635457,28.69164799,coconut
30,16,14,44.22,96.30484325,6.37466756,209.8453993,29.70931288,coconut
35,33,14,10.87,96.66355213,6.027707171,149.2433497,27.14865285,coconut
29,16,6,62.68,91.95614918,5.868285082,132.1491176,29.28725038,coconut
31,32,11,38.75,93.31410447,6.205931638,134.8419069,25.06871967,coconut
30,38,14,34.33,91.20106019,5.570745386,194.9022136,26.92449525,coconut
33,8,6,26.56,93.64761266,6.095261013,171.9457959,28.27804288,coconut
33,23,6,46.97,92.73041222,6.025789594,204.9603677,29.18032562,coconut
35,29,25,63.54,91.64509299,5.542873799,160.7306991,28.3575072,coconut
33,24,14,12.77,93.27565685,6.366219551,218.5241851,29.38072512,coconut
30,32,12,42.66,98.08951196,5.579845008,218.080385,25.39241091,coconut
31,30,25,26.73,98.62048026,5.804965067,208.1181381,26.31270635,coconut
35,14,21,48.98,91.91185319,6.121005506,194.3100272,29.52501367,coconut
29,27,22,34.22,92.17170353,6.000248647,145.4172387,28.83214859,coconut
29,40,5,34.83,97.76865458,5.820978791,160.389421,28.48444906,coconut
32,17,11,30.04,93.39676499,5.620733794,156.7650823,28.74013335,coconut
35,30,30,42.34,95.59224018,6.001936419,165.8092179,25.00872392,coconut
30,28,10,46.96,91.14723422,6.305740522,192.7678575,29.8690834,coconut
29,39,7,12.12,94.59086121,6.362544111,150.2012138,27.54273211,coconut
35,32,20,19.67,98.38227669,5.588655387,144.6261698,26.52166434,coconut
32,7,15,64.63,95.89739958,6.182232762,174.796583,25.03512351,coconut
29,29,17,10.62,95.66997327,5.959493188,211.2506267,29.20394909,coconut
34,34,15,35.13,91.10510371,5.677282678,224.7006953,27.05826457,coconut
25,14,23,23.98,96.96637916,5.612122797,135.4186222,26.18552389,coconut
29,18,19,37.49,92.48519606,6.206077742,162.8432736,27.59376845,coconut
35,7,21,37.01,94.65830608,5.764812076,131.2451414,25.76011662,coconut
34,24,27,33.07,95.11320315,6.203376525,145.0583117,28.87862994,coconut
29,39,29,37.33,94.48414544,6.143662699,199.8778403,26.50908611,coconut
28,29,8,41.57,91.72546257,6.100429497,214.4128874,26.87037587,coconut
27,10,24,20.55,94.90485697,5.708409601,145.9298935,27.57283516,coconut
32,0,29,28.98,98.3670985,5.868255858,171.6516396,28.05912437,coconut
31,32,11,49.61,92.56492864,6.461225827,131.2116167,29.51611558,coconut
32,37,10,53.1,95.16333673,6.165084855,222.803013,28.96318258,coconut
27,20,29,47.57,92.36099489,6.047044342,157.7592626,25.09897688,coconut
35,31,29,54.9,92.19906776,6.137102505,141.3220576,27.1872282,coconut
27,17,30,35.83,90.79093862,5.894027065,205.5720367,29.03065024,coconut
30,1,12,12.55,95.94643831,5.56222383,131.0900076,27.754298,coconut
29,6,13,38.25,99.96906006,5.832608028,201.8258633,27.31155708,coconut
32,15,28,41.51,99.64328526,6.218571874,224.4016682,28.84270971,coconut
29,27,24,41.3,96.97300803,6.142010637,191.006688,26.61423461,coconut
30,3,23,16.88,95.65754365,6.078807239,215.1968037,29.70143197,coconut
26,8,26,11.24,91.64194826,5.702484758,212.867626,25.54759871,coconut
26,20,28,22.39,91.49882979,5.547594847,167.0470997,26.37978453,coconut
27,26,18,59.22,92.90736493,5.836075368,142.1430003,27.45907759,coconut
35,1,6,42.75,95.71935435,6.231662767,147.1682459,27.02269204,coconut
31,27,30,43.25,90.73966792,5.718120393,148.8398374,28.98545306,coconut
34,23,7,30.89,91.52421214,5.852038202,134.1279669,26.1055118,coconut
31,0,26,20.09,95.02156793,5.547933273,192.9036306,25.0707247,coconut
25,38,6,38.95,96.92786777,6.156259104,191.2996157,25.54963273,coconut
26,25,12,43.49,95.67906668,6.436314406,134.8370348,28.56973521,coconut
32,40,5,10.26,96.7036223,5.981169595,143.533473,26.07010807,coconut
31,0,19,22.79,94.38420565,6.271952833,178.7297725,25.51791333,coconut
32,26,9,33.91,94.73860514,6.470465614,144.1571109,25.9490364,coconut
34,35,30,44.8,95.41122824,6.141502001,182.4482352,28.2974764,coconut
30,19,30,26.87,91.40896307,5.826381164,224.8315729,29.56549169,coconut
33,31,13,60.22,95.21224392,6.342463714,148.3003692,29.69952329,coconut
26,17,29,63.25,93.28415295,6.071897347,195.4115025,26.14162144,coconut
30,2,30,8.26,94.79998418,6.331051715,209.540094,26.00175125,coconut
25,30,13,23.19,91.48889469,6.413184638,164.9182225,27.15116142,coconut
33,8,15,26.54,98.09861043,5.50158009,213.9011021,28.97318719,coconut
35,18,12,61.38,96.38580769,6.338720873,131.3387935,26.13958446,coconut
30,8,28,32.13,94.33465411,6.015672239,135.1272491,25.51618488,coconut
29,40,22,46.02,99.98187601,5.735364307,174.6256481,27.55821802,coconut
33,27,10,63.95,97.48410555,6.465906333,154.0621221,27.81132822,coconut
31,21,20,38.12,99.7240104,5.855457599,165.8248732,25.60033702,coconut
35,3,9,20.08,99.84671638,6.318552973,225.6323656,26.91641934,coconut
27,22,16,46.11,90.27214288,6.006784979,188.9252083,29.1797902,coconut
30,27,8,21.54,98.29937782,6.008386283,221.2258168,26.44600063,coconut
33,22,8,10.56,95.8840407,5.665785202,203.9283708,28.43572863,coconut
32,28,27,60.25,93.00109012,5.764615485,191.7723087,28.94099669,coconut
26,23,21,34.77,93.45042636,5.901495544,149.2220255,26.45488737,coconut
34,37,5,58.06,93.84150618,5.779032666,152.4238712,25.79490531,coconut
29,19,26,46.34,98.80313612,5.67154928,166.5712879,26.93141945,coconut
24,133,47,50.96,79.19732001,7.231324765,90.8022356,24.40228894,cotton
20,136,36,36.19,84.86275707,6.925412377,71.29581071,23.09595631,cotton
18,104,47,36.94,76.97696717,7.633437412,90.75616738,23.9656349,cotton
23,133,47,47.78,75.62137159,6.827354668,89.76050416,24.88738107,cotton
23,126,38,17.27,83.63276077,6.176716425,88.43618918,25.36243778,cotton
19,126,50,17.67,81.7358876,6.628722836,78.58494391,24.69457084,cotton
20,113,41,40.42,80.53965818,7.256877571,96.32600992,25.0017188,cotton
22,121,45,62.85,81.30681027,6.443785385,64.23026638,22.45942937,cotton
16,121,47,34.04,79.29573149,7.723240151,72.49800885,23.60564038,cotton
22,129,60,52.37,79.12404171,5.947448589,71.94608134,24.58453146,cotton
25,107,45,37.82,83.55546146,7.227745516,71.84080724,23.0865933,cotton
18,122,59,38.67,83.63488952,6.219469084,79.81328183,23.5000992,cotton
15,140,38,53.93,75.88298598,6.021439523,69.91563467,24.1472953,cotton
21,102,49,38.98,84.84422454,6.253343655,89.799462,24.69315538,cotton
25,111,40,60.92,84.44932014,6.187455799,90.94342484,24.484692,cotton
18,131,35,32.13,82.24415809,7.057693366,64.02949379,24.49112609,cotton
16,135,43,11.47,81.73049149,6.720449769,86.76287924,23.47986888,cotton
18,100,46,16.82,76.04203958,6.431689506,69.08056728,24.18586246,cotton
24,123,39,13.42,78.17952126,7.453106264,86.06411872,25.00755095,cotton
15,117,56,52.86,77.0543546,7.368258226,89.1188212,25.99237426,cotton
24,121,36,59.61,81.69105088,7.352401887,99.36898373,23.66457347,cotton
18,101,58,37.14,81.38103349,6.652143699,78.59595817,25.66891439,cotton
24,107,42,19.67,84.62978302,6.144631795,86.00758678,22.04612876,cotton
22,100,41,22.76,84.55794703,7.318802162,93.46595573,22.4204752,cotton
21,125,39,63.04,82.21276599,7.954629324,95.0191318,25.03149561,cotton
23,105,60,45.0,77.21705554,6.207652157,87.54004943,23.53371386,cotton
19,102,46,14.9,82.5993307,6.631005298,81.49543437,22.77076388,cotton
22,131,49,52.38,79.9751579,7.306918817,67.05961949,25.49848236,cotton
15,139,35,30.41,83.4630147,5.898293044,86.55517751,25.248679,cotton
19,108,36,58.24,77.51235009,7.238566893,64.61444234,22.78249615,cotton
23,118,45,8.6,77.43198948,7.977651226,71.67870701,23.37044424,cotton
22,107,51,39.4,78.22080815,5.983075895,79.56866268,24.86560781,cotton
17,125,60,12.01,84.51591287,6.785723961,80.36146974,24.14386157,cotton
20,113,37,55.71,79.04368718,7.393441155,97.10087029,25.03300222,cotton
16,131,52,49.67,84.47601498,6.486068274,88.54479121,23.65724079,cotton
16,115,48,36.56,84.09229796,7.175934962,88.94245493,25.54359718,cotton
25,113,38,47.06,79.47270984,7.388265888,90.42224164,22.00085141,cotton
18,111,41,42.88,78.1258666,6.10539819,80.96157332,23.64328417,cotton
19,111,53,56.22,78.02763149,6.419536555,84.63148859,23.96436009,cotton
16,122,48,8.1,75.6350708,6.307585854,61.82980133,24.65425757,cotton
17,108,46,17.14,84.87668973,6.93221485,65.0247867,24.3017998,cotton
22,132,41,50.09,81.02453404,7.810865753,90.41694635,24.29144926,cotton
17,103,42,30.08,84.61527627,6.527541661,81.05902285,24.29470232,cotton
25,133,50,53.16,81.19666206,7.569454601,99.93100821,25.72180042,cotton
18,127,37,35.48,76.30050373,7.041065585,91.9223468,24.87663664,cotton
25,110,39,45.33,77.34264002,7.208795456,75.13617229,22.60612115,cotton
19,131,38,15.55,75.68339729,6.814341946,90.4547185,23.86814008,cotton
24,108,38,13.98,76.43836957,7.442217061,78.82199603,23.41022496,cotton
17,122,40,13.88,81.31677618,6.854558957,80.03995829,24.96440768,cotton
15,111,50,12.7,80.30351815,7.884550475,84.62419032,25.16820129,cotton
17,140,40,11.6,77.07598065,6.006085786,77.55176318,22.72767171,cotton
20,100,40,14.05,76.25674874,7.432043735,86.84998693,22.45145981,cotton
16,123,50,11.76,75.53835214,6.498052108,70.65644296,23.04920461,cotton
21,107,36,19.06,75.66653335,6.205263534,62.64174227,25.29250148,cotton
19,118,50,54.35,82.33733678,6.360812227,66.48339303,22.95604064,cotton
20,103,51,61.61,84.14668447,7.046607434,91.6389565,22.80213132,cotton
19,133,57,48.7,75.98203329,7.947011366,84.12536744,23.54234715,cotton
20,129,47,63.05,80.80343786,6.281913858,98.60457373,24.41212325,cotton
19,116,52,22.43,75.37170612,6.114525877,67.08022574,22.94276687,cotton
23,114,40,60.27,81.13668716,6.753978061,95.4262599,25.53676123,cotton
17,131,60,29.81,81.79475917,7.425041316,83.46532547,25.32023717,cotton
18,107,43,44.2,81.53480799,6.745104394,65.54475812,22.426733,cotton
21,123,44,35.7,75.00539324,7.641116569,91.39578861,25.78544484,cotton
25,112,49,52.38,77.90621048,6.470135478,66.19426787,25.68959532,cotton
15,119,44,26.0,82.8597549,7.091992365,60.65381719,22.14593688,cotton
19,130,59,44.8,82.50257909,6.520403794,93.51042684,25.07278712,cotton
24,127,53,40.02,76.17851932,6.127939628,70.40557612,22.21506982,cotton
18,134,52,33.96,76.59175937,7.994679507,76.13090645,23.9643129,cotton
18,109,36,49.76,76.53237965,7.524707577,62.5138867,25.40059227,cotton
17,100,48,59.51,83.03878838,7.827877818,66.26555904,23.7805123,cotton
19,132,52,57.59,76.7433897,6.436691764,61.94626051,24.16402322,cotton
25,102,37,29.81,77.91757121,5.907930899,72.82902109,25.31468463,cotton
22,111,39,56.13,80.3509046,6.135025006,88.57395505,22.60361557,cotton
15,117,51,45.19,78.71555832,6.044556594,99.75336197,22.9535715,cotton
24,136,36,62.64,80.41198458,7.59781958,90.07326633,22.74446976,cotton
18,134,56,44.29,83.91902605,6.691268104,70.97358303,23.80834611,cotton
15,112,54,53.46,81.56641891,6.175492306,76.88582484,25.46228792,cotton
15,105,56,20.0,81.97904282,7.272316209,74.14169043,25.96779712,cotton
15,140,45,48.34,80.04662756,5.801047545,99.39557151,25.5308271,cotton
25,126,46,11.03,81.69801729,6.757457943,60.79645852,24.43847399,cotton
24,106,49,20.39,76.47039772,6.983395573,90.64770699,23.03887865,cotton
19,121,53,23.72,76.72621429,7.976889498,80.11272117,23.51308653,cotton
17,108,60,37.8,76.75768356,6.558902588,97.76600619,22.75805656,cotton
17,116,56,16.99,77.7293114,7.979090365,85.24963302,24.71252544,cotton
19,100,52,26.19,82.44777468,7.903528673,93.50153555,23.45969093,cotton
16,129,43,8.68,77.85055621,6.73210948,78.58488484,25.5503704,cotton
23,118,44,28.22,82.82904143,6.691690476,67.06459777,22.08458267,cotton
25,117,43,44.33,78.51206972,7.839849298,69.31153566,24.68854799,cotton
21,126,37,59.2,84.16855231,6.61448588,77.03421249,25.84997269,cotton
16,120,48,44.47,75.40989245,7.456971816,71.85436078,22.46054478,cotton
16,102,45,60.17,77.52425987,7.2942193,74.8984994,23.65629976,cotton
20,131,56,54.49,81.83896111,7.762647875,92.23645249,22.00817088,cotton
17,114,40,14.07,80.13456404,6.363406102,69.45072055,24.32630461,cotton
18,101,37,32.69,82.68738535,7.63737841,92.91915074,22.92360984,cotton
20,106,46,55.24,78.63388824,6.200671976,81.15072105,23.43821725,cotton
20,113,38,48.78,78.58320116,6.364729934,74.94136567,22.10718988,cotton
21,102,53,21.71,76.11021529,6.913678684,91.49697481,23.03814028,cotton
18,110,39,32.46,75.39752705,7.766259769,63.88079866,24.54795322,cotton
15,107,58,21.31,75.77503808,7.55606399,76.63669195,23.73868041,cotton
15,120,60,47.34,83.86129998,7.288377241,65.35747011,22.31871914,cotton
38,89,47,46.27,72.24850829,6.002524871,151.8869972,25.52468965,jute
39,60,37,50.01,82.94164078,6.033485257,161.2469997,26.59104992,jute
45,63,41,58.45,86.8870535,7.121933579,196.6249511,25.29781791,jute
39,86,40,24.0,88.16513579,6.207459637,175.6086697,25.72100868,jute
40,96,41,53.07,72.00460848,6.090060478,190.4242157,23.58419277,jute
36,100,35,60.9,72.01364411,6.346715209,190.5577618,25.31042337,jute
43,63,37,48.82,85.08640476,6.661957897,185.7446728,23.41798979,jute
40,70,43,14.41,88.80391021,6.176860192,169.1168028,24.35564134,jute
44,67,55,22.56,75.14640198,7.251847296,182.2685447,26.284017,jute
40,74,40,23.6,83.12053888,6.386259978,169.3388465,25.13842773,jute
44,89,53,17.68,71.91711523,7.319735475,150.2498675,24.88692811,jute
45,74,46,53.12,88.36668522,6.025028997,189.4263485,25.75734909,jute
38,89,41,33.63,74.68322732,6.344751947,199.8362913,23.12844351,jute
40,60,55,21.74,88.95692783,7.02777956,151.4935635,24.9949957,jute
38,67,43,22.74,70.88259632,7.299304715,195.8645552,25.21622704,jute
35,70,38,42.76,79.26861738,7.014063944,164.2697011,24.39736241,jute
38,74,49,12.5,71.4509053,7.488014404,164.4970373,23.31410442,jute
39,90,40,48.39,81.86171563,6.626503893,191.9649389,25.72668885,jute
44,82,35,8.06,78.21047693,6.239011,169.8391177,26.96656378,jute
37,73,45,21.67,74.63745355,6.742688094,181.2783964,23.70467146,jute
38,85,53,9.45,73.84186449,6.588017308,153.8990984,24.90075709,jute
36,81,56,39.13,72.60512854,7.097586415,174.7876411,23.39605743,jute
38,84,55,56.07,79.78725152,6.956682743,173.1017097,26.8748389,jute
42,80,45,11.5,74.99739774,7.380396262,151.9035477,23.1426498,jute
45,76,54,60.94,77.62976013,6.176618831,184.9800516,24.29496635,jute
39,76,56,64.93,89.89106506,6.551130445,197.1220049,24.39459498,jute
45,81,40,8.34,80.76238215,6.427726565,174.5071843,25.7629429,jute
45,76,44,27.04,84.48235878,6.740947635,168.7848886,25.4879684,jute
40,69,47,48.7,76.2403666,6.130136384,183.8270791,25.37122686,jute
45,82,40,33.61,81.70476368,6.667633355,180.1237765,26.21312799,jute
35,69,57,37.09,78.54340987,6.186814392,186.2337571,24.30748599,jute
38,81,36,49.0,87.98329901,6.334837865,150.3166152,23.76554749,jute
38,67,60,53.52,78.53037059,7.16214284,162.2847429,24.79853023,jute
40,72,51,25.04,74.09956958,7.422318499,199.4766779,23.20683504,jute
45,65,39,57.07,70.89000744,6.768001309,184.4633281,23.66805429,jute
43,78,50,30.87,85.72530641,6.348441469,159.5718087,25.12417673,jute
41,77,52,49.95,83.46409075,6.097294061,167.7230632,23.89069041,jute
42,89,52,58.38,81.45139295,6.14132902,196.6587013,23.09433785,jute
37,62,49,59.48,82.85284045,7.479248124,166.1365886,24.21744605,jute
45,90,48,16.05,71.31342851,6.509174789,153.6390212,24.06475727,jute
36,66,47,18.15,74.4407048,6.57256106,175.572958,24.85441411,jute
39,80,52,27.84,76.85691248,7.165696848,197.2101782,26.41915161,jute
45,89,52,26.3,77.01222585,7.207457208,196.469984,24.89326318,jute
44,77,51,56.07,82.7015932,7.124333547,166.2160846,23.25583402,jute
41,94,37,47.08,87.06071115,6.463538707,179.1630865,24.7634518,jute
35,75,41,64.38,78.62697699,6.856833064,166.6415254,24.97042599,jute
36,60,55,11.38,80.49172597,7.132389299,150.6326874,26.12797248,jute
35,62,56,29.26,81.65769588,6.235357638,163.3488091,25.97825807,jute
42,84,40,53.74,73.35763537,6.704273839,186.6898282,26.2830571,jute
40,100,56,63.38,83.31240346,7.433313409,176.1516409,26.38905406,jute
44,75,56,19.16,73.7459581,6.109478059,168.0432282,25.2746335,jute
42,78,46,8.41,78.45959697,7.095413294,155.3851533,23.09499564,jute
36,82,48,34.21,81.76904006,6.352076783,193.2418382,25.79351957,jute
41,100,58,20.46,87.88255345,6.658769991,160.6217342,23.17403323,jute
40,88,50,42.54,79.95150917,7.051822472,182.2582277,25.63215038,jute
40,67,41,34.68,87.81661683,7.333143205,152.6194403,25.848795,jute
43,72,42,31.18,80.90424543,6.352771037,181.2915605,26.56767277,jute
43,89,40,43.23,72.97198375,7.124050134,189.9711184,26.24532085,jute
43,89,57,46.41,73.19897535,6.998787171,177.2233048,26.91515043,jute
44,61,41,59.39,82.11319791,6.537914958,159.9210934,24.36972377,jute
43,79,45,14.98,79.15532398,7.171054239,187.1735424,25.71901283,jute
43,84,40,12.45,88.3313023,7.228268228,169.4168014,25.01157559,jute
35,98,43,59.94,76.44048625,7.319952206,188.6372826,25.40785911,jute
44,75,36,53.88,74.27607475,6.613341343,153.7447398,23.28081,jute
35,89,58,60.61,82.09053379,6.096838784,167.0576456,23.98651719,jute
37,91,41,44.73,83.20630007,6.132570523,192.2316221,24.48556447,jute
36,77,48,41.31,84.09985284,7.36008498,154.8390847,25.86705009,jute
35,66,58,44.59,79.46283115,7.321619041,185.25947,23.5643831,jute
41,62,59,15.8,74.89465426,7.175170657,192.4931257,24.2248758,jute
35,82,35,63.05,86.97061481,7.299076163,176.5268267,25.49386782,jute
35,61,41,47.59,79.47557931,6.842966479,195.7571622,24.97178693,jute
38,99,57,56.56,82.09281674,6.356295568,156.3616174,24.80624984,jute
43,70,42,36.5,76.66724969,6.508342839,157.1215052,23.16814977,jute
35,90,59,29.55,89.86454053,7.098227926,175.1742112,24.25133493,jute
42,73,43,16.38,78.00774772,6.310699968,154.8238864,26.58361011,jute
44,67,46,61.6,78.20392774,7.093328631,153.9199807,26.82489244,jute
42,84,37,18.9,81.13449097,6.691074249,169.9288234,25.49674786,jute
36,72,41,46.87,80.57226761,6.187746776,176.8604109,24.09874353,jute
37,71,56,12.1,86.20899734,6.491506245,176.103677,23.18866654,jute
38,64,53,47.54,78.51063754,6.855362875,183.4065252,26.24347471,jute
39,65,54,22.46,71.14782585,7.124571593,160.0889553,23.75091572,jute
37,60,58,20.24,79.1188943,6.067302109,171.4892533,26.13871511,jute
43,86,39,16.37,71.23690851,6.432051512,193.1007598,26.14576648,jute
44,90,50,37.63,73.48655995,6.253408852,171.4716375,26.91643698,jute
36,91,38,13.81,77.17331847,7.287318723,157.8548562,26.5232969,jute
38,87,48,33.86,80.94023552,7.161865733,190.312216,23.81579631,jute
36,72,41,21.9,86.84264005,6.065898283,152.9801697,26.50838667,jute
35,71,54,52.59,70.95705996,7.311077075,199.3355744,26.63952463,jute
41,82,46,8.03,79.79609448,6.581693772,187.3096148,23.3250131,jute
43,71,52,37.16,73.96164569,6.732826127,180.2513601,26.47549543,jute
43,80,43,37.35,74.36794079,6.014572075,172.6442654,23.78756036,jute
43,77,55,37.3,75.99987588,6.663559451,193.7141828,25.49941707,jute
41,95,57,39.4,73.65346838,6.434610995,184.7674863,23.24925555,jute
35,63,47,58.78,89.05587886,7.432768147,193.8778713,26.98582182,jute
38,93,43,59.99,86.14290267,6.987332927,150.2355238,23.61475336,jute
43,87,44,13.21,86.79261344,6.718725189,177.5147313,23.87484465,jute
39,88,52,49.94,88.07112278,6.880204617,154.6608736,23.92887902,jute
37,90,39,18.65,81.68688879,6.86106911,190.7886386,24.81441246,jute
43,90,39,32.77,82.286484,6.7693455,190.9684885,24.44743944,jute
43,84,38,45.31,73.81994896,7.26158085,159.3223075,26.57421679,jute
26,91,21,44.91,57.36469955,7.261313694,191.6549412,26.33377983,coffee
26,107,21,11.12,55.32222678,7.235070264,144.6861336,26.45288458,coffee
35,83,38,26.61,52.88667115,7.18915558,136.7325092,25.70822684,coffee
31,108,24,50.15,56.18107663,6.431899748,147.2757818,24.12832546,coffee
34,116,28,53.16,60.39523266,6.42321105,122.2103248,23.44372334,coffee
25,116,23,23.5,52.26994674,6.869720196,139.3670753,23.4123707,coffee
27,109,31,35.61,50.40609436,6.973839707,164.4971875,23.05951896,coffee
34,89,25,35.85,63.65861483,7.184801627,129.8765443,23.07895447,coffee
32,118,18,33.61,51.11044023,6.351823783,122.8392822,27.6496114,coffee
34,111,32,49.33,69.35161206,6.392048018,171.3764462,25.46743689,coffee
28,84,36,58.96,55.55164819,6.119892347,140.6305213,26.7350622,coffee
25,85,33,60.75,52.50987966,6.910823945,189.0944824,26.20811417,coffee
27,99,15,27.69,57.27927475,6.501157208,165.6872119,27.0424167,coffee
31,81,30,51.6,51.93952357,7.027585559,135.1386537,24.65090184,coffee
29,95,39,57.68,55.99375012,7.13411409,148.9812525,27.35152643,coffee
30,81,34,52.16,62.26244581,6.647765997,135.0119649,25.17787724,coffee
28,80,15,31.04,68.00096043,6.703270635,161.8944624,23.11438731,coffee
26,104,20,18.78,52.95261751,7.493191968,175.7260273,27.22783677,coffee
28,109,29,8.3,60.5160021,6.724688503,194.1755471,23.26316991,coffee
26,100,32,11.4,57.53161469,6.043485685,124.2261737,25.234661,coffee
28,100,24,42.11,57.72920846,7.101661011,195.7733251,25.59535262,coffee
28,83,21,57.51,60.49244602,7.466900683,190.2257843,25.5674832,coffee
28,120,23,52.81,51.29043632,6.877799264,196.2736367,25.67324193,coffee
30,104,26,11.68,62.65692638,6.410992833,148.6977358,24.40726724,coffee
31,108,33,20.54,66.76090123,7.393825704,144.6576424,23.69287069,coffee
26,91,25,63.61,66.99765375,7.482414225,180.5059257,24.53460016,coffee
27,86,26,60.97,52.89368299,6.081172981,192.4280381,27.13140403,coffee
27,98,18,52.43,68.49299897,6.516312148,167.4358075,27.56088634,coffee
31,111,27,11.52,55.27564977,6.043330951,191.3980675,23.59302313,coffee
35,84,39,38.6,52.13864034,6.959404135,117.3113562,23.17714381,coffee
27,98,27,36.12,51.29142534,7.238109556,197.6439711,24.71384065,coffee
34,118,21,30.24,64.72543073,7.234258375,119.6324109,24.38534644,coffee
31,103,27,13.22,51.59100753,6.691541233,126.1752206,27.15998538,coffee
33,82,24,16.23,67.09608099,6.809593554,120.6494434,26.53543168,coffee
35,86,31,48.89,60.76645256,6.485761419,191.4508931,27.01207284,coffee
35,88,35,32.99,58.45742907,6.784460602,117.9389993,27.55906475,coffee
29,84,27,8.55,53.00366334,7.167092586,168.2644287,23.32293161,coffee
33,120,40,34.09,54.30329632,6.73410539,115.1564012,24.23850608,coffee
30,106,40,27.54,64.10651528,6.779984384,122.6847408,23.42611644,coffee
33,113,21,42.94,55.83288958,7.277422738,176.9020924,26.02241444,coffee
25,117,34,48.84,56.7685316,7.21270048,124.4135035,24.83846178,coffee
25,80,30,60.02,65.64381357,7.487266991,148.3771202,26.24092174,coffee
27,88,21,27.61,66.02411187,7.231166546,181.6368274,24.43011925,coffee
34,113,33,18.65,62.1445102,6.559817161,153.477776,26.00373964,coffee
28,87,23,41.44,62.26594559,6.979590627,193.7461968,26.22367404,coffee
29,113,15,62.52,63.55324262,6.779230041,190.2440566,27.09617155,coffee
30,98,29,22.89,61.03273481,6.217974349,199.4735636,25.64004392,coffee
27,97,29,52.85,54.36976075,7.205078785,139.8619431,27.74576987,coffee
32,85,35,37.3,54.28617819,6.854011265,133.1120232,26.24928198,coffee
35,82,29,27.39,52.24226285,6.246872394,156.1543898,26.67377159,coffee
25,103,33,58.25,55.7497332,6.911066044,139.5013171,27.10210397,coffee
28,112,17,33.87,61.26002598,6.777417989,196.6492664,27.62975458,coffee
33,99,19,59.94,55.51673151,6.273741983,130.6377143,27.5364547,coffee
34,120,20,42.7,50.56339727,6.906124587,130.3797119,23.56960509,coffee
28,114,27,54.16,57.93250202,7.162802357,192.8736822,24.99451759,coffee
35,100,40,59.58,54.41094079,6.955787351,177.816092,27.56441788,coffee
25,108,35,11.0,61.10935084,6.971963169,161.5279095,23.98143338,coffee
30,115,31,32.47,67.37768353,6.840927967,122.4073418,24.22984659,coffee
30,87,28,31.38,68.66257977,6.536676653,168.8383605,25.60153969,coffee
26,82,24,40.74,53.57285558,6.089443603,184.4103931,24.31274458,coffee
27,94,26,11.11,52.25738495,7.456460375,177.3176161,26.36629861,coffee
35,87,28,8.33,57.1621814,6.759211911,152.0616227,26.5602777,coffee
35,118,40,23.08,58.50650238,7.460174812,121.5586297,26.35034208,coffee
29,87,38,19.06,57.88370456,6.652642579,156.1457255,25.20406808,coffee
30,92,40,59.58,55.18792166,6.026287448,171.6976946,23.35723208,coffee
26,97,22,25.37,59.68849145,6.074190142,185.1568059,23.60567546,coffee
32,99,40,56.89,69.94807345,7.045543056,163.2708732,24.18471151,coffee
33,89,28,45.68,53.83876189,6.993236001,175.3723314,26.44414097,coffee
29,112,39,34.22,63.37479229,6.726528895,147.8035305,26.12492233,coffee
26,111,28,17.56,64.47858698,6.937352845,192.7121236,27.77363343,coffee
26,114,20,33.6,62.67087838,7.27905689,193.5866233,25.55656667,coffee
30,117,26,51.18,67.96910852,7.079850922,115.2325531,27.92374437,coffee
31,111,29,55.57,52.31098539,6.136286518,161.3432535,26.05968403,coffee
28,119,30,35.52,64.57578034,6.505203696,163.6269496,26.35770906,coffee
33,116,40,20.49,54.15319242,7.042089492,129.5481144,24.91370487,coffee
35,95,37,62.35,68.4233391,6.348337519,192.4288139,27.31317116,coffee
33,86,40,34.44,52.26311691,7.432322234,136.3027766,26.1387869,coffee
32,117,37,26.34,67.06230539,6.787658922,162.5769606,23.1069385,coffee
35,105,18,12.92,68.44030686,6.743417121,171.8839938,23.52648086,coffee
25,109,23,18.89,68.48030408,7.00733163,194.8773479,25.11711046,coffee
31,80,18,64.8,58.84880599,7.303033217,134.6803969,24.02952505,coffee
26,101,31,40.71,69.71184111,6.861235184,158.8608887,26.70897548,coffee
33,103,33,28.68,50.50148528,7.131435858,126.8073984,26.71717393,coffee
27,93,26,20.79,56.46829641,7.288211994,137.7044047,24.59245684,coffee
28,104,35,54.56,50.66687215,6.983732393,143.9955548,27.51006055,coffee
25,116,36,18.04,58.52534263,6.172090205,156.6810374,27.57847581,coffee
29,107,38,24.86,57.56695719,6.35118177,145.105065,26.65069302,coffee
33,101,33,47.09,62.0183627,6.908671379,142.8610793,26.97251562,coffee
31,107,31,62.19,52.97841162,6.766184468,153.1201644,23.17124551,coffee
30,99,16,32.66,65.44340921,6.392791654,186.1728203,23.52652084,coffee
30,103,40,45.06,55.196224,6.348316257,141.4831644,27.30901814,coffee
34,118,31,9.9,62.88179198,6.123796057,181.4170812,27.54823036,coffee
35,106,21,29.7,57.04151119,7.428523634,188.5506536,25.627355,coffee
34,116,38,45.63,50.04557009,6.020947179,183.468585,23.29250318,coffee
26,97,35,32.81,53.74144743,6.334610249,166.2549307,24.91461008,coffee
32,107,34,15.09,66.4132686,6.78006386,177.7745075,26.77463708,coffee
27,99,15,45.77,56.63636248,6.086922359,127.92461,27.41711238,coffee
30,118,33,21.74,67.22512329,6.362607851,173.3228386,24.13179691,coffee
34,117,32,56.15,52.12739421,6.758792552,127.1752928,26.2724184,coffee
30,104,18,31.91,60.39647474,6.779832611,140.9370415,23.60301571,coffee
46,58,62,36.8,67.8,7.16,77.8,16.8,wheat
50,62,54,41.0,67.1,6.81,98.8,22.7,wheat
45,56,65,44.9,66.2,7.17,60.3,16.2,wheat
50,65,64,36.4,62.9,7.02,78.2,22.3,wheat
42,66,56,44.8,64.7,7.32,87.2,19.6,wheat
41,58,58,44.7,68.1,6.98,63.9,21.5,wheat
54,66,56,41.1,68.3,6.9,75.6,17.5,wheat
43,56,63,40.2,65.5,6.91,98.8,22.2,wheat
41,64,63,44.3,67.3,7.0,82.8,20.2,wheat
53,62,54,38.9,62.7,7.3,74.3,18.2,wheat
51,67,58,38.0,61.7,6.81,76.9,19.2,wheat
47,62,64,43.2,67.1,7.24,90.9,16.6,wheat
46,64,58,44.1,68.5,7.07,63.8,19.0,wheat
53,62,54,42.3,66.4,7.33,78.9,17.0,wheat
53,57,50,42.2,62.4,6.95,61.6,21.7,wheat
49,64,61,36.1,60.3,7.18,72.6,20.1,wheat
53,59,56,41.0,65.4,6.92,97.7,20.8,wheat
42,60,61,44.3,68.1,7.18,94.9,22.4,wheat
51,58,63,43.8,63.2,6.87,74.3,23.3,wheat
40,63,60,39.3,68.2,7.32,60.3,20.1,wheat
48,68,54,41.9,62.7,6.95,66.7,17.8,wheat
47,63,53,38.6,69.7,7.38,70.1,20.0,wheat
40,59,50,45.0,62.7,7.39,76.4,16.3,wheat
55,55,50,37.4,61.4,7.09,99.4,17.9,wheat
43,61,60,38.7,62.4,7.28,78.8,23.9,wheat
45,65,64,35.9,68.4,6.99,67.5,16.3,wheat
43,66,60,37.2,67.1,7.29,73.9,16.8,wheat
48,55,57,38.9,69.4,6.88,73.6,16.9,wheat
46,69,63,42.0,62.3,6.9,99.3,20.1,wheat
40,56,50,35.9,69.0,7.34,85.3,18.7,wheat
42,57,65,43.5,68.6,7.04,95.5,22.8,wheat
40,62,53,44.0,66.1,6.81,64.1,21.3,wheat
52,56,65,38.1,64.9,7.07,99.8,17.4,wheat
43,55,63,38.3,67.5,7.19,94.0,21.3,wheat
40,70,61,40.1,66.4,6.95,83.6,23.8,wheat
42,60,57,41.3,67.9,7.1,83.1,19.9,wheat
44,66,62,40.0,65.7,7.26,61.7,24.0,wheat
53,67,63,44.1,63.7,6.81,97.1,19.4,wheat
44,69,52,44.8,60.8,6.98,67.6,18.1,wheat
42,70,51,40.6,69.4,7.22,82.8,16.8,wheat
55,69,55,38.6,62.5,6.98,72.9,22.8,wheat
48,65,55,38.6,62.9,7.29,92.4,22.9,wheat
52,66,59,35.1,66.3,6.92,62.8,19.2,wheat
53,66,52,38.4,63.8,6.86,83.1,16.3,wheat
48,64,64,44.8,68.4,7.32,70.0,16.3,wheat
54,60,60,36.3,65.2,7.26,68.6,21.0,wheat
43,60,62,36.9,64.1,7.22,65.5,17.1,wheat
41,66,59,38.2,68.0,6.96,77.6,16.6,wheat
44,64,54,35.8,64.3,7.21,62.3,23.3,wheat
54,56,65,40.5,67.1,7.2,71.2,23.6,wheat
46,70,64,39.4,67.3,6.83,82.6,17.3,wheat
45,63,62,36.2,60.5,6.82,94.2,21.6,wheat
51,70,59,42.6,68.1,7.01,78.6,21.2,wheat
49,64,55,41.4,60.5,7.02,85.0,20.0,wheat
40,62,54,41.8,66.2,7.37,97.8,22.9,wheat
55,65,53,40.8,63.9,7.19,78.3,20.4,wheat
44,66,52,43.2,66.5,6.92,71.0,17.7,wheat
53,56,62,35.9,66.8,6.84,72.8,22.8,wheat
49,68,51,37.6,65.0,7.22,73.9,23.5,wheat
47,58,58,43.0,62.8,6.91,90.0,22.5,wheat
40,57,65,36.3,62.5,7.15,94.7,20.5,wheat
51,55,56,42.5,67.5,6.86,96.1,20.0,wheat
55,63,55,38.0,61.0,6.83,98.3,22.8,wheat
48,61,61,44.5,69.5,7.14,85.3,19.6,wheat
42,66,58,40.5,62.1,7.37,91.3,16.9,wheat
44,64,59,35.6,65.5,7.06,95.5,18.8,wheat
41,69,61,41.9,68.4,7.32,93.5,19.4,wheat
47,64,58,43.2,67.1,6.85,63.4,23.9,wheat
55,67,50,43.8,62.4,7.34,83.7,18.8,wheat
51,69,52,42.8,65.6,7.05,96.3,16.9,wheat
42,67,62,39.1,65.7,7.24,90.7,22.6,wheat
46,55,52,40.8,69.6,7.02,71.4,22.9,wheat
45,59,55,43.0,69.8,7.13,72.9,16.3,wheat
44,65,61,35.7,65.5,7.38,80.9,21.0,wheat
53,69,64,45.0,67.0,7.03,89.5,23.3,wheat
49,70,65,43.9,64.6,7.17,71.1,17.5,wheat
49,62,59,37.3,62.7,7.02,70.4,19.6,wheat
54,55,58,38.1,68.1,7.21,66.5,23.3,wheat
52,60,51,39.2,65.8,7.35,63.3,23.0,wheat
50,67,54,35.3,63.8,7.29,99.5,17.2,wheat
44,64,64,38.9,68.3,7.14,62.5,16.3,wheat
54,55,54,35.6,68.6,7.29,100.0,24.0,wheat
44,61,54,42.3,67.6,7.03,69.6,17.6,wheat
40,57,62,41.1,62.3,7.2,84.7,18.9,wheat
47,61,59,40.0,64.8,7.3,72.3,22.5,wheat
51,59,63,43.8,64.0,6.88,61.2,22.0,wheat
44,68,51,43.1,69.0,7.17,99.2,20.9,wheat
41,68,64,39.4,69.0,7.01,80.6,22.3,wheat
51,68,56,40.2,67.0,7.28,78.4,22.7,wheat
40,66,53,39.6,69.8,7.1,73.2,21.1,wheat
55,65,52,40.4,64.6,7.15,76.0,21.6,wheat
43,62,53,38.5,69.0,7.08,86.7,17.4,wheat
49,57,52,43.2,63.5,7.01,61.3,20.4,wheat
44,63,61,37.1,63.6,7.1,87.6,16.3,wheat
48,69,58,41.9,65.1,6.89,75.1,16.0,wheat
43,55,57,42.5,61.8,6.93,74.8,19.9,wheat
49,66,56,40.3,67.2,6.84,65.9,17.1,wheat
42,69,56,40.1,65.3,6.86,77.9,20.3,wheat
54,70,58,42.4,61.8,7.14,93.6,16.7,wheat
53,66,58,43.9,65.9,7.21,91.6,20.0,wheat
